date,year,channel,total_value,quantity,transactions,active_stores,active_products
2022-01-01,2022,In-Store,3333096.64,5554,1505,30,1701
2022-01-01,2022,Mobile App,775187.36,1311,371,30,531
2022-01-01,2022,Online,1688094.22,2664,739,30,974
2022-01-02,2022,In-Store,3185017.92,5274,1489,30,1666
2022-01-02,2022,Mobile App,958826.28,1461,407,30,589
2022-01-02,2022,Online,1782333.01,2902,771,30,980
2022-01-03,2022,In-Store,3382952.69,5437,1502,30,1643
2022-01-03,2022,Mobile App,801975.15,1324,379,30,562
2022-01-03,2022,Online,1843323.74,2918,796,30,1026
2022-01-04,2022,In-Store,3213674.29,5348,1420,30,1656
2022-01-04,2022,Mobile App,927670.51,1526,407,30,613
2022-01-04,2022,Online,1702799.97,2875,773,30,1016
2022-01-05,2022,In-Store,3207084.06,5069,1450,30,1589
2022-01-05,2022,Mobile App,939350.22,1495,401,30,589
2022-01-05,2022,Online,1683976.68,2756,762,30,997
2022-01-06,2022,In-Store,3161085.87,5306,1481,30,1575
2022-01-06,2022,Mobile App,983343.83,1523,416,30,597
2022-01-06,2022,Online,1717982.97,2635,762,30,973
2022-01-07,2022,In-Store,3302340.54,5362,1456,30,1635
2022-01-07,2022,Mobile App,831671.56,1398,399,30,593
2022-01-07,2022,Online,1804089.99,2803,788,30,1032
2022-01-08,2022,In-Store,3372209.3,5203,1498,30,1656
2022-01-08,2022,Mobile App,962505.15,1535,396,30,598
2022-01-08,2022,Online,1850920.32,2902,834,30,1034
2022-01-09,2022,In-Store,3222521.72,5037,1394,30,1597
2022-01-09,2022,Mobile App,804354.94,1279,357,30,520
2022-01-09,2022,Online,1753083.84,2933,792,30,1007
2022-01-10,2022,In-Store,3386993.94,5483,1511,30,1631
2022-01-10,2022,Mobile App,935671.87,1443,398,30,563
2022-01-10,2022,Online,1720647.36,2679,765,30,1005
2022-01-11,2022,In-Store,3429555.69,5410,1465,30,1641
2022-01-11,2022,Mobile App,953292.34,1605,439,30,636
2022-01-11,2022,Online,1847331.93,2968,842,30,1043
2022-01-12,2022,In-Store,3268455.68,5295,1434,30,1606
2022-01-12,2022,Mobile App,1016817.01,1562,425,30,612
2022-01-12,2022,Online,1911849.57,2981,799,30,1074
2022-01-13,2022,In-Store,3170948.17,5228,1448,30,1603
2022-01-13,2022,Mobile App,1004106.04,1482,388,30,584
2022-01-13,2022,Online,1694924.88,2737,748,30,1015
2022-01-14,2022,In-Store,3181630.39,5390,1490,30,1641
2022-01-14,2022,Mobile App,885794.35,1415,390,30,573
2022-01-14,2022,Online,1726320.5,2834,815,30,1032
2022-01-15,2022,In-Store,3337727.04,5461,1497,30,1647
2022-01-15,2022,Mobile App,879834.27,1397,388,30,574
2022-01-15,2022,Online,1669216.57,2712,754,30,1006
2022-01-16,2022,In-Store,3281366.67,5472,1492,30,1659
2022-01-16,2022,Mobile App,977508.75,1535,403,30,613
2022-01-16,2022,Online,1788803.83,2956,788,30,1044
2022-01-17,2022,In-Store,3329212.4,5381,1498,30,1660
2022-01-17,2022,Mobile App,1017644.87,1542,402,30,605
2022-01-17,2022,Online,1727090.8,2929,811,30,1066
2022-01-18,2022,In-Store,3412244.7,5426,1491,30,1645
2022-01-18,2022,Mobile App,1058400.11,1513,424,30,596
2022-01-18,2022,Online,1668014.88,2885,795,30,1022
2022-01-19,2022,In-Store,3522444.26,5466,1476,30,1675
2022-01-19,2022,Mobile App,887445.09,1433,403,30,575
2022-01-19,2022,Online,1742328.52,2838,770,30,1000
2022-01-20,2022,In-Store,3203806.15,5201,1450,30,1617
2022-01-20,2022,Mobile App,937275.76,1483,408,30,572
2022-01-20,2022,Online,1803572.35,2937,773,30,1022
2022-01-21,2022,In-Store,3381574.51,5587,1511,30,1670
2022-01-21,2022,Mobile App,920837.77,1442,392,30,575
2022-01-21,2022,Online,1664258.38,2796,781,30,1031
2022-01-22,2022,In-Store,3535688.4,5715,1541,30,1751
2022-01-22,2022,Mobile App,880434.24,1440,393,30,555
2022-01-22,2022,Online,1944585.45,2998,797,30,1066
2022-01-23,2022,In-Store,3133843.6,5444,1516,30,1620
2022-01-23,2022,Mobile App,869811.92,1462,387,30,607
2022-01-23,2022,Online,1552071.09,2738,776,30,1002
2022-01-24,2022,In-Store,2995875.28,5334,1421,30,1622
2022-01-24,2022,Mobile App,920745.72,1560,422,30,614
2022-01-24,2022,Online,1565008.58,2703,745,30,983
2022-01-25,2022,In-Store,3083116.93,5538,1522,30,1681
2022-01-25,2022,Mobile App,762808.4,1459,400,30,603
2022-01-25,2022,Online,1667345.13,2843,793,30,1027
2022-01-26,2022,In-Store,2871026.85,5109,1402,30,1623
2022-01-26,2022,Mobile App,788148.97,1561,417,30,580
2022-01-26,2022,Online,1594159.32,2941,777,30,1037
2022-01-27,2022,In-Store,2966221.95,5288,1438,30,1614
2022-01-27,2022,Mobile App,767189.97,1363,375,30,542
2022-01-27,2022,Online,1518534.1,2776,786,30,1008
2022-01-28,2022,In-Store,2971767.56,5279,1476,30,1620
2022-01-28,2022,Mobile App,699827.24,1243,355,30,546
2022-01-28,2022,Online,1574721.72,2641,752,30,1015
2022-01-29,2022,In-Store,3078906.54,5420,1468,30,1606
2022-01-29,2022,Mobile App,691623.1,1266,354,30,547
2022-01-29,2022,Online,1713015.0,2938,801,30,1045
2022-01-30,2022,In-Store,3345327.28,5379,1462,30,1667
2022-01-30,2022,Mobile App,902327.27,1466,401,30,609
2022-01-30,2022,Online,1883831.48,3051,839,30,1049
2022-01-31,2022,In-Store,3296541.29,5291,1431,30,1624
2022-01-31,2022,Mobile App,899274.22,1480,406,30,598
2022-01-31,2022,Online,1768325.36,2890,775,30,1010
2022-02-01,2022,In-Store,3586256.78,5670,1561,30,1724
2022-02-01,2022,Mobile App,963916.08,1478,412,30,612
2022-02-01,2022,Online,1834419.5,2930,797,30,1076
2022-02-02,2022,In-Store,3419888.62,5746,1568,30,1708
2022-02-02,2022,Mobile App,975470.7,1621,432,30,619
2022-02-02,2022,Online,1724894.69,2952,832,30,1054
2022-02-03,2022,In-Store,3567327.83,5785,1561,30,1712
2022-02-03,2022,Mobile App,885026.88,1514,419,30,614
2022-02-03,2022,Online,1763062.46,2912,835,30,1076
2022-02-04,2022,In-Store,3192722.24,5572,1530,30,1709
2022-02-04,2022,Mobile App,838369.07,1533,419,30,608
2022-02-04,2022,Online,1776265.16,3017,828,30,1080
2022-02-05,2022,In-Store,3239630.35,5462,1480,30,1653
2022-02-05,2022,Mobile App,914867.74,1580,444,30,650
2022-02-05,2022,Online,1919566.36,3218,884,30,1140
2022-02-06,2022,In-Store,3086441.02,5223,1458,30,1630
2022-02-06,2022,Mobile App,879612.0,1521,431,30,605
2022-02-06,2022,Online,1839313.21,3061,825,30,1078
2022-02-07,2022,In-Store,2928682.27,5240,1471,30,1663
2022-02-07,2022,Mobile App,862038.63,1508,406,30,602
2022-02-07,2022,Online,1624452.28,2829,786,30,1038
2022-02-08,2022,In-Store,3314424.96,5562,1571,30,1646
2022-02-08,2022,Mobile App,957750.33,1573,443,30,630
2022-02-08,2022,Online,1612660.72,2787,775,30,1038
2022-02-09,2022,In-Store,3157013.3,5377,1512,30,1662
2022-02-09,2022,Mobile App,922399.73,1619,418,30,650
2022-02-09,2022,Online,1841507.85,3175,851,30,1096
2022-02-10,2022,In-Store,3110456.15,5214,1486,30,1615
2022-02-10,2022,Mobile App,916378.77,1451,396,30,594
2022-02-10,2022,Online,1613315.65,2783,787,30,1027
2022-02-11,2022,In-Store,3004973.27,5179,1451,30,1616
2022-02-11,2022,Mobile App,902884.07,1517,438,30,608
2022-02-11,2022,Online,1817909.37,2942,825,30,1062
2022-02-12,2022,In-Store,3440757.9,5620,1579,30,1731
2022-02-12,2022,Mobile App,895147.71,1525,426,30,604
2022-02-12,2022,Online,1759486.31,2829,785,30,1004
2022-02-13,2022,In-Store,3353844.29,5622,1570,30,1704
2022-02-13,2022,Mobile App,816773.98,1392,402,30,574
2022-02-13,2022,Online,2000167.88,3226,883,30,1117
2022-02-14,2022,In-Store,3603085.57,5690,1517,30,1725
2022-02-14,2022,Mobile App,903213.36,1499,433,30,616
2022-02-14,2022,Online,1630990.36,2827,768,30,999
2022-02-15,2022,In-Store,3403661.98,5449,1513,30,1689
2022-02-15,2022,Mobile App,872703.07,1498,408,30,634
2022-02-15,2022,Online,1719999.78,2669,750,30,955
2022-02-16,2022,In-Store,3445680.1,5425,1516,30,1694
2022-02-16,2022,Mobile App,988043.8099999999,1702,447,30,649
2022-02-16,2022,Online,2063884.21,3246,852,30,1137
2022-02-17,2022,In-Store,3750944.89,5898,1574,30,1721
2022-02-17,2022,Mobile App,955721.55,1580,422,30,625
2022-02-17,2022,Online,1720140.48,2973,818,30,1043
2022-02-18,2022,In-Store,3498175.79,5473,1511,30,1689
2022-02-18,2022,Mobile App,894523.75,1515,433,30,612
2022-02-18,2022,Online,1952642.18,3073,819,30,1060
2022-02-19,2022,In-Store,3302726.42,5256,1495,30,1647
2022-02-19,2022,Mobile App,958885.76,1623,443,30,616
2022-02-19,2022,Online,1878621.27,3045,844,30,1107
2022-02-20,2022,In-Store,3571434.4,5322,1490,30,1645
2022-02-20,2022,Mobile App,864492.85,1469,391,30,603
2022-02-20,2022,Online,1851478.05,3055,850,30,1074
2022-02-21,2022,In-Store,3404948.67,5442,1513,30,1694
2022-02-21,2022,Mobile App,1054192.76,1577,424,30,613
2022-02-21,2022,Online,1700900.84,2911,796,30,1006
2022-02-22,2022,In-Store,3345675.06,5544,1547,30,1698
2022-02-22,2022,Mobile App,941768.24,1543,434,30,628
2022-02-22,2022,Online,1829515.2,2878,804,30,1010
2022-02-23,2022,In-Store,3432763.71,5432,1521,30,1649
2022-02-23,2022,Mobile App,1057252.32,1599,431,30,646
2022-02-23,2022,Online,1806092.26,2978,827,30,1082
2022-02-24,2022,In-Store,3466590.16,5530,1514,30,1648
2022-02-24,2022,Mobile App,902338.2,1400,395,30,580
2022-02-24,2022,Online,1765034.06,2902,793,30,1051
2022-02-25,2022,In-Store,3593618.84,5832,1569,30,1750
2022-02-25,2022,Mobile App,971292.26,1445,404,30,590
2022-02-25,2022,Online,1880802.57,2961,823,30,1048
2022-02-26,2022,In-Store,3339499.47,5396,1478,30,1659
2022-02-26,2022,Mobile App,1033915.0,1558,414,30,636
2022-02-26,2022,Online,1843539.48,2926,808,30,1054
2022-02-27,2022,In-Store,3431526.84,5537,1483,30,1669
2022-02-27,2022,Mobile App,937987.72,1482,412,30,623
2022-02-27,2022,Online,1811070.07,2891,790,30,1003
2022-02-28,2022,In-Store,3294698.29,5426,1553,30,1656
2022-02-28,2022,Mobile App,1123679.51,1630,460,30,651
2022-02-28,2022,Online,1734753.47,2837,801,30,1068
2022-03-01,2022,In-Store,3524899.18,5768,1655,30,1708
2022-03-01,2022,Mobile App,954938.6799999999,1610,460,30,661
2022-03-01,2022,Online,2069747.05,3192,877,30,1126
2022-03-02,2022,In-Store,3646080.87,5906,1605,30,1743
2022-03-02,2022,Mobile App,977138.32,1550,437,30,608
2022-03-02,2022,Online,1749739.8,2944,811,30,1040
2022-03-03,2022,In-Store,3671803.22,6098,1639,30,1755
2022-03-03,2022,Mobile App,848196.12,1414,411,30,583
2022-03-03,2022,Online,1941227.93,3205,881,30,1122
2022-03-04,2022,In-Store,3635565.69,5891,1647,30,1747
2022-03-04,2022,Mobile App,1083633.92,1804,480,30,702
2022-03-04,2022,Online,1916491.06,3154,895,30,1076
2022-03-05,2022,In-Store,3764281.4,6202,1719,30,1794
2022-03-05,2022,Mobile App,996583.07,1513,423,30,581
2022-03-05,2022,Online,1895051.82,2996,820,30,1078
2022-03-06,2022,In-Store,3594628.02,5992,1677,30,1763
2022-03-06,2022,Mobile App,990195.72,1655,426,30,656
2022-03-06,2022,Online,2116295.48,3382,915,30,1128
2022-03-07,2022,In-Store,3462383.18,5869,1628,30,1776
2022-03-07,2022,Mobile App,1015519.98,1593,420,30,586
2022-03-07,2022,Online,1899970.8699999999,3195,892,30,1110
2022-03-08,2022,In-Store,3789016.22,6112,1655,30,1819
2022-03-08,2022,Mobile App,949596.11,1516,440,30,626
2022-03-08,2022,Online,1990577.85,3166,877,30,1113
2022-03-09,2022,In-Store,3501171.25,5889,1631,30,1715
2022-03-09,2022,Mobile App,1024603.91,1713,430,30,629
2022-03-09,2022,Online,1904569.5,3244,905,30,1133
2022-03-10,2022,In-Store,3644543.91,5879,1641,30,1733
2022-03-10,2022,Mobile App,1218132.0,1798,471,30,688
2022-03-10,2022,Online,1919433.61,3086,864,30,1117
2022-03-11,2022,In-Store,3562937.62,5945,1659,30,1809
2022-03-11,2022,Mobile App,814321.77,1441,398,30,586
2022-03-11,2022,Online,1987747.45,3133,861,30,1105
2022-03-12,2022,In-Store,3837889.89,6218,1709,30,1809
2022-03-12,2022,Mobile App,974441.03,1600,453,30,625
2022-03-12,2022,Online,1892306.01,3086,878,30,1067
2022-03-13,2022,In-Store,3398977.44,5541,1617,30,1688
2022-03-13,2022,Mobile App,1032469.96,1586,417,30,631
2022-03-13,2022,Online,1859881.42,2990,858,30,1072
2022-03-14,2022,In-Store,3585301.08,5893,1644,30,1735
2022-03-14,2022,Mobile App,913581.24,1509,438,30,611
2022-03-14,2022,Online,2119353.16,3353,906,30,1136
2022-03-15,2022,In-Store,3780625.66,5951,1699,30,1763
2022-03-15,2022,Mobile App,1074042.58,1611,455,30,644
2022-03-15,2022,Online,1985302.14,3209,899,30,1142
2022-03-16,2022,In-Store,3714665.94,6060,1669,30,1783
2022-03-16,2022,Mobile App,1029621.4299999999,1676,478,30,699
2022-03-16,2022,Online,2152572.98,3283,907,30,1111
2022-03-17,2022,In-Store,3785649.21,5923,1635,30,1742
2022-03-17,2022,Mobile App,1064118.89,1804,461,30,716
2022-03-17,2022,Online,1938985.81,3175,882,30,1076
2022-03-18,2022,In-Store,3706286.81,6040,1658,30,1761
2022-03-18,2022,Mobile App,1032146.5,1758,463,30,658
2022-03-18,2022,Online,1933172.42,3113,884,30,1116
2022-03-19,2022,In-Store,3307469.97,5503,1557,30,1680
2022-03-19,2022,Mobile App,964421.72,1596,454,30,641
2022-03-19,2022,Online,1917039.13,3083,889,30,1082
2022-03-20,2022,In-Store,3700168.01,6186,1694,30,1834
2022-03-20,2022,Mobile App,1008979.49,1671,445,30,689
2022-03-20,2022,Online,1842080.6,3051,857,30,1104
2022-03-21,2022,In-Store,3746700.42,5942,1676,30,1778
2022-03-21,2022,Mobile App,1038930.39,1660,479,30,691
2022-03-21,2022,Online,1843976.97,3002,855,30,1057
2022-03-22,2022,In-Store,3572872.61,5929,1639,30,1758
2022-03-22,2022,Mobile App,1049722.76,1883,497,30,710
2022-03-22,2022,Online,1961514.97,3268,924,30,1130
2022-03-23,2022,In-Store,3753951.6,6241,1708,30,1815
2022-03-23,2022,Mobile App,858169.7,1470,425,30,611
2022-03-23,2022,Online,2013706.85,3274,880,30,1129
2022-03-24,2022,In-Store,3670247.0,6030,1644,30,1742
2022-03-24,2022,Mobile App,1082337.2,1685,463,30,666
2022-03-24,2022,Online,1906685.87,3165,891,30,1105
2022-03-25,2022,In-Store,3663405.09,5949,1605,30,1756
2022-03-25,2022,Mobile App,1059492.01,1751,477,30,679
2022-03-25,2022,Online,1745595.96,2980,842,30,1068
2022-03-26,2022,In-Store,3568836.14,5912,1620,30,1798
2022-03-26,2022,Mobile App,947722.19,1640,443,30,631
2022-03-26,2022,Online,1840392.96,2801,796,30,987
2022-03-27,2022,In-Store,3616919.96,5779,1567,30,1694
2022-03-27,2022,Mobile App,1002586.62,1669,440,30,649
2022-03-27,2022,Online,1751543.3,3032,849,30,1087
2022-03-28,2022,In-Store,3576209.48,5688,1603,30,1726
2022-03-28,2022,Mobile App,1102786.49,1720,472,30,654
2022-03-28,2022,Online,1904931.48,3238,902,30,1126
2022-03-29,2022,In-Store,4074966.68,6128,1722,30,1807
2022-03-29,2022,Mobile App,1010555.4400000001,1529,424,30,607
2022-03-29,2022,Online,1847450.59,3158,897,30,1119
2022-03-30,2022,In-Store,3770125.16,6002,1654,30,1758
2022-03-30,2022,Mobile App,855915.61,1406,420,30,578
2022-03-30,2022,Online,1979447.97,3187,854,30,1113
2022-03-31,2022,In-Store,3636206.24,5946,1646,30,1736
2022-03-31,2022,Mobile App,971353.41,1563,446,30,613
2022-03-31,2022,Online,1956935.73,3150,880,30,1129
2022-04-01,2022,In-Store,3776896.89,5869,1618,30,1751
2022-04-01,2022,Mobile App,953604.21,1614,449,30,633
2022-04-01,2022,Online,2117286.62,3539,936,30,1205
2022-04-02,2022,In-Store,3761086.01,6051,1697,30,1771
2022-04-02,2022,Mobile App,941167.57,1577,427,30,625
2022-04-02,2022,Online,2242870.64,3607,989,30,1229
2022-04-03,2022,In-Store,3883284.42,6100,1653,30,1748
2022-04-03,2022,Mobile App,1024362.17,1673,453,30,603
2022-04-03,2022,Online,1932562.3,3155,887,30,1093
2022-04-04,2022,In-Store,3861633.89,6318,1745,30,1884
2022-04-04,2022,Mobile App,1104693.05,1744,460,30,666
2022-04-04,2022,Online,1965915.07,3155,879,30,1092
2022-04-05,2022,In-Store,4036172.63,6190,1747,30,1837
2022-04-05,2022,Mobile App,1059735.55,1745,482,30,675
2022-04-05,2022,Online,1836632.04,3075,878,30,1081
2022-04-06,2022,In-Store,3853729.65,6193,1678,30,1840
2022-04-06,2022,Mobile App,1048753.27,1575,451,30,635
2022-04-06,2022,Online,2043081.71,3203,898,30,1144
2022-04-07,2022,In-Store,3641928.16,5903,1676,30,1818
2022-04-07,2022,Mobile App,894879.36,1477,418,30,587
2022-04-07,2022,Online,1980730.38,3247,915,30,1117
2022-04-08,2022,In-Store,3814819.34,6265,1723,30,1811
2022-04-08,2022,Mobile App,948073.66,1600,446,30,645
2022-04-08,2022,Online,2094933.89,3453,925,30,1208
2022-04-09,2022,In-Store,3784607.48,6104,1650,30,1782
2022-04-09,2022,Mobile App,982163.43,1588,457,30,630
2022-04-09,2022,Online,2170337.44,3341,941,30,1159
2022-04-10,2022,In-Store,3741874.12,5954,1651,30,1764
2022-04-10,2022,Mobile App,1080215.03,1690,443,30,628
2022-04-10,2022,Online,2215514.13,3483,961,30,1186
2022-04-11,2022,In-Store,3822404.45,5990,1653,30,1767
2022-04-11,2022,Mobile App,1007815.29,1569,451,30,641
2022-04-11,2022,Online,2027771.0,3261,913,30,1109
2022-04-12,2022,In-Store,4034020.52,6194,1749,30,1827
2022-04-12,2022,Mobile App,956576.19,1591,451,30,640
2022-04-12,2022,Online,2077349.09,3495,951,30,1185
2022-04-13,2022,In-Store,3903050.43,6131,1729,30,1835
2022-04-13,2022,Mobile App,1049849.37,1766,495,30,696
2022-04-13,2022,Online,2145380.71,3424,946,30,1163
2022-04-14,2022,In-Store,3692284.54,5869,1599,30,1717
2022-04-14,2022,Mobile App,1139509.73,1784,482,30,727
2022-04-14,2022,Online,1978112.32,3250,864,30,1131
2022-04-15,2022,In-Store,3600394.94,6120,1627,30,1810
2022-04-15,2022,Mobile App,1044593.65,1709,460,30,657
2022-04-15,2022,Online,2008405.51,3295,927,30,1115
2022-04-16,2022,In-Store,4060022.95,6449,1750,30,1901
2022-04-16,2022,Mobile App,1038465.83,1583,440,30,646
2022-04-16,2022,Online,2220171.2,3401,929,30,1151
2022-04-17,2022,In-Store,3680305.87,6171,1662,30,1784
2022-04-17,2022,Mobile App,1152278.96,1775,481,30,688
2022-04-17,2022,Online,1943810.3,3170,897,30,1128
2022-04-18,2022,In-Store,3692360.0,6043,1680,30,1792
2022-04-18,2022,Mobile App,981597.2,1695,462,30,684
2022-04-18,2022,Online,2017492.42,3366,921,30,1176
2022-04-19,2022,In-Store,3730718.79,6124,1689,30,1804
2022-04-19,2022,Mobile App,1023155.24,1640,469,30,637
2022-04-19,2022,Online,2050320.13,3367,904,30,1154
2022-04-20,2022,In-Store,3862882.31,6157,1668,30,1755
2022-04-20,2022,Mobile App,1027536.47,1673,435,30,635
2022-04-20,2022,Online,1920374.27,3062,863,30,1107
2022-04-21,2022,In-Store,3737754.77,6077,1677,30,1765
2022-04-21,2022,Mobile App,1006381.08,1644,454,30,661
2022-04-21,2022,Online,1949832.78,3207,873,30,1157
2022-04-22,2022,In-Store,3636624.01,5894,1655,30,1758
2022-04-22,2022,Mobile App,980181.85,1653,468,30,667
2022-04-22,2022,Online,1930623.74,3177,900,30,1125
2022-04-23,2022,In-Store,3587657.55,5725,1627,30,1763
2022-04-23,2022,Mobile App,1020481.48,1651,450,30,648
2022-04-23,2022,Online,2023293.69,3284,889,30,1138
2022-04-24,2022,In-Store,4002854.02,6433,1767,30,1859
2022-04-24,2022,Mobile App,1067440.39,1600,444,30,629
2022-04-24,2022,Online,2071800.61,3275,925,30,1155
2022-04-25,2022,In-Store,3419383.49,5773,1635,30,1719
2022-04-25,2022,Mobile App,953995.59,1620,423,30,645
2022-04-25,2022,Online,1826320.59,2977,846,30,1107
2022-04-26,2022,In-Store,3663004.12,5973,1638,30,1793
2022-04-26,2022,Mobile App,1021255.65,1586,452,30,631
2022-04-26,2022,Online,2146404.64,3297,916,30,1172
2022-04-27,2022,In-Store,3794393.51,6239,1683,30,1849
2022-04-27,2022,Mobile App,1048445.97,1738,492,30,654
2022-04-27,2022,Online,1986707.67,3172,877,30,1063
2022-04-28,2022,In-Store,3577525.53,5961,1644,30,1715
2022-04-28,2022,Mobile App,1037596.58,1692,447,30,672
2022-04-28,2022,Online,1999070.41,3334,909,30,1145
2022-04-29,2022,In-Store,3796880.19,6189,1684,30,1842
2022-04-29,2022,Mobile App,962257.07,1589,453,30,654
2022-04-29,2022,Online,2009020.75,3104,858,30,1076
2022-04-30,2022,In-Store,3839826.37,5981,1639,30,1810
2022-04-30,2022,Mobile App,973014.92,1670,473,30,651
2022-04-30,2022,Online,1992289.33,3130,897,30,1108
2022-05-01,2022,In-Store,4010838.01,6393,1751,30,1822
2022-05-01,2022,Mobile App,1093819.41,1731,486,30,651
2022-05-01,2022,Online,2158494.34,3501,940,30,1233
2022-05-02,2022,In-Store,3807904.52,6056,1670,30,1784
2022-05-02,2022,Mobile App,1151506.22,1826,488,30,701
2022-05-02,2022,Online,1889478.21,3305,935,30,1142
2022-05-03,2022,In-Store,4160936.97,6654,1760,30,1910
2022-05-03,2022,Mobile App,1150240.29,1792,506,30,716
2022-05-03,2022,Online,2092774.58,3200,907,30,1124
2022-05-04,2022,In-Store,3806892.22,6254,1742,30,1852
2022-05-04,2022,Mobile App,1144939.13,1739,486,30,696
2022-05-04,2022,Online,2055362.07,3347,928,30,1132
2022-05-05,2022,In-Store,3737074.9899999998,6019,1709,30,1754
2022-05-05,2022,Mobile App,1063459.45,1674,484,30,664
2022-05-05,2022,Online,1982394.22,3289,928,30,1136
2022-05-06,2022,In-Store,3912430.94,6128,1708,30,1825
2022-05-06,2022,Mobile App,1032334.26,1634,469,30,648
2022-05-06,2022,Online,2000516.34,3335,909,30,1128
2022-05-07,2022,In-Store,3875394.6,6303,1737,30,1840
2022-05-07,2022,Mobile App,1006084.78,1669,461,30,651
2022-05-07,2022,Online,2200956.72,3398,945,30,1154
2022-05-08,2022,In-Store,3910072.11,6421,1757,30,1857
2022-05-08,2022,Mobile App,1008849.71,1636,448,30,637
2022-05-08,2022,Online,2070815.48,3387,949,30,1173
2022-05-09,2022,In-Store,3837612.15,6120,1641,30,1806
2022-05-09,2022,Mobile App,1047385.44,1779,473,30,690
2022-05-09,2022,Online,2226026.35,3478,912,30,1170
2022-05-10,2022,In-Store,3820071.99,6278,1774,30,1872
2022-05-10,2022,Mobile App,1041072.51,1632,454,30,657
2022-05-10,2022,Online,2108543.85,3414,935,30,1185
2022-05-11,2022,In-Store,3692762.9,6143,1730,30,1776
2022-05-11,2022,Mobile App,1090956.16,1603,449,30,637
2022-05-11,2022,Online,2055842.83,3401,931,30,1162
2022-05-12,2022,In-Store,3808267.81,6203,1677,30,1822
2022-05-12,2022,Mobile App,1075485.01,1739,464,30,687
2022-05-12,2022,Online,2144000.28,3383,927,30,1182
2022-05-13,2022,In-Store,3956547.54,6427,1786,30,1899
2022-05-13,2022,Mobile App,1071589.17,1700,450,30,643
2022-05-13,2022,Online,2189678.2,3443,948,30,1217
2022-05-14,2022,In-Store,3741686.36,6301,1727,30,1838
2022-05-14,2022,Mobile App,1134883.19,1728,480,30,679
2022-05-14,2022,Online,1866175.3,3094,877,30,1085
2022-05-15,2022,In-Store,3690716.01,5899,1639,30,1725
2022-05-15,2022,Mobile App,953571.36,1662,456,30,651
2022-05-15,2022,Online,2055916.69,3290,935,30,1131
2022-05-16,2022,In-Store,4366334.16,6943,1838,30,1909
2022-05-16,2022,Mobile App,1127870.2,1789,492,30,705
2022-05-16,2022,Online,1851051.56,3005,882,30,1081
2022-05-17,2022,In-Store,3934227.34,6311,1744,30,1831
2022-05-17,2022,Mobile App,979864.68,1615,464,30,651
2022-05-17,2022,Online,2213559.21,3623,952,30,1216
2022-05-18,2022,In-Store,3604266.84,5916,1657,30,1775
2022-05-18,2022,Mobile App,1038842.49,1718,457,30,693
2022-05-18,2022,Online,2063416.69,3406,928,30,1176
2022-05-19,2022,In-Store,3887558.04,6402,1729,30,1883
2022-05-19,2022,Mobile App,1169961.51,1737,484,30,702
2022-05-19,2022,Online,1826998.84,3257,896,30,1165
2022-05-20,2022,In-Store,3801624.25,6297,1714,30,1856
2022-05-20,2022,Mobile App,1174245.57,1758,459,30,682
2022-05-20,2022,Online,2124589.75,3312,902,30,1137
2022-05-21,2022,In-Store,4051680.42,6279,1711,30,1808
2022-05-21,2022,Mobile App,1043010.1,1662,458,30,656
2022-05-21,2022,Online,2129862.66,3433,945,30,1165
2022-05-22,2022,In-Store,3751542.4899999998,6164,1709,30,1781
2022-05-22,2022,Mobile App,1075143.59,1702,480,30,718
2022-05-22,2022,Online,2163959.65,3331,933,30,1140
2022-05-23,2022,In-Store,4142580.94,6493,1798,30,1910
2022-05-23,2022,Mobile App,1085060.2,1691,461,30,659
2022-05-23,2022,Online,2211036.45,3391,942,30,1141
2022-05-24,2022,In-Store,3960944.81,6337,1786,30,1814
2022-05-24,2022,Mobile App,1062706.52,1712,450,30,670
2022-05-24,2022,Online,2045121.24,3296,911,30,1153
2022-05-25,2022,In-Store,3802896.47,6287,1672,30,1804
2022-05-25,2022,Mobile App,1191897.43,1803,483,30,714
2022-05-25,2022,Online,2219857.27,3557,960,30,1206
2022-05-26,2022,In-Store,3950140.31,6287,1710,30,1858
2022-05-26,2022,Mobile App,1026542.46,1674,473,30,663
2022-05-26,2022,Online,2006998.85,3376,908,30,1136
2022-05-27,2022,In-Store,4077809.45,6407,1747,30,1853
2022-05-27,2022,Mobile App,1027601.59,1559,447,30,628
2022-05-27,2022,Online,2051072.84,3293,905,30,1109
2022-05-28,2022,In-Store,2229169.45,6368,1766,30,1823
2022-05-28,2022,Mobile App,565762.89,1663,475,30,682
2022-05-28,2022,Online,1108451.23,3121,891,30,1093
2022-05-29,2022,In-Store,2265051.77,6371,1735,30,1826
2022-05-29,2022,Mobile App,608719.47,1739,471,30,684
2022-05-29,2022,Online,1179469.11,3336,935,30,1121
2022-05-30,2022,In-Store,2199842.25,6161,1656,30,1837
2022-05-30,2022,Mobile App,614151.52,1636,442,30,616
2022-05-30,2022,Online,1194772.55,3346,928,30,1142
2022-05-31,2022,In-Store,2286669.19,6405,1750,30,1858
2022-05-31,2022,Mobile App,491090.93,1494,436,30,610
2022-05-31,2022,Online,1133590.69,3255,884,30,1130
2022-06-01,2022,In-Store,2373675.45,6559,1811,30,1900
2022-06-01,2022,Mobile App,582261.36,1722,464,30,673
2022-06-01,2022,Online,1250686.88,3557,970,30,1224
2022-06-02,2022,In-Store,2177404.91,6262,1759,30,1844
2022-06-02,2022,Mobile App,733289.56,1915,517,30,726
2022-06-02,2022,Online,1280128.98,3602,964,30,1223
2022-06-03,2022,In-Store,2357332.23,6548,1797,30,1873
2022-06-03,2022,Mobile App,587616.0,1663,471,30,646
2022-06-03,2022,Online,1265062.17,3565,968,30,1199
2022-06-04,2022,In-Store,2184745.21,6273,1733,30,1813
2022-06-04,2022,Mobile App,636552.91,1801,490,30,700
2022-06-04,2022,Online,1342439.38,3680,969,30,1201
2022-06-05,2022,In-Store,2262605.42,6346,1758,30,1796
2022-06-05,2022,Mobile App,567805.72,1634,453,30,647
2022-06-05,2022,Online,1206327.78,3415,949,30,1204
2022-06-06,2022,In-Store,2362011.75,6394,1771,30,1881
2022-06-06,2022,Mobile App,680225.9,1929,528,30,731
2022-06-06,2022,Online,1183229.46,3390,947,30,1172
2022-06-07,2022,In-Store,2422852.56,6663,1782,30,1842
2022-06-07,2022,Mobile App,595875.25,1644,468,30,679
2022-06-07,2022,Online,1257825.75,3639,1005,30,1260
2022-06-08,2022,In-Store,2269979.11,6561,1809,30,1928
2022-06-08,2022,Mobile App,710390.6,2019,526,30,758
2022-06-08,2022,Online,1289037.32,3549,968,30,1189
2022-06-09,2022,In-Store,2218344.1,6282,1760,30,1848
2022-06-09,2022,Mobile App,672056.41,1865,500,30,693
2022-06-09,2022,Online,1311017.28,3656,998,30,1205
2022-06-10,2022,In-Store,2390493.66,6569,1783,30,1894
2022-06-10,2022,Mobile App,680214.91,1921,516,30,711
2022-06-10,2022,Online,1200162.75,3464,951,30,1183
2022-06-11,2022,In-Store,2371386.98,6586,1801,30,1914
2022-06-11,2022,Mobile App,710358.8,1959,554,30,768
2022-06-11,2022,Online,1313805.39,3695,965,30,1238
2022-06-12,2022,In-Store,2256051.23,6541,1765,30,1901
2022-06-12,2022,Mobile App,684457.53,1853,496,30,725
2022-06-12,2022,Online,1250830.2,3474,970,30,1173
2022-06-13,2022,In-Store,2323821.35,6463,1828,30,1871
2022-06-13,2022,Mobile App,601247.58,1690,471,30,695
2022-06-13,2022,Online,1240966.07,3551,982,30,1239
2022-06-14,2022,In-Store,2422312.12,6635,1811,30,1931
2022-06-14,2022,Mobile App,638457.04,1730,477,30,675
2022-06-14,2022,Online,1226457.35,3539,966,30,1206
2022-06-15,2022,In-Store,2302818.51,6479,1809,30,1867
2022-06-15,2022,Mobile App,647008.46,1749,475,30,661
2022-06-15,2022,Online,1252953.99,3449,986,30,1212
2022-06-16,2022,In-Store,2291465.84,6556,1833,30,1925
2022-06-16,2022,Mobile App,614510.92,1737,482,30,671
2022-06-16,2022,Online,1276102.1,3513,991,30,1225
2022-06-17,2022,In-Store,2334593.78,6558,1779,30,1850
2022-06-17,2022,Mobile App,614469.09,1734,499,30,675
2022-06-17,2022,Online,1181764.07,3337,925,30,1155
2022-06-18,2022,In-Store,2170553.09,6312,1738,30,1834
2022-06-18,2022,Mobile App,570996.19,1724,503,30,676
2022-06-18,2022,Online,1295304.72,3731,1004,30,1267
2022-06-19,2022,In-Store,4214988.84,6590,1800,30,1869
2022-06-19,2022,Mobile App,1118826.49,1751,465,30,670
2022-06-19,2022,Online,2189440.28,3474,963,30,1195
2022-06-20,2022,In-Store,4280925.54,6706,1801,30,1881
2022-06-20,2022,Mobile App,1153225.1,1821,499,30,706
2022-06-20,2022,Online,2129377.46,3386,922,30,1186
2022-06-21,2022,In-Store,4132710.08,6474,1784,30,1868
2022-06-21,2022,Mobile App,992417.93,1615,454,30,644
2022-06-21,2022,Online,2390287.56,3803,1040,30,1246
2022-06-22,2022,In-Store,3901533.27,6332,1749,30,1859
2022-06-22,2022,Mobile App,1126641.48,1908,520,30,735
2022-06-22,2022,Online,2081234.27,3354,971,30,1190
2022-06-23,2022,In-Store,3857586.56,6295,1730,30,1780
2022-06-23,2022,Mobile App,1169801.62,1891,502,30,715
2022-06-23,2022,Online,2174493.15,3461,990,30,1219
2022-06-24,2022,In-Store,3988207.46,6353,1772,30,1831
2022-06-24,2022,Mobile App,1117334.11,1775,467,30,679
2022-06-24,2022,Online,1897168.74,3311,882,30,1168
2022-06-25,2022,In-Store,3954495.19,6379,1780,30,1891
2022-06-25,2022,Mobile App,1114195.88,1771,494,30,696
2022-06-25,2022,Online,2167032.91,3494,963,30,1184
2022-06-26,2022,In-Store,4120359.79,6451,1777,30,1828
2022-06-26,2022,Mobile App,1052466.93,1683,491,30,638
2022-06-26,2022,Online,2174451.94,3545,980,30,1228
2022-06-27,2022,In-Store,4089619.28,6573,1816,30,1911
2022-06-27,2022,Mobile App,1120513.2,1676,479,30,673
2022-06-27,2022,Online,2208911.93,3501,978,30,1222
2022-06-28,2022,In-Store,3846714.71,6227,1710,30,1817
2022-06-28,2022,Mobile App,1085553.1,1713,482,30,667
2022-06-28,2022,Online,2236604.99,3607,979,30,1223
2022-06-29,2022,In-Store,3759912.18,6199,1701,30,1815
2022-06-29,2022,Mobile App,1097825.26,1834,527,30,725
2022-06-29,2022,Online,2199059.87,3445,956,30,1169
2022-06-30,2022,In-Store,4054702.84,6479,1781,30,1893
2022-06-30,2022,Mobile App,1017518.56,1574,443,30,631
2022-06-30,2022,Online,2038604.94,3485,961,30,1226
2022-07-01,2022,In-Store,3686468.91,6023,1653,30,1781
2022-07-01,2022,Mobile App,1042052.18,1582,429,30,620
2022-07-01,2022,Online,2013701.99,3211,905,30,1125
2022-07-02,2022,In-Store,4037599.31,6158,1720,30,1821
2022-07-02,2022,Mobile App,912694.62,1555,426,30,622
2022-07-02,2022,Online,2078226.57,3362,944,30,1198
2022-07-03,2022,In-Store,3683794.11,5939,1677,30,1792
2022-07-03,2022,Mobile App,946410.94,1642,456,30,647
2022-07-03,2022,Online,1781596.0,3112,889,30,1074
2022-07-04,2022,In-Store,3587099.86,5807,1618,30,1763
2022-07-04,2022,Mobile App,951220.46,1683,463,30,674
2022-07-04,2022,Online,1883041.73,3032,836,30,1073
2022-07-05,2022,In-Store,3578216.92,5829,1614,30,1760
2022-07-05,2022,Mobile App,931764.64,1586,452,30,642
2022-07-05,2022,Online,2045057.97,3317,918,30,1159
2022-07-06,2022,In-Store,3568095.3,5844,1602,30,1735
2022-07-06,2022,Mobile App,1074976.2,1705,465,30,679
2022-07-06,2022,Online,1866992.07,3162,848,30,1084
2022-07-07,2022,In-Store,3495318.02,5687,1582,30,1749
2022-07-07,2022,Mobile App,1154031.3,1766,477,30,684
2022-07-07,2022,Online,2073740.14,3419,925,30,1123
2022-07-08,2022,In-Store,3581429.52,5734,1614,30,1716
2022-07-08,2022,Mobile App,1012877.43,1595,445,30,617
2022-07-08,2022,Online,1997152.16,3196,865,30,1086
2022-07-09,2022,In-Store,3524574.72,5822,1608,30,1745
2022-07-09,2022,Mobile App,1025354.21,1751,492,30,690
2022-07-09,2022,Online,1810583.1,3145,854,30,1102
2022-07-10,2022,In-Store,3589579.61,5963,1616,30,1716
2022-07-10,2022,Mobile App,1019446.69,1570,434,30,616
2022-07-10,2022,Online,1916478.27,3198,895,30,1115
2022-07-11,2022,In-Store,3888664.8,6352,1746,30,1862
2022-07-11,2022,Mobile App,1074651.42,1711,447,30,673
2022-07-11,2022,Online,1911926.66,3060,852,30,1035
2022-07-12,2022,In-Store,3551023.03,5983,1643,30,1760
2022-07-12,2022,Mobile App,955609.86,1536,437,30,620
2022-07-12,2022,Online,1854209.3699999999,3123,858,30,1100
2022-07-13,2022,In-Store,3736568.63,6039,1640,30,1792
2022-07-13,2022,Mobile App,1015595.49,1630,447,30,650
2022-07-13,2022,Online,1934613.38,3049,840,30,1069
2022-07-14,2022,In-Store,3660881.03,5846,1649,30,1753
2022-07-14,2022,Mobile App,923671.99,1526,421,30,596
2022-07-14,2022,Online,2093231.92,3271,887,30,1120
2022-07-15,2022,In-Store,3403296.99,5754,1576,30,1724
2022-07-15,2022,Mobile App,907503.71,1537,432,30,595
2022-07-15,2022,Online,1952757.54,3259,889,30,1093
2022-07-16,2022,In-Store,3365412.43,5788,1620,30,1782
2022-07-16,2022,Mobile App,991298.8,1671,467,30,670
2022-07-16,2022,Online,2014295.48,3256,866,30,1074
2022-07-17,2022,In-Store,3924411.76,6278,1722,30,1818
2022-07-17,2022,Mobile App,1040355.76,1662,450,30,658
2022-07-17,2022,Online,1980264.35,3081,871,30,1135
2022-07-18,2022,In-Store,3673591.0,5792,1539,30,1713
2022-07-18,2022,Mobile App,984520.53,1664,469,30,657
2022-07-18,2022,Online,1936908.56,3321,902,30,1142
2022-07-19,2022,In-Store,3807969.42,6134,1674,30,1813
2022-07-19,2022,Mobile App,994785.28,1651,437,30,611
2022-07-19,2022,Online,1823012.34,3134,848,30,1101
2022-07-20,2022,In-Store,3545860.9,5985,1646,30,1783
2022-07-20,2022,Mobile App,954305.4,1497,406,30,590
2022-07-20,2022,Online,2180673.16,3579,944,30,1194
2022-07-21,2022,In-Store,3613571.18,6075,1691,30,1777
2022-07-21,2022,Mobile App,1011356.39,1615,452,30,640
2022-07-21,2022,Online,1813509.44,3043,845,30,1070
2022-07-22,2022,In-Store,3533577.25,5859,1649,30,1730
2022-07-22,2022,Mobile App,949165.68,1489,423,30,621
2022-07-22,2022,Online,1832571.17,3166,861,30,1088
2022-07-23,2022,In-Store,3639325.14,6020,1715,30,1802
2022-07-23,2022,Mobile App,1062749.92,1698,453,30,671
2022-07-23,2022,Online,2174319.62,3325,896,30,1137
2022-07-24,2022,In-Store,3657839.94,5903,1624,30,1745
2022-07-24,2022,Mobile App,1050447.79,1627,443,30,630
2022-07-24,2022,Online,1883400.48,2943,830,30,1048
2022-07-25,2022,In-Store,3758601.83,5983,1646,30,1785
2022-07-25,2022,Mobile App,1156734.59,1738,468,30,676
2022-07-25,2022,Online,2039429.1199999999,3240,876,30,1147
2022-07-26,2022,In-Store,3561091.95,5712,1580,30,1706
2022-07-26,2022,Mobile App,1049492.38,1649,442,30,622
2022-07-26,2022,Online,1886411.81,3013,856,30,1071
2022-07-27,2022,In-Store,3759488.73,6014,1651,30,1765
2022-07-27,2022,Mobile App,1021253.98,1616,444,30,633
2022-07-27,2022,Online,2051181.06,3201,855,30,1119
2022-07-28,2022,In-Store,3891173.39,6141,1689,30,1749
2022-07-28,2022,Mobile App,989871.98,1560,439,30,638
2022-07-28,2022,Online,1837675.53,3161,883,30,1103
2022-07-29,2022,In-Store,3457387.01,5505,1544,30,1679
2022-07-29,2022,Mobile App,937569.27,1619,463,30,652
2022-07-29,2022,Online,2146317.6,3356,941,30,1156
2022-07-30,2022,In-Store,3895631.41,6184,1692,30,1782
2022-07-30,2022,Mobile App,900126.82,1452,413,30,589
2022-07-30,2022,Online,1886585.47,2962,840,30,1051
2022-07-31,2022,In-Store,3692530.6,5889,1673,30,1711
2022-07-31,2022,Mobile App,1003622.78,1531,421,30,623
2022-07-31,2022,Online,1926880.55,3139,877,30,1088
2022-08-01,2022,In-Store,4298309.55,6985,1862,30,1983
2022-08-01,2022,Mobile App,1117758.49,1858,467,30,723
2022-08-01,2022,Online,2421196.09,3630,1012,30,1254
2022-08-02,2022,In-Store,4033015.13,6654,1840,30,1905
2022-08-02,2022,Mobile App,1090085.95,1755,488,30,697
2022-08-02,2022,Online,2245408.17,3640,986,30,1227
2022-08-03,2022,In-Store,3995534.56,6480,1741,30,1852
2022-08-03,2022,Mobile App,1131349.52,1828,496,30,712
2022-08-03,2022,Online,2348390.2,3617,971,30,1221
2022-08-04,2022,In-Store,4088130.22,6736,1770,30,1947
2022-08-04,2022,Mobile App,1031750.06,1669,469,30,656
2022-08-04,2022,Online,2239553.25,3479,952,30,1188
2022-08-05,2022,In-Store,4081147.06,6424,1776,30,1865
2022-08-05,2022,Mobile App,1120018.69,1831,511,30,708
2022-08-05,2022,Online,2149328.54,3470,944,30,1196
2022-08-06,2022,In-Store,4139689.61,6453,1755,30,1876
2022-08-06,2022,Mobile App,1121058.44,1700,472,30,695
2022-08-06,2022,Online,1990881.22,3482,961,30,1194
2022-08-07,2022,In-Store,4058289.62,6687,1855,30,1940
2022-08-07,2022,Mobile App,1090123.57,1858,485,30,705
2022-08-07,2022,Online,2228649.94,3410,940,30,1156
2022-08-08,2022,In-Store,3962262.5,6445,1779,30,1873
2022-08-08,2022,Mobile App,1058447.18,1680,483,30,673
2022-08-08,2022,Online,2118960.6,3329,957,30,1191
2022-08-09,2022,In-Store,3793063.25,6268,1737,30,1848
2022-08-09,2022,Mobile App,1037810.4400000001,1652,469,30,642
2022-08-09,2022,Online,2042979.21,3480,977,30,1198
2022-08-10,2022,In-Store,4231045.75,6584,1783,30,1850
2022-08-10,2022,Mobile App,1148794.39,1801,484,30,709
2022-08-10,2022,Online,2247719.8,3629,978,30,1249
2022-08-11,2022,In-Store,4133095.69,6620,1805,30,1908
2022-08-11,2022,Mobile App,1147266.93,1804,496,30,704
2022-08-11,2022,Online,2105168.85,3254,920,30,1131
2022-08-12,2022,In-Store,3938057.94,6472,1770,30,1841
2022-08-12,2022,Mobile App,1097927.72,1798,493,30,683
2022-08-12,2022,Online,2126325.23,3386,917,30,1185
2022-08-13,2022,In-Store,4041763.95,6381,1785,30,1825
2022-08-13,2022,Mobile App,1075269.92,1834,495,30,693
2022-08-13,2022,Online,2095514.44,3400,954,30,1174
2022-08-14,2022,In-Store,4080468.38,6622,1828,30,1902
2022-08-14,2022,Mobile App,1091063.9,1750,489,30,669
2022-08-14,2022,Online,2454729.37,3678,990,30,1216
2022-08-15,2022,In-Store,3997314.23,6186,1741,30,1819
2022-08-15,2022,Mobile App,958180.97,1667,489,30,677
2022-08-15,2022,Online,2090319.46,3564,982,30,1245
2022-08-16,2022,In-Store,4163147.99,6751,1858,30,1907
2022-08-16,2022,Mobile App,1093917.54,1806,503,30,691
2022-08-16,2022,Online,2070806.05,3272,917,30,1124
2022-08-17,2022,In-Store,4243649.15,6569,1791,30,1879
2022-08-17,2022,Mobile App,999087.93,1705,487,30,669
2022-08-17,2022,Online,2058180.67,3389,955,30,1188
2022-08-18,2022,In-Store,4127643.84,6676,1786,30,1867
2022-08-18,2022,Mobile App,1165077.37,1829,488,30,693
2022-08-18,2022,Online,2206027.35,3579,998,30,1239
2022-08-19,2022,In-Store,4054279.01,6826,1815,30,1951
2022-08-19,2022,Mobile App,1150267.24,1840,537,30,720
2022-08-19,2022,Online,2326202.86,3703,982,30,1248
2022-08-20,2022,In-Store,4360120.04,6872,1884,30,1959
2022-08-20,2022,Mobile App,1085074.48,1692,468,30,670
2022-08-20,2022,Online,2256845.9,3678,1000,30,1227
2022-08-21,2022,In-Store,4076338.58,6630,1829,30,1881
2022-08-21,2022,Mobile App,1048119.52,1734,483,30,704
2022-08-21,2022,Online,2308336.15,3619,1032,30,1239
2022-08-22,2022,In-Store,3953658.63,6494,1799,30,1837
2022-08-22,2022,Mobile App,1141079.34,1853,496,30,719
2022-08-22,2022,Online,2209783.57,3571,966,30,1241
2022-08-23,2022,In-Store,4018409.24,6491,1826,30,1863
2022-08-23,2022,Mobile App,1206180.99,1842,506,30,742
2022-08-23,2022,Online,2284994.85,3512,948,30,1220
2022-08-24,2022,In-Store,4015024.37,6425,1801,30,1891
2022-08-24,2022,Mobile App,1212166.81,1888,533,30,750
2022-08-24,2022,Online,2021688.95,3375,910,30,1155
2022-08-25,2022,In-Store,4140944.18,6539,1806,30,1900
2022-08-25,2022,Mobile App,1078298.55,1791,506,30,717
2022-08-25,2022,Online,2226175.26,3467,959,30,1190
2022-08-26,2022,In-Store,4225837.22,6794,1833,30,1912
2022-08-26,2022,Mobile App,1049772.69,1711,468,30,634
2022-08-26,2022,Online,2110113.89,3502,990,30,1200
2022-08-27,2022,In-Store,3770707.18,6670,1823,30,1924
2022-08-27,2022,Mobile App,879590.22,1596,469,30,638
2022-08-27,2022,Online,1943756.62,3460,952,30,1183
2022-08-28,2022,In-Store,3636637.98,6452,1815,30,1901
2022-08-28,2022,Mobile App,905255.38,1639,458,30,680
2022-08-28,2022,Online,2004536.53,3568,968,30,1213
2022-08-29,2022,In-Store,3822368.57,6681,1858,30,1922
2022-08-29,2022,Mobile App,1032618.83,1835,511,30,719
2022-08-29,2022,Online,2211356.74,3680,1004,30,1227
2022-08-30,2022,In-Store,3595606.69,6453,1790,30,1831
2022-08-30,2022,Mobile App,952946.19,1758,487,30,702
2022-08-30,2022,Online,2005968.04,3535,985,30,1211
2022-08-31,2022,In-Store,3584604.73,6467,1827,30,1894
2022-08-31,2022,Mobile App,995412.76,1758,478,30,708
2022-08-31,2022,Online,2162348.29,3706,1003,30,1245
2022-09-01,2022,In-Store,3906176.34,7075,1915,30,1967
2022-09-01,2022,Mobile App,1100633.1,1922,497,30,738
2022-09-01,2022,Online,1997396.78,3428,977,30,1179
2022-09-02,2022,In-Store,3822190.3,6779,1878,30,1919
2022-09-02,2022,Mobile App,956890.41,1769,499,30,697
2022-09-02,2022,Online,2252389.94,3818,1057,30,1268
2022-09-03,2022,In-Store,3757943.77,6584,1846,30,1953
2022-09-03,2022,Mobile App,1009544.16,1813,488,30,691
2022-09-03,2022,Online,2097055.07,3734,1035,30,1253
2022-09-04,2022,In-Store,3664336.55,6774,1845,30,1940
2022-09-04,2022,Mobile App,961500.4,1725,470,30,698
2022-09-04,2022,Online,2018887.77,3563,951,30,1202
2022-09-05,2022,In-Store,3908633.63,7083,1964,30,2017
2022-09-05,2022,Mobile App,1033727.05,1808,507,30,723
2022-09-05,2022,Online,2086098.97,3563,996,30,1237
2022-09-06,2022,In-Store,3731594.35,6972,1899,30,1983
2022-09-06,2022,Mobile App,985102.85,1752,479,30,702
2022-09-06,2022,Online,2009512.58,3678,1006,30,1297
2022-09-07,2022,In-Store,3762701.13,6811,1858,30,1937
2022-09-07,2022,Mobile App,978598.63,1679,455,30,638
2022-09-07,2022,Online,2114911.25,3651,1040,30,1274
2022-09-08,2022,In-Store,4366670.61,6998,1934,30,2005
2022-09-08,2022,Mobile App,1101966.89,1764,519,30,706
2022-09-08,2022,Online,2336274.81,3743,1028,30,1263
2022-09-09,2022,In-Store,4348543.89,6776,1852,30,1924
2022-09-09,2022,Mobile App,1125494.37,1740,502,30,681
2022-09-09,2022,Online,2275543.27,3743,1016,30,1264
2022-09-10,2022,In-Store,4140012.51,6653,1835,30,1916
2022-09-10,2022,Mobile App,1056294.54,1735,485,30,678
2022-09-10,2022,Online,2185571.48,3673,1013,30,1266
2022-09-11,2022,In-Store,4121205.27,6652,1857,30,1888
2022-09-11,2022,Mobile App,1166759.85,1991,514,30,751
2022-09-11,2022,Online,2203316.16,3640,1017,30,1194
2022-09-12,2022,In-Store,4197696.92,6886,1909,30,1914
2022-09-12,2022,Mobile App,1148888.89,1882,507,30,750
2022-09-12,2022,Online,2313655.73,3624,995,30,1223
2022-09-13,2022,In-Store,4173856.0,6802,1888,30,1905
2022-09-13,2022,Mobile App,1235630.45,1823,508,30,723
2022-09-13,2022,Online,2190631.9,3547,965,30,1219
2022-09-14,2022,In-Store,4295101.3,6989,1884,30,1963
2022-09-14,2022,Mobile App,1121500.34,1721,476,30,683
2022-09-14,2022,Online,2244255.92,3596,1028,30,1250
2022-09-15,2022,In-Store,4262102.19,6780,1861,30,1996
2022-09-15,2022,Mobile App,1036115.31,1669,458,30,661
2022-09-15,2022,Online,2167960.77,3658,1043,30,1228
2022-09-16,2022,In-Store,4444648.07,6949,1901,30,1977
2022-09-16,2022,Mobile App,1064645.64,1749,494,30,665
2022-09-16,2022,Online,2226101.86,3569,1012,30,1226
2022-09-17,2022,In-Store,4311720.87,6856,1876,30,1963
2022-09-17,2022,Mobile App,1088700.88,1819,521,30,714
2022-09-17,2022,Online,2333632.32,3708,994,30,1245
2022-09-18,2022,In-Store,4122200.5,6660,1825,30,1925
2022-09-18,2022,Mobile App,1224934.82,1885,507,30,712
2022-09-18,2022,Online,2186228.03,3578,991,30,1229
2022-09-19,2022,In-Store,4247235.73,6698,1832,30,1897
2022-09-19,2022,Mobile App,1155637.63,1836,534,30,716
2022-09-19,2022,Online,2179179.84,3623,987,30,1234
2022-09-20,2022,In-Store,4293294.18,7021,1910,30,1964
2022-09-20,2022,Mobile App,1169313.6,1913,513,30,736
2022-09-20,2022,Online,2129592.53,3533,1008,30,1246
2022-09-21,2022,In-Store,4152672.71,6618,1827,30,1883
2022-09-21,2022,Mobile App,1258749.17,1944,532,30,731
2022-09-21,2022,Online,2224340.85,3556,973,30,1205
2022-09-22,2022,In-Store,4152872.57,6697,1827,30,1910
2022-09-22,2022,Mobile App,1138007.83,1789,508,30,695
2022-09-22,2022,Online,2290210.04,3509,991,30,1240
2022-09-23,2022,In-Store,3946078.37,6554,1851,30,1940
2022-09-23,2022,Mobile App,1214046.58,1930,529,30,749
2022-09-23,2022,Online,2173721.86,3592,978,30,1231
2022-09-24,2022,In-Store,4223065.95,6704,1828,30,1924
2022-09-24,2022,Mobile App,1240777.47,1883,487,30,729
2022-09-24,2022,Online,2155861.76,3474,974,30,1238
2022-09-25,2022,In-Store,3992126.77,6606,1827,30,1890
2022-09-25,2022,Mobile App,1060109.31,1786,481,30,701
2022-09-25,2022,Online,2382975.8,3804,1009,30,1270
2022-09-26,2022,In-Store,4401172.55,7000,1936,30,1926
2022-09-26,2022,Mobile App,1033197.43,1738,502,30,694
2022-09-26,2022,Online,2379358.68,3676,1013,30,1238
2022-09-27,2022,In-Store,4279103.62,6864,1902,30,1931
2022-09-27,2022,Mobile App,1083192.67,1825,500,30,716
2022-09-27,2022,Online,2402692.19,3734,1019,30,1271
2022-09-28,2022,In-Store,4067973.44,6687,1890,30,1924
2022-09-28,2022,Mobile App,1138127.44,1856,493,30,714
2022-09-28,2022,Online,2279952.79,3660,1027,30,1266
2022-09-29,2022,In-Store,4434010.28,7029,1902,30,1986
2022-09-29,2022,Mobile App,1145509.51,1907,533,30,734
2022-09-29,2022,Online,2151060.28,3452,966,30,1207
2022-09-30,2022,In-Store,4056376.19,6630,1851,30,1907
2022-09-30,2022,Mobile App,1203851.41,1934,507,30,733
2022-09-30,2022,Online,2206472.2,3585,1004,30,1243
2022-10-01,2022,In-Store,4270839.8,6721,1852,30,1892
2022-10-01,2022,Mobile App,1105619.98,1793,511,30,697
2022-10-01,2022,Online,2298190.1,3521,954,30,1198
2022-10-02,2022,In-Store,3991138.14,6455,1792,30,1887
2022-10-02,2022,Mobile App,1023673.93,1647,486,30,644
2022-10-02,2022,Online,2105264.44,3449,963,30,1200
2022-10-03,2022,In-Store,3958875.13,6414,1787,30,1848
2022-10-03,2022,Mobile App,1168062.45,1924,517,30,720
2022-10-03,2022,Online,2374301.01,3693,986,30,1232
2022-10-04,2022,In-Store,4150688.47,6708,1828,30,1899
2022-10-04,2022,Mobile App,1103806.76,1704,475,30,656
2022-10-04,2022,Online,2284558.92,3617,989,30,1251
2022-10-05,2022,In-Store,3978403.05,6551,1767,30,1885
2022-10-05,2022,Mobile App,1095399.72,1804,495,30,742
2022-10-05,2022,Online,2359604.32,3693,955,30,1196
2022-10-06,2022,In-Store,4037887.98,6601,1776,30,1905
2022-10-06,2022,Mobile App,1054128.57,1667,466,30,667
2022-10-06,2022,Online,2308026.29,3611,997,30,1208
2022-10-07,2022,In-Store,3707219.37,6152,1688,30,1789
2022-10-07,2022,Mobile App,1155597.44,1898,506,30,764
2022-10-07,2022,Online,2198937.44,3489,947,30,1207
2022-10-08,2022,In-Store,4192824.65,6939,1898,30,1972
2022-10-08,2022,Mobile App,1045663.57,1766,498,30,678
2022-10-08,2022,Online,2147144.22,3500,978,30,1196
2022-10-09,2022,In-Store,4025125.21,6649,1833,30,1933
2022-10-09,2022,Mobile App,1183681.44,1855,501,30,722
2022-10-09,2022,Online,2261181.91,3643,1008,30,1220
2022-10-10,2022,In-Store,4041380.77,6607,1833,30,1882
2022-10-10,2022,Mobile App,1187252.01,1840,506,30,706
2022-10-10,2022,Online,2248001.5,3535,973,30,1221
2022-10-11,2022,In-Store,3776729.88,6265,1781,30,1876
2022-10-11,2022,Mobile App,1106927.28,1748,474,30,678
2022-10-11,2022,Online,2142513.54,3319,959,30,1162
2022-10-12,2022,In-Store,4002177.25,6587,1836,30,1864
2022-10-12,2022,Mobile App,1176572.02,1895,537,30,754
2022-10-12,2022,Online,2213745.03,3510,976,30,1219
2022-10-13,2022,In-Store,4236884.55,6717,1809,30,1914
2022-10-13,2022,Mobile App,1117339.22,1646,453,30,666
2022-10-13,2022,Online,2163995.46,3384,956,30,1167
2022-10-14,2022,In-Store,4291064.27,6849,1892,30,1953
2022-10-14,2022,Mobile App,1142982.79,1847,495,30,662
2022-10-14,2022,Online,2177953.52,3597,973,30,1225
2022-10-15,2022,In-Store,4209756.84,6831,1835,30,1927
2022-10-15,2022,Mobile App,1089492.36,1713,479,30,685
2022-10-15,2022,Online,2249817.58,3470,950,30,1155
2022-10-16,2022,In-Store,4264906.68,6699,1846,30,1974
2022-10-16,2022,Mobile App,1217303.41,2037,528,30,764
2022-10-16,2022,Online,2130070.37,3480,936,30,1189
2022-10-17,2022,In-Store,4092016.51,6565,1813,30,1873
2022-10-17,2022,Mobile App,1092574.44,1781,491,30,696
2022-10-17,2022,Online,2295959.01,3639,1031,30,1237
2022-10-18,2022,In-Store,3971573.85,6620,1824,30,1893
2022-10-18,2022,Mobile App,1180425.97,1895,526,30,740
2022-10-18,2022,Online,1944277.71,3247,903,30,1133
2022-10-19,2022,In-Store,4421961.39,6787,1862,30,1947
2022-10-19,2022,Mobile App,1078229.68,1697,481,30,685
2022-10-19,2022,Online,2202466.59,3573,974,30,1236
2022-10-20,2022,In-Store,4148162.19,6557,1822,30,1897
2022-10-20,2022,Mobile App,1053856.92,1738,463,30,670
2022-10-20,2022,Online,2101842.79,3557,954,30,1189
2022-10-21,2022,In-Store,3957067.19,6422,1783,30,1886
2022-10-21,2022,Mobile App,1208271.8,1910,517,30,714
2022-10-21,2022,Online,2214419.04,3697,995,30,1257
2022-10-22,2022,In-Store,4289565.1,6672,1795,30,1929
2022-10-22,2022,Mobile App,1072453.34,1766,478,30,703
2022-10-22,2022,Online,2423191.55,3779,1004,30,1250
2022-10-23,2022,In-Store,4092715.2399999998,6469,1787,30,1905
2022-10-23,2022,Mobile App,1102385.97,1828,525,30,717
2022-10-23,2022,Online,2108381.41,3520,998,30,1208
2022-10-24,2022,In-Store,3933389.51,6535,1786,30,1849
2022-10-24,2022,Mobile App,1006405.86,1665,484,30,672
2022-10-24,2022,Online,2262527.92,3708,1030,30,1274
2022-10-25,2022,In-Store,4047688.78,6490,1809,30,1918
2022-10-25,2022,Mobile App,1268866.74,2012,537,30,753
2022-10-25,2022,Online,2198473.8,3565,982,30,1200
2022-10-26,2022,In-Store,4177277.33,6873,1882,30,1980
2022-10-26,2022,Mobile App,1140765.67,1807,477,30,690
2022-10-26,2022,Online,2212704.89,3381,983,30,1182
2022-10-27,2022,In-Store,4076754.52,6560,1844,30,1897
2022-10-27,2022,Mobile App,1232421.5,1995,548,30,777
2022-10-27,2022,Online,2051820.06,3258,941,30,1127
2022-10-28,2022,In-Store,3904987.71,6143,1711,30,1780
2022-10-28,2022,Mobile App,1136460.19,1866,504,30,723
2022-10-28,2022,Online,2346547.17,3630,999,30,1236
2022-10-29,2022,In-Store,4245039.49,6890,1867,30,1958
2022-10-29,2022,Mobile App,1230936.67,1928,519,30,755
2022-10-29,2022,Online,2152328.81,3399,995,30,1210
2022-10-30,2022,In-Store,4056460.86,6549,1825,30,1863
2022-10-30,2022,Mobile App,999933.64,1513,438,30,610
2022-10-30,2022,Online,2204021.89,3637,1000,30,1235
2022-10-31,2022,In-Store,4325897.46,6691,1823,30,1876
2022-10-31,2022,Mobile App,1098463.52,1771,499,30,698
2022-10-31,2022,Online,2289657.8,3538,979,30,1247
2022-11-01,2022,In-Store,4762365.31,7835,2149,30,2064
2022-11-01,2022,Mobile App,1434084.02,2364,653,30,901
2022-11-01,2022,Online,2710204.21,4341,1181,30,1395
2022-11-02,2022,In-Store,4916293.11,8099,2231,30,2226
2022-11-02,2022,Mobile App,1463000.96,2272,597,30,858
2022-11-02,2022,Online,2625028.2399999998,4221,1135,30,1357
2022-11-03,2022,In-Store,4805095.16,7795,2163,30,2094
2022-11-03,2022,Mobile App,1348456.76,2167,602,30,777
2022-11-03,2022,Online,2537462.55,4113,1173,30,1370
2022-11-04,2022,In-Store,5133187.12,8150,2247,30,2163
2022-11-04,2022,Mobile App,1318906.09,2122,611,30,822
2022-11-04,2022,Online,2496208.64,4192,1173,30,1394
2022-11-05,2022,In-Store,4980009.49,7889,2165,30,2195
2022-11-05,2022,Mobile App,1324407.16,2126,589,30,794
2022-11-05,2022,Online,2855477.74,4539,1218,30,1464
2022-11-06,2022,In-Store,4704995.4,7864,2192,30,2090
2022-11-06,2022,Mobile App,1272666.39,2082,597,30,817
2022-11-06,2022,Online,2655083.75,4295,1153,30,1417
2022-11-07,2022,In-Store,5000487.81,8172,2236,30,2188
2022-11-07,2022,Mobile App,1355688.52,2111,591,30,834
2022-11-07,2022,Online,2802762.4899999998,4505,1256,30,1472
2022-11-08,2022,In-Store,4900288.77,7880,2195,30,2159
2022-11-08,2022,Mobile App,1377344.22,2254,603,30,795
2022-11-08,2022,Online,2702809.22,4361,1186,30,1433
2022-11-09,2022,In-Store,4879351.01,7911,2179,30,2092
2022-11-09,2022,Mobile App,1427954.7,2195,591,30,791
2022-11-09,2022,Online,2753983.14,4429,1238,30,1428
2022-11-10,2022,In-Store,4975909.63,8016,2223,30,2121
2022-11-10,2022,Mobile App,1189831.15,1971,557,30,763
2022-11-10,2022,Online,2752050.41,4319,1186,30,1378
2022-11-11,2022,In-Store,5368935.51,8397,2260,30,2191
2022-11-11,2022,Mobile App,1340161.41,2380,648,30,889
2022-11-11,2022,Online,2581797.72,4251,1181,30,1364
2022-11-12,2022,In-Store,4808359.33,7718,2151,30,2138
2022-11-12,2022,Mobile App,1366761.4,2223,614,30,845
2022-11-12,2022,Online,2570119.52,4263,1170,30,1412
2022-11-13,2022,In-Store,5016672.46,8204,2234,30,2174
2022-11-13,2022,Mobile App,1467227.75,2287,623,30,826
2022-11-13,2022,Online,2551641.32,4103,1143,30,1378
2022-11-14,2022,In-Store,4828396.54,7812,2203,30,2125
2022-11-14,2022,Mobile App,1440723.66,2332,605,30,843
2022-11-14,2022,Online,2613747.82,4167,1174,30,1375
2022-11-15,2022,In-Store,4801815.43,7775,2188,30,2134
2022-11-15,2022,Mobile App,1364308.37,2147,610,30,815
2022-11-15,2022,Online,2721758.86,4206,1156,30,1410
2022-11-16,2022,In-Store,4920230.76,7942,2185,30,2136
2022-11-16,2022,Mobile App,1135096.87,2014,583,30,784
2022-11-16,2022,Online,2679332.1,4463,1247,30,1447
2022-11-17,2022,In-Store,4772560.86,7680,2126,30,2116
2022-11-17,2022,Mobile App,1353134.45,2137,593,30,806
2022-11-17,2022,Online,2701140.02,4484,1230,30,1455
2022-11-18,2022,In-Store,4935056.33,7976,2190,30,2173
2022-11-18,2022,Mobile App,1347946.46,2178,600,30,819
2022-11-18,2022,Online,2488045.86,4128,1143,30,1359
2022-11-19,2022,In-Store,4670851.69,7742,2157,30,2094
2022-11-19,2022,Mobile App,1276047.15,2169,623,30,847
2022-11-19,2022,Online,2662735.39,4303,1201,30,1441
2022-11-20,2022,In-Store,4887614.12,8088,2236,30,2197
2022-11-20,2022,Mobile App,1393272.7,2204,599,30,817
2022-11-20,2022,Online,2529979.7,4142,1152,30,1371
2022-11-21,2022,In-Store,5083198.43,8022,2223,30,2159
2022-11-21,2022,Mobile App,1361877.97,2139,572,30,785
2022-11-21,2022,Online,2926735.22,4462,1230,30,1455
2022-11-22,2022,In-Store,4950394.86,8018,2185,30,2107
2022-11-22,2022,Mobile App,1507277.88,2346,628,30,884
2022-11-22,2022,Online,2678710.53,4447,1196,30,1434
2022-11-23,2022,In-Store,5236868.31,8260,2232,30,2153
2022-11-23,2022,Mobile App,1228411.94,2000,583,30,773
2022-11-23,2022,Online,2641868.17,4353,1145,30,1387
2022-11-24,2022,In-Store,5092530.17,8365,2288,30,2219
2022-11-24,2022,Mobile App,1385239.67,2295,616,30,849
2022-11-24,2022,Online,2551584.11,4319,1186,30,1376
2022-11-25,2022,In-Store,4935466.53,8123,2190,30,2143
2022-11-25,2022,Mobile App,1485358.26,2330,652,30,871
2022-11-25,2022,Online,2848140.35,4570,1273,30,1477
2022-11-26,2022,In-Store,5077445.77,8501,2332,30,2269
2022-11-26,2022,Mobile App,1111254.97,1910,540,30,745
2022-11-26,2022,Online,2602972.04,4217,1169,30,1411
2022-11-27,2022,In-Store,4813330.43,7843,2165,30,2158
2022-11-27,2022,Mobile App,1532439.02,2324,630,30,853
2022-11-27,2022,Online,2541827.56,4432,1179,30,1401
2022-11-28,2022,In-Store,4784706.51,7930,2228,30,2154
2022-11-28,2022,Mobile App,1314513.8,2180,602,30,853
2022-11-28,2022,Online,2714912.93,4252,1165,30,1412
2022-11-29,2022,In-Store,4863187.48,8124,2257,30,2153
2022-11-29,2022,Mobile App,1325651.77,2115,593,30,818
2022-11-29,2022,Online,3051699.58,4566,1232,30,1466
2022-11-30,2022,In-Store,4710847.8,7963,2195,30,2107
2022-11-30,2022,Mobile App,1268329.85,2118,606,30,802
2022-11-30,2022,Online,2623321.23,4240,1154,30,1361
2022-12-01,2022,In-Store,5437900.08,8633,2428,30,2266
2022-12-01,2022,Mobile App,1540407.35,2379,628,30,841
2022-12-01,2022,Online,2889308.15,4703,1313,30,1501
2022-12-02,2022,In-Store,5528109.29,9048,2467,30,2300
2022-12-02,2022,Mobile App,1296168.75,2162,598,30,810
2022-12-02,2022,Online,2782825.08,4525,1316,30,1464
2022-12-03,2022,In-Store,5258577.05,8681,2376,30,2258
2022-12-03,2022,Mobile App,1486358.05,2388,642,30,851
2022-12-03,2022,Online,2960431.4,4841,1298,30,1515
2022-12-04,2022,In-Store,5059810.18,8301,2342,30,2211
2022-12-04,2022,Mobile App,1567569.79,2478,655,30,909
2022-12-04,2022,Online,2854513.04,4720,1324,30,1481
2022-12-05,2022,In-Store,5430343.31,8735,2433,30,2279
2022-12-05,2022,Mobile App,1556161.2,2353,647,30,880
2022-12-05,2022,Online,2833638.57,4663,1305,30,1497
2022-12-06,2022,In-Store,5186199.65,8296,2335,30,2189
2022-12-06,2022,Mobile App,1538190.17,2594,723,30,976
2022-12-06,2022,Online,2874926.57,4722,1304,30,1502
2022-12-07,2022,In-Store,5219208.37,8728,2425,30,2260
2022-12-07,2022,Mobile App,1411829.89,2253,627,30,864
2022-12-07,2022,Online,2864172.54,4639,1300,30,1403
2022-12-08,2022,In-Store,5296306.68,8761,2427,30,2268
2022-12-08,2022,Mobile App,1611897.56,2636,693,30,943
2022-12-08,2022,Online,2676190.76,4595,1267,30,1479
2022-12-09,2022,In-Store,5278736.92,8780,2409,30,2313
2022-12-09,2022,Mobile App,1362254.4,2209,628,30,870
2022-12-09,2022,Online,2776239.52,4726,1298,30,1472
2022-12-10,2022,In-Store,5080896.83,8391,2325,30,2179
2022-12-10,2022,Mobile App,1434515.8,2331,639,30,905
2022-12-10,2022,Online,2952306.32,4714,1334,30,1482
2022-12-11,2022,In-Store,5353501.88,8783,2407,30,2283
2022-12-11,2022,Mobile App,1384283.14,2286,638,30,846
2022-12-11,2022,Online,2690536.03,4478,1249,30,1443
2022-12-12,2022,In-Store,5330409.71,8793,2381,30,2253
2022-12-12,2022,Mobile App,1398385.46,2387,637,30,869
2022-12-12,2022,Online,2764114.17,4801,1299,30,1488
2022-12-13,2022,In-Store,5337265.4,8876,2423,30,2302
2022-12-13,2022,Mobile App,1388269.38,2277,634,30,877
2022-12-13,2022,Online,2816612.5,4597,1296,30,1484
2022-12-14,2022,In-Store,5208386.16,8490,2387,30,2254
2022-12-14,2022,Mobile App,1562942.19,2536,687,30,933
2022-12-14,2022,Online,2732316.65,4616,1275,30,1407
2022-12-15,2022,In-Store,5282276.75,8689,2346,30,2226
2022-12-15,2022,Mobile App,1355350.13,2277,622,30,853
2022-12-15,2022,Online,2832239.46,4770,1309,30,1512
2022-12-16,2022,In-Store,5226673.86,8698,2419,30,2245
2022-12-16,2022,Mobile App,1360943.97,2143,620,30,790
2022-12-16,2022,Online,2850477.7399999998,4560,1250,30,1438
2022-12-17,2022,In-Store,5158341.89,8597,2359,30,2254
2022-12-17,2022,Mobile App,1555905.11,2525,655,30,892
2022-12-17,2022,Online,2898977.68,4680,1329,30,1505
2022-12-18,2022,In-Store,5158962.91,8540,2380,30,2217
2022-12-18,2022,Mobile App,1445337.0,2322,659,30,884
2022-12-18,2022,Online,2858599.61,4584,1286,30,1473
2022-12-19,2022,In-Store,5450564.53,8642,2354,30,2273
2022-12-19,2022,Mobile App,1455293.8,2501,702,30,921
2022-12-19,2022,Online,2805644.19,4738,1299,30,1475
2022-12-20,2022,In-Store,5521775.03,8820,2422,30,2281
2022-12-20,2022,Mobile App,1346291.49,2340,637,30,865
2022-12-20,2022,Online,2861199.54,4724,1341,30,1514
2022-12-21,2022,In-Store,5235602.33,8564,2372,30,2270
2022-12-21,2022,Mobile App,1468334.94,2451,643,30,862
2022-12-21,2022,Online,2825851.57,4720,1327,30,1487
2022-12-22,2022,In-Store,5364299.95,8808,2434,30,2307
2022-12-22,2022,Mobile App,1465233.59,2385,656,30,884
2022-12-22,2022,Online,2942819.65,4813,1355,30,1563
2022-12-23,2022,In-Store,5532517.88,9109,2448,30,2325
2022-12-23,2022,Mobile App,1518431.6199999999,2465,697,30,919
2022-12-23,2022,Online,2959564.43,4741,1285,30,1499
2022-12-24,2022,In-Store,5350605.13,8802,2406,30,2263
2022-12-24,2022,Mobile App,1448362.15,2369,648,30,873
2022-12-24,2022,Online,2820370.97,4639,1311,30,1517
2022-12-25,2022,In-Store,5109085.72,8600,2396,30,2295
2022-12-25,2022,Mobile App,1486326.2,2537,677,30,954
2022-12-25,2022,Online,2466999.89,4192,1223,30,1392
2022-12-26,2022,In-Store,5415370.6,8743,2366,30,2262
2022-12-26,2022,Mobile App,1332465.68,2469,690,30,912
2022-12-26,2022,Online,2842011.72,4565,1266,30,1502
2022-12-27,2022,In-Store,5143009.34,8609,2435,30,2242
2022-12-27,2022,Mobile App,1480046.08,2302,647,30,861
2022-12-27,2022,Online,2776806.72,4508,1318,30,1488
2022-12-28,2022,In-Store,5640454.08,9065,2453,30,2339
2022-12-28,2022,Mobile App,1264254.89,2234,623,30,851
2022-12-28,2022,Online,3021854.25,4865,1306,30,1539
2022-12-29,2022,In-Store,5466702.02,8991,2490,30,2351
2022-12-29,2022,Mobile App,1437446.11,2426,678,30,896
2022-12-29,2022,Online,2999545.63,4920,1337,30,1556
2022-12-30,2022,In-Store,5264095.76,8576,2375,30,2248
2022-12-30,2022,Mobile App,1563468.06,2509,663,30,924
2022-12-30,2022,Online,2673911.2,4595,1286,30,1510
2022-12-31,2022,In-Store,5083607.59,8378,2349,30,2213
2022-12-31,2022,Mobile App,1372463.36,2333,660,30,864
2022-12-31,2022,Online,2984493.37,5034,1387,30,1530
2023-01-01,2023,In-Store,3267505.37,5338,1538,30,1642
2023-01-01,2023,Mobile App,1058051.62,1712,450,30,656
2023-01-01,2023,Online,1941749.12,3220,890,30,1118
2023-01-02,2023,In-Store,3308767.77,5485,1582,30,1688
2023-01-02,2023,Mobile App,923257.56,1609,434,30,623
2023-01-02,2023,Online,1786172.26,3087,848,30,1120
2023-01-03,2023,In-Store,3401668.91,5665,1558,30,1717
2023-01-03,2023,Mobile App,971978.6,1636,448,30,664
2023-01-03,2023,Online,2072472.41,3126,835,30,1072
2023-01-04,2023,In-Store,3526153.94,5782,1593,30,1717
2023-01-04,2023,Mobile App,878047.71,1515,439,30,597
2023-01-04,2023,Online,1948839.92,3100,839,30,1100
2023-01-05,2023,In-Store,3462446.43,5583,1530,30,1708
2023-01-05,2023,Mobile App,1065740.04,1812,477,30,685
2023-01-05,2023,Online,1842837.23,3007,858,30,1083
2023-01-06,2023,In-Store,3349488.12,5428,1553,30,1668
2023-01-06,2023,Mobile App,1014418.91,1630,446,30,631
2023-01-06,2023,Online,1867636.27,2998,840,30,1048
2023-01-07,2023,In-Store,3445280.03,5569,1527,30,1704
2023-01-07,2023,Mobile App,966093.07,1559,438,30,614
2023-01-07,2023,Online,1966214.44,3091,864,30,1081
2023-01-08,2023,In-Store,3485479.88,5649,1531,30,1678
2023-01-08,2023,Mobile App,916126.9,1446,417,30,607
2023-01-08,2023,Online,1863898.28,2877,814,30,1031
2023-01-09,2023,In-Store,3598220.61,5849,1616,30,1776
2023-01-09,2023,Mobile App,998907.58,1538,408,30,589
2023-01-09,2023,Online,1715457.3,2971,858,30,1040
2023-01-10,2023,In-Store,3389383.51,5390,1547,30,1689
2023-01-10,2023,Mobile App,926915.24,1465,430,30,607
2023-01-10,2023,Online,1962796.78,3222,918,30,1113
2023-01-11,2023,In-Store,3362835.56,5603,1530,30,1685
2023-01-11,2023,Mobile App,887813.67,1480,408,30,581
2023-01-11,2023,Online,2035594.58,3136,863,30,1149
2023-01-12,2023,In-Store,3267763.45,5403,1504,30,1650
2023-01-12,2023,Mobile App,965433.76,1554,436,30,623
2023-01-12,2023,Online,2036454.28,3167,836,30,1083
2023-01-13,2023,In-Store,3557589.91,5867,1614,30,1767
2023-01-13,2023,Mobile App,807095.66,1474,413,30,593
2023-01-13,2023,Online,1918197.53,3059,850,30,1087
2023-01-14,2023,In-Store,3723698.94,6043,1650,30,1806
2023-01-14,2023,Mobile App,1051136.34,1599,440,30,634
2023-01-14,2023,Online,1984687.08,3101,823,30,1058
2023-01-15,2023,In-Store,3412023.01,5488,1538,30,1684
2023-01-15,2023,Mobile App,900338.4,1361,379,30,550
2023-01-15,2023,Online,1866649.0,3106,868,30,1105
2023-01-16,2023,In-Store,3489019.74,5698,1586,30,1686
2023-01-16,2023,Mobile App,934483.8099999999,1461,387,30,560
2023-01-16,2023,Online,1938396.32,3201,856,30,1096
2023-01-17,2023,In-Store,3447159.61,5640,1561,30,1684
2023-01-17,2023,Mobile App,879560.65,1495,414,30,589
2023-01-17,2023,Online,1763032.36,2894,840,30,1048
2023-01-18,2023,In-Store,3485893.38,5528,1527,30,1658
2023-01-18,2023,Mobile App,873497.55,1523,416,30,607
2023-01-18,2023,Online,1955050.67,3126,847,30,1097
2023-01-19,2023,In-Store,3474541.97,5438,1538,30,1651
2023-01-19,2023,Mobile App,853693.67,1362,375,30,565
2023-01-19,2023,Online,1907217.16,3031,866,30,1081
2023-01-20,2023,In-Store,3618855.55,5900,1618,30,1745
2023-01-20,2023,Mobile App,924584.84,1520,428,30,618
2023-01-20,2023,Online,1752972.92,2998,788,30,1023
2023-01-21,2023,In-Store,3463799.67,5532,1575,30,1681
2023-01-21,2023,Mobile App,1127524.71,1764,467,30,675
2023-01-21,2023,Online,1761798.27,2959,819,30,1054
2023-01-22,2023,In-Store,3381722.99,5373,1512,30,1683
2023-01-22,2023,Mobile App,889686.9,1392,398,30,551
2023-01-22,2023,Online,2031711.45,3198,868,30,1093
2023-01-23,2023,In-Store,3634667.11,5848,1571,30,1703
2023-01-23,2023,Mobile App,1019778.24,1680,454,30,657
2023-01-23,2023,Online,1842856.89,3005,817,30,1035
2023-01-24,2023,In-Store,3357956.99,5463,1524,30,1685
2023-01-24,2023,Mobile App,823504.42,1364,386,30,544
2023-01-24,2023,Online,1984611.72,3090,857,30,1080
2023-01-25,2023,In-Store,3614398.35,5838,1628,30,1729
2023-01-25,2023,Mobile App,950014.22,1547,425,30,638
2023-01-25,2023,Online,1911383.43,3156,837,30,1121
2023-01-26,2023,In-Store,3649858.85,5831,1612,30,1720
2023-01-26,2023,Mobile App,958697.89,1510,428,30,590
2023-01-26,2023,Online,1991126.26,3223,874,30,1111
2023-01-27,2023,In-Store,3512018.32,5584,1533,30,1663
2023-01-27,2023,Mobile App,1068122.64,1655,421,30,623
2023-01-27,2023,Online,1860738.07,3082,822,30,1091
2023-01-28,2023,In-Store,3628975.38,5753,1591,30,1771
2023-01-28,2023,Mobile App,808828.97,1421,390,30,593
2023-01-28,2023,Online,1932050.59,3257,854,30,1121
2023-01-29,2023,In-Store,3286966.18,5356,1536,30,1667
2023-01-29,2023,Mobile App,825071.5,1410,403,30,558
2023-01-29,2023,Online,1895698.6,2966,815,30,1054
2023-01-30,2023,In-Store,3326316.82,5381,1506,30,1680
2023-01-30,2023,Mobile App,894257.19,1521,408,30,618
2023-01-30,2023,Online,1870840.5,2982,851,30,1027
2023-01-31,2023,In-Store,3614240.18,5670,1597,30,1708
2023-01-31,2023,Mobile App,970346.7,1618,448,30,660
2023-01-31,2023,Online,1764571.46,2896,792,30,1053
2023-02-01,2023,In-Store,4022810.31,6254,1641,30,1806
2023-02-01,2023,Mobile App,1018468.67,1654,449,30,664
2023-02-01,2023,Online,1920294.0,3155,891,30,1111
2023-02-02,2023,In-Store,3937854.58,6277,1682,30,1857
2023-02-02,2023,Mobile App,953139.23,1515,412,30,607
2023-02-02,2023,Online,1930977.58,3254,886,30,1147
2023-02-03,2023,In-Store,3658885.77,5941,1596,30,1787
2023-02-03,2023,Mobile App,959387.12,1561,424,30,629
2023-02-03,2023,Online,1920814.84,3136,878,30,1102
2023-02-04,2023,In-Store,3660339.79,5962,1600,30,1774
2023-02-04,2023,Mobile App,1012496.72,1540,432,30,629
2023-02-04,2023,Online,1940530.85,3082,836,30,1054
2023-02-05,2023,In-Store,3668356.68,5963,1648,30,1784
2023-02-05,2023,Mobile App,1047390.97,1760,485,30,709
2023-02-05,2023,Online,2026028.95,3290,915,30,1116
2023-02-06,2023,In-Store,3585626.15,6025,1669,30,1779
2023-02-06,2023,Mobile App,953674.08,1537,409,30,600
2023-02-06,2023,Online,1783452.69,2906,803,30,1027
2023-02-07,2023,In-Store,3725359.05,6016,1666,30,1778
2023-02-07,2023,Mobile App,990973.0,1651,455,30,659
2023-02-07,2023,Online,1941206.0,3169,872,30,1131
2023-02-08,2023,In-Store,3737121.77,5932,1643,30,1738
2023-02-08,2023,Mobile App,1011055.37,1580,431,30,639
2023-02-08,2023,Online,2029786.41,3260,878,30,1124
2023-02-09,2023,In-Store,3459209.43,5714,1599,30,1712
2023-02-09,2023,Mobile App,1055196.46,1677,454,30,667
2023-02-09,2023,Online,2034024.53,3193,861,30,1114
2023-02-10,2023,In-Store,3604220.87,5746,1598,30,1700
2023-02-10,2023,Mobile App,923810.26,1596,426,30,637
2023-02-10,2023,Online,1862569.08,3052,866,30,1037
2023-02-11,2023,In-Store,3568848.86,5841,1653,30,1696
2023-02-11,2023,Mobile App,1032975.52,1635,450,30,629
2023-02-11,2023,Online,1878039.82,3095,857,30,1125
2023-02-12,2023,In-Store,3745170.29,6083,1649,30,1791
2023-02-12,2023,Mobile App,940515.08,1411,398,30,559
2023-02-12,2023,Online,1995621.09,3191,883,30,1115
2023-02-13,2023,In-Store,3789733.25,6188,1694,30,1804
2023-02-13,2023,Mobile App,930651.56,1508,441,30,625
2023-02-13,2023,Online,2003591.55,3092,849,30,1074
2023-02-14,2023,In-Store,3645364.95,5866,1602,30,1763
2023-02-14,2023,Mobile App,1081316.54,1738,474,30,701
2023-02-14,2023,Online,1982193.55,3130,872,30,1115
2023-02-15,2023,In-Store,3500725.5,5783,1628,30,1747
2023-02-15,2023,Mobile App,1010607.68,1639,436,30,653
2023-02-15,2023,Online,1797649.78,2910,859,30,1047
2023-02-16,2023,In-Store,3528255.98,5832,1651,30,1774
2023-02-16,2023,Mobile App,913979.33,1339,381,30,535
2023-02-16,2023,Online,2116744.49,3276,920,30,1164
2023-02-17,2023,In-Store,3719732.75,5947,1658,30,1743
2023-02-17,2023,Mobile App,1039377.51,1637,454,30,625
2023-02-17,2023,Online,2014768.49,3250,878,30,1164
2023-02-18,2023,In-Store,3548886.48,5741,1636,30,1780
2023-02-18,2023,Mobile App,996352.71,1473,400,30,597
2023-02-18,2023,Online,2008998.57,3250,869,30,1154
2023-02-19,2023,In-Store,3373144.48,5581,1568,30,1701
2023-02-19,2023,Mobile App,943182.27,1617,439,30,645
2023-02-19,2023,Online,1892622.03,3186,875,30,1101
2023-02-20,2023,In-Store,3705814.71,5944,1659,30,1733
2023-02-20,2023,Mobile App,1017177.51,1569,410,30,600
2023-02-20,2023,Online,1833842.25,2894,822,30,1066
2023-02-21,2023,In-Store,3540315.14,5763,1628,30,1720
2023-02-21,2023,Mobile App,890259.82,1494,424,30,599
2023-02-21,2023,Online,2106727.51,3292,885,30,1144
2023-02-22,2023,In-Store,3830497.61,5974,1615,30,1773
2023-02-22,2023,Mobile App,1121211.96,1761,485,30,690
2023-02-22,2023,Online,2054192.36,3422,929,30,1179
2023-02-23,2023,In-Store,3605687.97,5613,1565,30,1716
2023-02-23,2023,Mobile App,1035436.63,1644,452,30,636
2023-02-23,2023,Online,1919776.91,3219,891,30,1118
2023-02-24,2023,In-Store,3356848.12,5703,1632,30,1753
2023-02-24,2023,Mobile App,1068550.73,1681,452,30,669
2023-02-24,2023,Online,1879626.44,3029,846,30,1052
2023-02-25,2023,In-Store,3495559.26,5877,1618,30,1736
2023-02-25,2023,Mobile App,922085.23,1579,431,30,611
2023-02-25,2023,Online,1901458.56,3057,829,30,1040
2023-02-26,2023,In-Store,3605271.9,5738,1570,30,1719
2023-02-26,2023,Mobile App,977039.3099999999,1542,441,30,612
2023-02-26,2023,Online,1759721.1,2999,830,30,1056
2023-02-27,2023,In-Store,3573069.94,5995,1598,30,1745
2023-02-27,2023,Mobile App,1007921.69,1652,449,30,653
2023-02-27,2023,Online,1946894.38,3181,855,30,1077
2023-02-28,2023,In-Store,3643276.6,5807,1618,30,1744
2023-02-28,2023,Mobile App,921257.95,1615,463,30,645
2023-02-28,2023,Online,1766696.85,2927,821,30,1060
2023-03-01,2023,In-Store,3520251.54,6164,1706,30,1797
2023-03-01,2023,Mobile App,1144526.41,1774,487,30,667
2023-03-01,2023,Online,2186528.23,3452,951,30,1195
2023-03-02,2023,In-Store,4104809.57,6449,1768,30,1866
2023-03-02,2023,Mobile App,974137.92,1558,447,30,609
2023-03-02,2023,Online,1949805.68,3281,903,30,1172
2023-03-03,2023,In-Store,3750068.25,6250,1780,30,1835
2023-03-03,2023,Mobile App,1139184.1,1790,489,30,698
2023-03-03,2023,Online,2168464.61,3401,957,30,1174
2023-03-04,2023,In-Store,3613653.28,6074,1686,30,1798
2023-03-04,2023,Mobile App,1017911.6,1684,466,30,644
2023-03-04,2023,Online,2197110.89,3366,910,30,1157
2023-03-05,2023,In-Store,3655058.08,6207,1717,30,1817
2023-03-05,2023,Mobile App,1054498.73,1625,452,30,634
2023-03-05,2023,Online,2121174.36,3453,948,30,1159
2023-03-06,2023,In-Store,3889647.25,6172,1687,30,1880
2023-03-06,2023,Mobile App,989222.26,1580,453,30,631
2023-03-06,2023,Online,2103936.25,3399,942,30,1177
2023-03-07,2023,In-Store,3706789.1,6297,1742,30,1866
2023-03-07,2023,Mobile App,1075740.48,1812,479,30,719
2023-03-07,2023,Online,2079933.67,3392,950,30,1171
2023-03-08,2023,In-Store,3547217.27,6169,1705,30,1813
2023-03-08,2023,Mobile App,982096.09,1681,461,30,662
2023-03-08,2023,Online,1755738.05,3193,889,30,1134
2023-03-09,2023,In-Store,3518904.27,6239,1719,30,1843
2023-03-09,2023,Mobile App,946364.41,1778,474,30,702
2023-03-09,2023,Online,1939567.53,3493,963,30,1188
2023-03-10,2023,In-Store,3412831.09,6188,1713,30,1785
2023-03-10,2023,Mobile App,891736.4,1591,448,30,646
2023-03-10,2023,Online,1953007.44,3394,926,30,1168
2023-03-11,2023,In-Store,3738226.17,6632,1818,30,1919
2023-03-11,2023,Mobile App,1072213.52,1795,495,30,710
2023-03-11,2023,Online,1838527.22,3246,912,30,1088
2023-03-12,2023,In-Store,3493160.15,6365,1734,30,1858
2023-03-12,2023,Mobile App,1031939.77,1879,507,30,718
2023-03-12,2023,Online,1850532.41,3330,907,30,1154
2023-03-13,2023,In-Store,3305396.05,6303,1730,30,1838
2023-03-13,2023,Mobile App,924156.0,1757,460,30,666
2023-03-13,2023,Online,1847861.95,3529,986,30,1220
2023-03-14,2023,In-Store,3366215.19,6290,1727,30,1845
2023-03-14,2023,Mobile App,1036532.04,1878,536,30,720
2023-03-14,2023,Online,1832021.19,3501,960,30,1173
2023-03-15,2023,In-Store,3192128.51,6086,1706,30,1782
2023-03-15,2023,Mobile App,981763.78,1807,487,30,709
2023-03-15,2023,Online,1791832.71,3415,901,30,1174
2023-03-16,2023,In-Store,3236308.05,6310,1756,30,1903
2023-03-16,2023,Mobile App,908651.36,1710,463,30,670
2023-03-16,2023,Online,1792639.41,3403,899,30,1129
2023-03-17,2023,In-Store,3220012.21,6141,1709,30,1846
2023-03-17,2023,Mobile App,996156.49,1923,514,30,715
2023-03-17,2023,Online,1766461.65,3274,936,30,1154
2023-03-18,2023,In-Store,3428366.43,6467,1755,30,1908
2023-03-18,2023,Mobile App,799727.64,1588,437,30,620
2023-03-18,2023,Online,1837421.06,3475,940,30,1165
2023-03-19,2023,In-Store,3109076.98,5959,1671,30,1765
2023-03-19,2023,Mobile App,839117.91,1690,452,30,655
2023-03-19,2023,Online,1793233.64,3345,920,30,1128
2023-03-20,2023,In-Store,3502714.09,6579,1771,30,1893
2023-03-20,2023,Mobile App,905881.32,1737,492,30,691
2023-03-20,2023,Online,1862822.66,3322,942,30,1175
2023-03-21,2023,In-Store,3409231.61,6421,1735,30,1879
2023-03-21,2023,Mobile App,854751.34,1683,448,30,661
2023-03-21,2023,Online,1743393.36,3238,890,30,1102
2023-03-22,2023,In-Store,3500605.53,6467,1749,30,1877
2023-03-22,2023,Mobile App,959887.98,1778,463,30,661
2023-03-22,2023,Online,1751603.19,3094,876,30,1102
2023-03-23,2023,In-Store,3418484.02,6183,1766,30,1846
2023-03-23,2023,Mobile App,1113012.86,1773,486,30,693
2023-03-23,2023,Online,1842316.29,3295,915,30,1164
2023-03-24,2023,In-Store,3715457.4899999998,6581,1776,30,1910
2023-03-24,2023,Mobile App,1021638.68,1810,473,30,704
2023-03-24,2023,Online,1925325.59,3416,935,30,1162
2023-03-25,2023,In-Store,3675287.88,6470,1766,30,1838
2023-03-25,2023,Mobile App,761438.8099999999,1434,443,30,586
2023-03-25,2023,Online,1900124.34,3344,920,30,1143
2023-03-26,2023,In-Store,3423750.08,6350,1734,30,1840
2023-03-26,2023,Mobile App,991310.69,1779,495,30,714
2023-03-26,2023,Online,1848503.48,3284,908,30,1131
2023-03-27,2023,In-Store,3317801.34,6005,1674,30,1791
2023-03-27,2023,Mobile App,864395.87,1617,462,30,658
2023-03-27,2023,Online,1956521.22,3387,931,30,1147
2023-03-28,2023,In-Store,3540705.52,6271,1753,30,1838
2023-03-28,2023,Mobile App,916192.21,1618,449,30,643
2023-03-28,2023,Online,1930273.66,3421,935,30,1184
2023-03-29,2023,In-Store,3326580.43,6003,1715,30,1816
2023-03-29,2023,Mobile App,969472.69,1753,501,30,698
2023-03-29,2023,Online,1902220.54,3367,945,30,1164
2023-03-30,2023,In-Store,3392097.45,6071,1690,30,1779
2023-03-30,2023,Mobile App,1054977.12,1746,466,30,691
2023-03-30,2023,Online,1887617.73,3516,956,30,1173
2023-03-31,2023,In-Store,3609584.09,6062,1696,30,1814
2023-03-31,2023,Mobile App,980473.21,1746,483,30,711
2023-03-31,2023,Online,2039220.02,3255,911,30,1125
2023-04-01,2023,In-Store,3991697.18,6596,1790,30,1897
2023-04-01,2023,Mobile App,1136904.47,1988,550,30,762
2023-04-01,2023,Online,1990911.2,3404,948,30,1149
2023-04-02,2023,In-Store,3854470.89,6278,1786,30,1828
2023-04-02,2023,Mobile App,934016.32,1568,431,30,635
2023-04-02,2023,Online,2085957.42,3552,964,30,1188
2023-04-03,2023,In-Store,3643226.29,6208,1777,30,1838
2023-04-03,2023,Mobile App,1097208.58,1779,489,30,695
2023-04-03,2023,Online,2024195.45,3553,959,30,1189
2023-04-04,2023,In-Store,3823718.02,6399,1767,30,1846
2023-04-04,2023,Mobile App,1172955.46,1865,498,30,672
2023-04-04,2023,Online,1984352.62,3410,967,30,1205
2023-04-05,2023,In-Store,3495307.31,6049,1729,30,1805
2023-04-05,2023,Mobile App,959319.73,1658,447,30,658
2023-04-05,2023,Online,1841395.14,3348,938,30,1146
2023-04-06,2023,In-Store,3834271.5,6589,1846,30,1888
2023-04-06,2023,Mobile App,1017686.14,1758,477,30,667
2023-04-06,2023,Online,2080461.23,3651,991,30,1248
2023-04-07,2023,In-Store,3676175.43,6222,1731,30,1805
2023-04-07,2023,Mobile App,1081278.36,1815,486,30,699
2023-04-07,2023,Online,2124120.73,3523,944,30,1216
2023-04-08,2023,In-Store,3810608.45,6477,1738,30,1858
2023-04-08,2023,Mobile App,945152.24,1768,483,30,702
2023-04-08,2023,Online,2177679.51,3501,971,30,1200
2023-04-09,2023,In-Store,3081097.13,6444,1805,30,1913
2023-04-09,2023,Mobile App,787448.19,1641,461,30,629
2023-04-09,2023,Online,1595205.29,3422,951,30,1194
2023-04-10,2023,In-Store,3012020.54,6232,1736,30,1799
2023-04-10,2023,Mobile App,761229.74,1672,467,30,657
2023-04-10,2023,Online,1701398.42,3611,993,30,1237
2023-04-11,2023,In-Store,3089872.57,6231,1709,30,1811
2023-04-11,2023,Mobile App,803125.9,1623,458,30,665
2023-04-11,2023,Online,1709449.86,3677,1008,30,1254
2023-04-12,2023,In-Store,2992293.05,6529,1806,30,1887
2023-04-12,2023,Mobile App,747398.61,1564,471,30,628
2023-04-12,2023,Online,1748088.89,3698,993,30,1228
2023-04-13,2023,In-Store,3180153.43,6655,1803,30,1864
2023-04-13,2023,Mobile App,936598.9,1891,514,30,745
2023-04-13,2023,Online,1688289.93,3478,961,30,1211
2023-04-14,2023,In-Store,3009093.42,6322,1737,30,1880
2023-04-14,2023,Mobile App,831882.43,1725,480,30,654
2023-04-14,2023,Online,1714153.1,3618,951,30,1197
2023-04-15,2023,In-Store,3088696.58,6579,1774,30,1884
2023-04-15,2023,Mobile App,858832.94,1854,509,30,685
2023-04-15,2023,Online,1813376.31,3547,983,30,1198
2023-04-16,2023,In-Store,3175778.84,6479,1778,30,1872
2023-04-16,2023,Mobile App,853409.24,1773,478,30,699
2023-04-16,2023,Online,1802590.45,3543,951,30,1224
2023-04-17,2023,In-Store,3078038.78,6460,1781,30,1888
2023-04-17,2023,Mobile App,900352.33,1865,499,30,756
2023-04-17,2023,Online,1780878.86,3566,966,30,1212
2023-04-18,2023,In-Store,3123207.59,6407,1810,30,1872
2023-04-18,2023,Mobile App,853818.53,1809,480,30,688
2023-04-18,2023,Online,1584001.17,3380,943,30,1164
2023-04-19,2023,In-Store,4164855.89,6706,1843,30,1878
2023-04-19,2023,Mobile App,1265371.79,1827,508,30,715
2023-04-19,2023,Online,2219691.75,3544,985,30,1255
2023-04-20,2023,In-Store,4484098.92,7007,1868,30,1967
2023-04-20,2023,Mobile App,1116549.25,1839,494,30,692
2023-04-20,2023,Online,2274006.63,3613,982,30,1262
2023-04-21,2023,In-Store,3773803.34,6431,1829,30,1883
2023-04-21,2023,Mobile App,1006878.26,1571,458,30,643
2023-04-21,2023,Online,2183234.73,3552,996,30,1196
2023-04-22,2023,In-Store,4132379.4899999998,6512,1819,30,1869
2023-04-22,2023,Mobile App,1088993.02,1802,508,30,694
2023-04-22,2023,Online,2279367.85,3531,984,30,1245
2023-04-23,2023,In-Store,4060461.47,6564,1825,30,1925
2023-04-23,2023,Mobile App,1034514.33,1693,455,30,672
2023-04-23,2023,Online,2148963.82,3447,949,30,1206
2023-04-24,2023,In-Store,3741695.44,6261,1721,30,1836
2023-04-24,2023,Mobile App,1120890.07,1736,479,30,654
2023-04-24,2023,Online,2158276.98,3459,972,30,1192
2023-04-25,2023,In-Store,4065803.74,6416,1780,30,1860
2023-04-25,2023,Mobile App,1117919.78,1698,463,30,674
2023-04-25,2023,Online,2041103.93,3188,881,30,1102
2023-04-26,2023,In-Store,3954991.32,6314,1800,30,1864
2023-04-26,2023,Mobile App,984855.3,1654,483,30,647
2023-04-26,2023,Online,2272323.71,3680,981,30,1237
2023-04-27,2023,In-Store,4088075.67,6627,1816,30,1941
2023-04-27,2023,Mobile App,1115757.95,1763,505,30,706
2023-04-27,2023,Online,2124939.84,3413,936,30,1169
2023-04-28,2023,In-Store,4098057.29,6708,1811,30,1936
2023-04-28,2023,Mobile App,1029582.87,1608,443,30,637
2023-04-28,2023,Online,2215514.92,3518,966,30,1217
2023-04-29,2023,In-Store,4318716.27,6693,1799,30,1882
2023-04-29,2023,Mobile App,1046923.08,1704,469,30,681
2023-04-29,2023,Online,1987445.54,3250,921,30,1133
2023-04-30,2023,In-Store,4098969.98,6526,1803,30,1864
2023-04-30,2023,Mobile App,924133.45,1520,422,30,602
2023-04-30,2023,Online,2255072.89,3511,955,30,1192
2023-05-01,2023,In-Store,4015724.25,6424,1797,30,1832
2023-05-01,2023,Mobile App,1082637.3,1701,466,30,686
2023-05-01,2023,Online,2278055.41,3695,989,30,1217
2023-05-02,2023,In-Store,4046451.58,6732,1830,30,1915
2023-05-02,2023,Mobile App,1207989.11,1870,489,30,711
2023-05-02,2023,Online,2179279.6,3513,975,30,1199
2023-05-03,2023,In-Store,4161197.47,6840,1865,30,1879
2023-05-03,2023,Mobile App,1184422.81,1826,494,30,702
2023-05-03,2023,Online,2245999.06,3677,991,30,1225
2023-05-04,2023,In-Store,4275338.61,6568,1789,30,1890
2023-05-04,2023,Mobile App,1047574.6900000001,1745,460,30,699
2023-05-04,2023,Online,2210446.9,3475,980,30,1193
2023-05-05,2023,In-Store,4359291.79,6776,1829,30,1928
2023-05-05,2023,Mobile App,1104646.54,1906,493,30,689
2023-05-05,2023,Online,2359748.29,3716,1005,30,1257
2023-05-06,2023,In-Store,3978645.64,6282,1764,30,1822
2023-05-06,2023,Mobile App,1274516.72,2000,531,30,741
2023-05-06,2023,Online,2314525.75,3606,991,30,1234
2023-05-07,2023,In-Store,4240935.36,6917,1912,30,1913
2023-05-07,2023,Mobile App,1115217.6,1823,531,30,737
2023-05-07,2023,Online,2357034.72,3659,1014,30,1233
2023-05-08,2023,In-Store,4105924.35,6638,1835,30,1901
2023-05-08,2023,Mobile App,1104486.35,1748,487,30,698
2023-05-08,2023,Online,2226794.21,3632,973,30,1197
2023-05-09,2023,In-Store,4341900.32,6979,1919,30,2009
2023-05-09,2023,Mobile App,1175914.28,1933,508,30,723
2023-05-09,2023,Online,2073843.16,3512,963,30,1195
2023-05-10,2023,In-Store,3891995.57,6364,1793,30,1865
2023-05-10,2023,Mobile App,1302062.11,1937,530,30,732
2023-05-10,2023,Online,2284464.87,3675,999,30,1237
2023-05-11,2023,In-Store,4173910.6,6802,1843,30,1905
2023-05-11,2023,Mobile App,1115462.87,1780,497,30,686
2023-05-11,2023,Online,2086856.28,3467,947,30,1188
2023-05-12,2023,In-Store,4282980.75,6785,1827,30,1949
2023-05-12,2023,Mobile App,1091668.0,1790,501,30,679
2023-05-12,2023,Online,2312980.01,3833,1010,30,1284
2023-05-13,2023,In-Store,4095366.66,6538,1809,30,1891
2023-05-13,2023,Mobile App,1181160.11,1822,495,30,674
2023-05-13,2023,Online,2155529.89,3367,922,30,1141
2023-05-14,2023,In-Store,3852035.73,6507,1794,30,1877
2023-05-14,2023,Mobile App,1149057.11,1990,540,30,741
2023-05-14,2023,Online,2058115.19,3503,974,30,1186
2023-05-15,2023,In-Store,4013951.18,6651,1862,30,1923
2023-05-15,2023,Mobile App,1061507.87,1697,472,30,645
2023-05-15,2023,Online,2284661.46,3491,952,30,1189
2023-05-16,2023,In-Store,4048660.72,6493,1821,30,1843
2023-05-16,2023,Mobile App,1060574.3,1752,482,30,686
2023-05-16,2023,Online,2108944.44,3506,1001,30,1217
2023-05-17,2023,In-Store,4238010.9,6860,1847,30,1939
2023-05-17,2023,Mobile App,1175538.24,1931,532,30,740
2023-05-17,2023,Online,2104501.72,3508,962,30,1213
2023-05-18,2023,In-Store,4013732.29,6610,1818,30,1874
2023-05-18,2023,Mobile App,1127481.84,1733,496,30,696
2023-05-18,2023,Online,2167969.73,3433,961,30,1196
2023-05-19,2023,In-Store,4171873.93,6509,1783,30,1884
2023-05-19,2023,Mobile App,1094194.6199999999,1838,488,30,707
2023-05-19,2023,Online,2262347.96,3669,987,30,1189
2023-05-20,2023,In-Store,4133796.82,6754,1847,30,1926
2023-05-20,2023,Mobile App,1105749.65,1863,487,30,689
2023-05-20,2023,Online,2502733.12,3876,1028,30,1242
2023-05-21,2023,In-Store,4236734.17,6801,1885,30,1923
2023-05-21,2023,Mobile App,1053393.38,1788,484,30,670
2023-05-21,2023,Online,2178375.06,3486,1004,30,1226
2023-05-22,2023,In-Store,4229506.96,6744,1858,30,1908
2023-05-22,2023,Mobile App,1038627.96,1694,490,30,674
2023-05-22,2023,Online,2048613.85,3384,949,30,1165
2023-05-23,2023,In-Store,4117943.69,6478,1804,30,1870
2023-05-23,2023,Mobile App,1110711.9,1790,495,30,691
2023-05-23,2023,Online,2219698.67,3542,991,30,1194
2023-05-24,2023,In-Store,4258786.45,6629,1832,30,1914
2023-05-24,2023,Mobile App,1176017.37,1769,487,30,703
2023-05-24,2023,Online,2201742.08,3464,959,30,1178
2023-05-25,2023,In-Store,4171479.46,6725,1812,30,1957
2023-05-25,2023,Mobile App,1251134.05,1845,504,30,712
2023-05-25,2023,Online,2147430.56,3448,953,30,1155
2023-05-26,2023,In-Store,4334996.48,6762,1859,30,1933
2023-05-26,2023,Mobile App,1128811.77,1768,475,30,673
2023-05-26,2023,Online,2204158.37,3471,986,30,1197
2023-05-27,2023,In-Store,4101586.67,6709,1819,30,1943
2023-05-27,2023,Mobile App,1081414.95,1704,470,30,662
2023-05-27,2023,Online,2202890.24,3575,994,30,1201
2023-05-28,2023,In-Store,4077404.32,6653,1855,30,1876
2023-05-28,2023,Mobile App,1257825.05,1882,503,30,718
2023-05-28,2023,Online,2175296.02,3458,951,30,1183
2023-05-29,2023,In-Store,3901428.68,6547,1821,30,1891
2023-05-29,2023,Mobile App,1126469.57,1752,489,30,707
2023-05-29,2023,Online,2242803.71,3615,1012,30,1237
2023-05-30,2023,In-Store,4212527.27,6712,1839,30,1931
2023-05-30,2023,Mobile App,1074851.52,1773,485,30,680
2023-05-30,2023,Online,2262820.03,3518,972,30,1181
2023-05-31,2023,In-Store,4015259.28,6594,1840,30,1890
2023-05-31,2023,Mobile App,1302454.9,2001,551,30,743
2023-05-31,2023,Online,2095156.26,3396,945,30,1184
2023-06-01,2023,In-Store,2525499.25,6801,1840,30,1947
2023-06-01,2023,Mobile App,734575.04,1914,541,30,741
2023-06-01,2023,Online,1356918.19,3650,998,30,1221
2023-06-02,2023,In-Store,2529094.21,6789,1861,30,1924
2023-06-02,2023,Mobile App,674860.85,1810,486,30,725
2023-06-02,2023,Online,1334398.71,3542,969,30,1210
2023-06-03,2023,In-Store,2606873.88,6981,1900,30,1946
2023-06-03,2023,Mobile App,695814.17,1738,475,30,701
2023-06-03,2023,Online,1276936.27,3587,984,30,1231
2023-06-04,2023,In-Store,2580977.55,6815,1881,30,1942
2023-06-04,2023,Mobile App,804391.28,1942,533,30,750
2023-06-04,2023,Online,1263330.51,3525,973,30,1203
2023-06-05,2023,In-Store,2553711.59,6794,1892,30,1935
2023-06-05,2023,Mobile App,653849.07,1747,475,30,663
2023-06-05,2023,Online,1380779.4,3712,1049,30,1246
2023-06-06,2023,In-Store,2422242.34,6584,1835,30,1916
2023-06-06,2023,Mobile App,621836.73,1727,479,30,666
2023-06-06,2023,Online,1390234.86,3690,1039,30,1222
2023-06-07,2023,In-Store,2846750.34,7113,1902,30,1949
2023-06-07,2023,Mobile App,796021.13,2017,531,30,766
2023-06-07,2023,Online,1502520.31,3668,979,30,1199
2023-06-08,2023,In-Store,2768705.16,6876,1844,30,1988
2023-06-08,2023,Mobile App,775691.93,1935,532,30,733
2023-06-08,2023,Online,1364472.36,3422,984,30,1201
2023-06-09,2023,In-Store,2684677.36,6697,1839,30,1936
2023-06-09,2023,Mobile App,744343.4400000001,1807,490,30,723
2023-06-09,2023,Online,1465980.64,3536,969,30,1237
2023-06-10,2023,In-Store,2639253.2,6643,1847,30,1895
2023-06-10,2023,Mobile App,791500.36,1933,521,30,744
2023-06-10,2023,Online,1585819.09,3786,1050,30,1300
2023-06-11,2023,In-Store,3194283.03,6705,1840,30,1912
2023-06-11,2023,Mobile App,928985.21,1943,513,30,748
2023-06-11,2023,Online,1851009.1,3641,992,30,1229
2023-06-12,2023,In-Store,4103099.87,6597,1854,30,1896
2023-06-12,2023,Mobile App,1078395.73,1825,510,30,710
2023-06-12,2023,Online,2191752.1,3726,1032,30,1240
2023-06-13,2023,In-Store,4377753.83,7183,1944,30,2008
2023-06-13,2023,Mobile App,1146127.36,1894,529,30,728
2023-06-13,2023,Online,2425311.61,4001,1062,30,1327
2023-06-14,2023,In-Store,4098849.44,6869,1924,30,1926
2023-06-14,2023,Mobile App,1229523.16,1973,516,30,741
2023-06-14,2023,Online,2370284.97,3840,1072,30,1271
2023-06-15,2023,In-Store,3878701.46,6587,1867,30,1891
2023-06-15,2023,Mobile App,1058916.33,1866,522,30,751
2023-06-15,2023,Online,2357752.44,3776,1020,30,1245
2023-06-16,2023,In-Store,4240967.43,7033,1926,30,1993
2023-06-16,2023,Mobile App,1006874.88,1810,501,30,707
2023-06-16,2023,Online,2246295.09,3662,1019,30,1229
2023-06-17,2023,In-Store,4080573.68,6810,1863,30,1963
2023-06-17,2023,Mobile App,1100352.99,1933,519,30,734
2023-06-17,2023,Online,2117845.15,3533,1004,30,1216
2023-06-18,2023,In-Store,3989151.79,6596,1870,30,1895
2023-06-18,2023,Mobile App,1093408.64,1848,552,30,740
2023-06-18,2023,Online,2311345.23,3812,1007,30,1277
2023-06-19,2023,In-Store,3780681.58,6456,1797,30,1875
2023-06-19,2023,Mobile App,1069645.4,1731,500,30,664
2023-06-19,2023,Online,2222496.18,3743,1008,30,1285
2023-06-20,2023,In-Store,4214449.09,6956,1949,30,1935
2023-06-20,2023,Mobile App,1054754.55,1749,501,30,682
2023-06-20,2023,Online,2190103.84,3665,1021,30,1256
2023-06-21,2023,In-Store,4454511.07,7076,1931,30,1977
2023-06-21,2023,Mobile App,1056387.73,1672,478,30,679
2023-06-21,2023,Online,2182365.3,3710,998,30,1280
2023-06-22,2023,In-Store,4056601.47,6564,1854,30,1907
2023-06-22,2023,Mobile App,1066506.68,1799,522,30,704
2023-06-22,2023,Online,2358580.85,3715,1004,30,1242
2023-06-23,2023,In-Store,4296955.99,6811,1909,30,1979
2023-06-23,2023,Mobile App,1153444.99,1851,499,30,710
2023-06-23,2023,Online,2396846.87,3836,1034,30,1281
2023-06-24,2023,In-Store,4244085.06,6954,1923,30,1998
2023-06-24,2023,Mobile App,1217344.38,1999,552,30,791
2023-06-24,2023,Online,2439399.84,3830,1041,30,1287
2023-06-25,2023,In-Store,4163533.73,6879,1932,30,1955
2023-06-25,2023,Mobile App,1322223.99,2158,576,30,814
2023-06-25,2023,Online,2238418.4,3557,1021,30,1200
2023-06-26,2023,In-Store,4290094.77,6821,1899,30,1938
2023-06-26,2023,Mobile App,1103906.95,1823,523,30,723
2023-06-26,2023,Online,2355880.33,3886,1056,30,1314
2023-06-27,2023,In-Store,4344351.92,7095,1939,30,2011
2023-06-27,2023,Mobile App,1193755.22,1821,498,30,688
2023-06-27,2023,Online,2445571.08,3965,1058,30,1284
2023-06-28,2023,In-Store,4244328.69,6756,1895,30,1898
2023-06-28,2023,Mobile App,1142527.6,1808,512,30,719
2023-06-28,2023,Online,2393607.4,3755,1060,30,1225
2023-06-29,2023,In-Store,4192011.02,6799,1905,30,1943
2023-06-29,2023,Mobile App,1094353.69,1709,498,30,678
2023-06-29,2023,Online,2273300.38,3703,1037,30,1258
2023-06-30,2023,In-Store,4238215.28,6865,1907,30,1907
2023-06-30,2023,Mobile App,1081318.44,1877,531,30,710
2023-06-30,2023,Online,2123415.07,3584,996,30,1237
2023-07-01,2023,In-Store,3789151.29,6322,1751,30,1855
2023-07-01,2023,Mobile App,1135125.1,1718,475,30,670
2023-07-01,2023,Online,2134080.77,3378,926,30,1158
2023-07-02,2023,In-Store,3558794.06,5967,1679,30,1766
2023-07-02,2023,Mobile App,1182751.49,1749,489,30,699
2023-07-02,2023,Online,2091893.08,3470,956,30,1163
2023-07-03,2023,In-Store,4031706.31,6450,1755,30,1842
2023-07-03,2023,Mobile App,1003035.21,1768,474,30,674
2023-07-03,2023,Online,2046830.92,3175,945,30,1126
2023-07-04,2023,In-Store,3789278.61,6182,1728,30,1821
2023-07-04,2023,Mobile App,1118319.64,1707,479,30,670
2023-07-04,2023,Online,2033369.13,3344,971,30,1165
2023-07-05,2023,In-Store,3797910.69,6170,1756,30,1855
2023-07-05,2023,Mobile App,1027917.52,1613,476,30,633
2023-07-05,2023,Online,1940308.56,3307,938,30,1150
2023-07-06,2023,In-Store,3999082.47,6341,1738,30,1858
2023-07-06,2023,Mobile App,920908.69,1517,459,30,620
2023-07-06,2023,Online,2104534.56,3456,922,30,1175
2023-07-07,2023,In-Store,3970634.83,6211,1687,30,1758
2023-07-07,2023,Mobile App,967110.19,1577,457,30,654
2023-07-07,2023,Online,1858584.2,3059,874,30,1104
2023-07-08,2023,In-Store,4035444.25,6443,1768,30,1866
2023-07-08,2023,Mobile App,991218.89,1629,447,30,646
2023-07-08,2023,Online,1909092.04,3168,910,30,1135
2023-07-09,2023,In-Store,3849795.36,6112,1682,30,1804
2023-07-09,2023,Mobile App,1098778.33,1826,513,30,700
2023-07-09,2023,Online,2295888.71,3502,955,30,1224
2023-07-10,2023,In-Store,4002127.74,6295,1740,30,1833
2023-07-10,2023,Mobile App,1098468.72,1769,499,30,702
2023-07-10,2023,Online,2286126.47,3489,916,30,1185
2023-07-11,2023,In-Store,3756914.7399999998,6075,1658,30,1803
2023-07-11,2023,Mobile App,1062088.02,1689,478,30,672
2023-07-11,2023,Online,2065388.31,3316,914,30,1113
2023-07-12,2023,In-Store,3825617.68,6221,1720,30,1803
2023-07-12,2023,Mobile App,1019055.52,1729,494,30,707
2023-07-12,2023,Online,2105961.18,3351,909,30,1136
2023-07-13,2023,In-Store,3733656.89,6352,1734,30,1846
2023-07-13,2023,Mobile App,1168156.18,1790,482,30,676
2023-07-13,2023,Online,2303390.44,3766,1005,30,1295
2023-07-14,2023,In-Store,3730923.47,6303,1766,30,1871
2023-07-14,2023,Mobile App,980020.47,1691,471,30,663
2023-07-14,2023,Online,1991621.82,3283,884,30,1118
2023-07-15,2023,In-Store,3744938.87,6065,1719,30,1790
2023-07-15,2023,Mobile App,1146607.6,1784,482,30,678
2023-07-15,2023,Online,2172418.42,3362,925,30,1169
2023-07-16,2023,In-Store,3490462.61,5995,1685,30,1744
2023-07-16,2023,Mobile App,1053135.06,1749,449,30,702
2023-07-16,2023,Online,1911789.57,3313,923,30,1124
2023-07-17,2023,In-Store,3558795.56,6052,1694,30,1816
2023-07-17,2023,Mobile App,1088938.93,1849,503,30,744
2023-07-17,2023,Online,2024314.28,3428,959,30,1228
2023-07-18,2023,In-Store,3829157.88,5951,1657,30,1761
2023-07-18,2023,Mobile App,987401.47,1755,488,30,689
2023-07-18,2023,Online,2129037.27,3545,967,30,1199
2023-07-19,2023,In-Store,3633443.68,6151,1703,30,1821
2023-07-19,2023,Mobile App,884108.87,1745,479,30,701
2023-07-19,2023,Online,2157453.95,3471,932,30,1180
2023-07-20,2023,In-Store,3657402.91,6162,1750,30,1832
2023-07-20,2023,Mobile App,965432.11,1542,447,30,633
2023-07-20,2023,Online,2210064.29,3500,960,30,1212
2023-07-21,2023,In-Store,3363436.56,6031,1718,30,1799
2023-07-21,2023,Mobile App,1040139.84,1631,458,30,654
2023-07-21,2023,Online,1898135.67,3337,917,30,1162
2023-07-22,2023,In-Store,3665909.4,6251,1708,30,1827
2023-07-22,2023,Mobile App,1001549.96,1763,466,30,661
2023-07-22,2023,Online,2298303.29,3765,991,30,1278
2023-07-23,2023,In-Store,2050409.69,6124,1697,30,1751
2023-07-23,2023,Mobile App,539980.19,1667,450,30,630
2023-07-23,2023,Online,1133612.13,3459,970,30,1193
2023-07-24,2023,In-Store,2137271.99,6393,1784,30,1835
2023-07-24,2023,Mobile App,462998.55,1507,416,30,607
2023-07-24,2023,Online,1146981.43,3372,940,30,1163
2023-07-25,2023,In-Store,2090238.99,6319,1789,30,1841
2023-07-25,2023,Mobile App,555103.07,1557,447,30,618
2023-07-25,2023,Online,1023552.72,3141,853,30,1127
2023-07-26,2023,In-Store,2040480.46,6047,1683,30,1807
2023-07-26,2023,Mobile App,593153.11,1665,456,30,663
2023-07-26,2023,Online,1064217.7,3167,874,30,1114
2023-07-27,2023,In-Store,2067669.32,6234,1694,30,1794
2023-07-27,2023,Mobile App,509575.56,1611,462,30,621
2023-07-27,2023,Online,1210748.08,3459,975,30,1212
2023-07-28,2023,In-Store,2124047.36,6128,1691,30,1775
2023-07-28,2023,Mobile App,519489.42,1640,483,30,673
2023-07-28,2023,Online,999322.81,2985,864,30,1092
2023-07-29,2023,In-Store,2156755.87,6434,1757,30,1862
2023-07-29,2023,Mobile App,550553.49,1646,456,30,628
2023-07-29,2023,Online,1140996.2,3432,965,30,1153
2023-07-30,2023,In-Store,2169512.58,6518,1788,30,1868
2023-07-30,2023,Mobile App,487171.5,1516,439,30,609
2023-07-30,2023,Online,1183453.15,3458,967,30,1191
2023-07-31,2023,In-Store,2073536.81,6226,1748,30,1879
2023-07-31,2023,Mobile App,510718.35,1694,461,30,664
2023-07-31,2023,Online,1063019.74,3308,904,30,1163
2023-08-01,2023,In-Store,2460517.4,7281,1949,30,2016
2023-08-01,2023,Mobile App,597429.65,1882,537,30,761
2023-08-01,2023,Online,1162267.53,3546,980,30,1217
2023-08-02,2023,In-Store,2288478.59,6886,1926,30,1947
2023-08-02,2023,Mobile App,583605.0,1783,502,30,709
2023-08-02,2023,Online,1221478.03,3488,977,30,1221
2023-08-03,2023,In-Store,2432740.51,7158,1953,30,2004
2023-08-03,2023,Mobile App,591677.5,1866,525,30,704
2023-08-03,2023,Online,1372906.98,4045,1099,30,1327
2023-08-04,2023,In-Store,2170036.89,6613,1857,30,1905
2023-08-04,2023,Mobile App,577299.33,1791,518,30,695
2023-08-04,2023,Online,1209587.27,3653,962,30,1197
2023-08-05,2023,In-Store,2410627.91,7009,1890,30,1984
2023-08-05,2023,Mobile App,627897.0,1873,501,30,738
2023-08-05,2023,Online,1231135.21,3719,1051,30,1266
2023-08-06,2023,In-Store,2521453.8,7177,1977,30,2020
2023-08-06,2023,Mobile App,736122.99,2055,549,30,790
2023-08-06,2023,Online,1311319.61,3709,1032,30,1254
2023-08-07,2023,In-Store,2296847.29,6687,1860,30,1889
2023-08-07,2023,Mobile App,672061.57,2006,535,30,761
2023-08-07,2023,Online,1425217.95,4187,1109,30,1384
2023-08-08,2023,In-Store,2366804.57,7044,1878,30,1955
2023-08-08,2023,Mobile App,663287.19,1935,511,30,724
2023-08-08,2023,Online,1196110.14,3573,989,30,1234
2023-08-09,2023,In-Store,4109650.97,7190,1983,30,2024
2023-08-09,2023,Mobile App,1136793.17,1943,537,30,736
2023-08-09,2023,Online,2260550.42,3676,1028,30,1244
2023-08-10,2023,In-Store,4282308.62,7141,1948,30,1974
2023-08-10,2023,Mobile App,1146154.73,1943,529,30,751
2023-08-10,2023,Online,2196703.59,3708,1031,30,1254
2023-08-11,2023,In-Store,4471640.57,7295,1978,30,2014
2023-08-11,2023,Mobile App,1150260.07,1911,519,30,733
2023-08-11,2023,Online,2403404.64,3783,1054,30,1273
2023-08-12,2023,In-Store,4331923.78,7182,1961,30,1996
2023-08-12,2023,Mobile App,1301446.25,1993,520,30,785
2023-08-12,2023,Online,2470731.33,3846,1053,30,1293
2023-08-13,2023,In-Store,4366451.68,7211,1968,30,1993
2023-08-13,2023,Mobile App,1159444.0,2019,531,30,784
2023-08-13,2023,Online,2384384.98,3671,1000,30,1241
2023-08-14,2023,In-Store,4292866.91,6827,1897,30,1936
2023-08-14,2023,Mobile App,1149165.14,1933,523,30,763
2023-08-14,2023,Online,2618614.37,4140,1103,30,1387
2023-08-15,2023,In-Store,4425217.58,6970,1912,30,1946
2023-08-15,2023,Mobile App,1256165.67,1920,540,30,744
2023-08-15,2023,Online,2334391.01,3775,1027,30,1290
2023-08-16,2023,In-Store,4209806.56,6955,1939,30,1945
2023-08-16,2023,Mobile App,1228422.76,2009,546,30,738
2023-08-16,2023,Online,2172876.7,3583,1032,30,1271
2023-08-17,2023,In-Store,4367981.86,6832,1894,30,1958
2023-08-17,2023,Mobile App,1101223.43,1906,519,30,708
2023-08-17,2023,Online,2172284.9,3622,1030,30,1219
2023-08-18,2023,In-Store,4239288.22,6749,1871,30,1936
2023-08-18,2023,Mobile App,1179355.16,1826,503,30,704
2023-08-18,2023,Online,2237763.12,3663,1022,30,1235
2023-08-19,2023,In-Store,3721285.22,6795,1878,30,1933
2023-08-19,2023,Mobile App,912778.08,1772,520,30,716
2023-08-19,2023,Online,1987226.51,3769,1001,30,1258
2023-08-20,2023,In-Store,3678807.1,6810,1913,30,1938
2023-08-20,2023,Mobile App,1176122.72,2221,583,30,833
2023-08-20,2023,Online,2107226.38,3791,1084,30,1310
2023-08-21,2023,In-Store,3958864.74,7256,1955,30,2022
2023-08-21,2023,Mobile App,1084306.69,1954,520,30,732
2023-08-21,2023,Online,2273850.89,4074,1084,30,1329
2023-08-22,2023,In-Store,3733744.31,6863,1910,30,1946
2023-08-22,2023,Mobile App,1019720.11,1832,521,30,735
2023-08-22,2023,Online,1966899.44,3835,1079,30,1287
2023-08-23,2023,In-Store,3832531.35,6841,1887,30,1938
2023-08-23,2023,Mobile App,967398.46,1720,498,30,699
2023-08-23,2023,Online,1976968.29,3733,1036,30,1249
2023-08-24,2023,In-Store,3854136.19,7005,1921,30,1936
2023-08-24,2023,Mobile App,1116469.61,1970,507,30,738
2023-08-24,2023,Online,2093031.56,3939,1100,30,1322
2023-08-25,2023,In-Store,3884365.81,7173,1956,30,2003
2023-08-25,2023,Mobile App,932399.91,1862,525,30,727
2023-08-25,2023,Online,2121670.56,3854,1067,30,1286
2023-08-26,2023,In-Store,3798403.15,7014,1920,30,2014
2023-08-26,2023,Mobile App,930137.31,1773,507,30,681
2023-08-26,2023,Online,1991272.69,3791,1038,30,1231
2023-08-27,2023,In-Store,3764165.84,6995,1895,30,2014
2023-08-27,2023,Mobile App,1088598.43,1941,529,30,736
2023-08-27,2023,Online,1983635.43,3714,1007,30,1270
2023-08-28,2023,In-Store,3934772.7,7015,1910,30,1922
2023-08-28,2023,Mobile App,1017808.25,1875,489,30,714
2023-08-28,2023,Online,2046965.99,3759,1034,30,1243
2023-08-29,2023,In-Store,3763852.2,6716,1860,30,1929
2023-08-29,2023,Mobile App,1089441.53,1975,559,30,725
2023-08-29,2023,Online,1941293.55,3722,1030,30,1264
2023-08-30,2023,In-Store,3830414.07,7238,1935,30,2026
2023-08-30,2023,Mobile App,939993.19,1760,475,30,679
2023-08-30,2023,Online,2089117.17,3980,1093,30,1313
2023-08-31,2023,In-Store,3630746.31,6840,1890,30,1964
2023-08-31,2023,Mobile App,1008439.71,1789,479,30,703
2023-08-31,2023,Online,1861044.8699999999,3528,982,30,1209
2023-09-01,2023,In-Store,4154991.28,7569,2058,30,2088
2023-09-01,2023,Mobile App,1109415.86,1976,539,30,755
2023-09-01,2023,Online,2042906.8,3893,1088,30,1308
2023-09-02,2023,In-Store,3794344.92,7048,2007,30,1985
2023-09-02,2023,Mobile App,969316.98,1815,488,30,694
2023-09-02,2023,Online,2066546.81,3961,1088,30,1314
2023-09-03,2023,In-Store,3838071.22,7071,2000,30,1958
2023-09-03,2023,Mobile App,928838.21,1866,532,30,747
2023-09-03,2023,Online,2029693.01,3798,1056,30,1258
2023-09-04,2023,In-Store,3843931.71,7042,1938,30,2003
2023-09-04,2023,Mobile App,1102751.48,2037,583,30,782
2023-09-04,2023,Online,2128846.4,3925,1101,30,1334
2023-09-05,2023,In-Store,3936412.7,7299,1955,30,2011
2023-09-05,2023,Mobile App,997085.71,1827,511,30,700
2023-09-05,2023,Online,2021753.62,3850,1066,30,1272
2023-09-06,2023,In-Store,4158030.53,7607,2051,30,2053
2023-09-06,2023,Mobile App,1056497.68,1946,519,30,728
2023-09-06,2023,Online,1941229.66,3633,987,30,1222
2023-09-07,2023,In-Store,3887105.86,7089,2010,30,2009
2023-09-07,2023,Mobile App,1068710.57,1941,530,30,759
2023-09-07,2023,Online,2042135.34,3726,1048,30,1240
2023-09-08,2023,In-Store,4104467.16,7493,2032,30,2090
2023-09-08,2023,Mobile App,1192311.1,2183,584,30,794
2023-09-08,2023,Online,2058405.37,3784,1092,30,1288
2023-09-09,2023,In-Store,3954706.12,7158,1970,30,2028
2023-09-09,2023,Mobile App,1002957.0,1882,525,30,754
2023-09-09,2023,Online,2148250.22,3904,1075,30,1292
2023-09-10,2023,In-Store,4005566.43,7424,2014,30,2045
2023-09-10,2023,Mobile App,1016308.63,1924,546,30,755
2023-09-10,2023,Online,2127607.15,3906,1061,30,1328
2023-09-11,2023,In-Store,4002275.4899999998,7259,2014,30,2008
2023-09-11,2023,Mobile App,1009674.69,1856,539,30,736
2023-09-11,2023,Online,2177413.53,3989,1080,30,1314
2023-09-12,2023,In-Store,3898715.63,7143,1971,30,2010
2023-09-12,2023,Mobile App,1086573.48,1998,557,30,758
2023-09-12,2023,Online,2093731.2,3959,1074,30,1289
2023-09-13,2023,In-Store,3902718.99,7168,1947,30,2008
2023-09-13,2023,Mobile App,1072058.31,1949,532,30,748
2023-09-13,2023,Online,2097659.8,3868,1087,30,1275
2023-09-14,2023,In-Store,3935100.24,7232,2043,30,2005
2023-09-14,2023,Mobile App,1071976.55,1963,535,30,750
2023-09-14,2023,Online,2119915.4,3904,1055,30,1334
2023-09-15,2023,In-Store,3889158.92,7243,1979,30,2051
2023-09-15,2023,Mobile App,952627.7,1759,483,30,704
2023-09-15,2023,Online,2270778.01,3930,1077,30,1272
2023-09-16,2023,In-Store,4555945.61,7244,1982,30,2006
2023-09-16,2023,Mobile App,1150664.52,1842,499,30,705
2023-09-16,2023,Online,2460330.98,3954,1058,30,1281
2023-09-17,2023,In-Store,4262646.39,6981,1972,30,1945
2023-09-17,2023,Mobile App,1067739.06,1779,499,30,690
2023-09-17,2023,Online,2479178.21,4026,1078,30,1343
2023-09-18,2023,In-Store,4495498.6,7256,2003,30,2019
2023-09-18,2023,Mobile App,1118073.35,1842,515,30,735
2023-09-18,2023,Online,2608846.9,3943,1074,30,1304
2023-09-19,2023,In-Store,4214803.9,7164,1984,30,1969
2023-09-19,2023,Mobile App,1174826.7,2054,565,30,787
2023-09-19,2023,Online,2377156.77,3761,1030,30,1257
2023-09-20,2023,In-Store,4172835.9,6958,1959,30,2004
2023-09-20,2023,Mobile App,1222658.36,2039,548,30,783
2023-09-20,2023,Online,2453992.54,3949,1088,30,1336
2023-09-21,2023,In-Store,4218317.15,6960,1911,30,1992
2023-09-21,2023,Mobile App,1316629.38,2101,584,30,809
2023-09-21,2023,Online,2414764.28,3927,1050,30,1300
2023-09-22,2023,In-Store,4807535.37,7565,2069,30,2042
2023-09-22,2023,Mobile App,1222575.76,1958,537,30,750
2023-09-22,2023,Online,2494405.72,3987,1095,30,1341
2023-09-23,2023,In-Store,4644032.63,7358,1998,30,2005
2023-09-23,2023,Mobile App,1264235.94,2026,555,30,749
2023-09-23,2023,Online,2319552.88,3776,1058,30,1271
2023-09-24,2023,In-Store,4513187.43,7257,1972,30,2023
2023-09-24,2023,Mobile App,1104999.25,1802,519,30,750
2023-09-24,2023,Online,2318739.48,3862,1068,30,1306
2023-09-25,2023,In-Store,4353962.88,7088,1989,30,2016
2023-09-25,2023,Mobile App,1057666.97,1779,526,30,718
2023-09-25,2023,Online,2464783.47,3991,1060,30,1321
2023-09-26,2023,In-Store,4471365.84,7211,1976,30,2067
2023-09-26,2023,Mobile App,1166235.35,1958,538,30,784
2023-09-26,2023,Online,2309715.48,3744,1025,30,1229
2023-09-27,2023,In-Store,4652158.15,7345,1990,30,2036
2023-09-27,2023,Mobile App,1066234.8,1805,504,30,716
2023-09-27,2023,Online,2401096.06,4029,1091,30,1323
2023-09-28,2023,In-Store,4400724.89,7107,1978,30,1992
2023-09-28,2023,Mobile App,1326710.13,1990,564,30,745
2023-09-28,2023,Online,2350779.01,3912,1059,30,1307
2023-09-29,2023,In-Store,4527571.12,7409,1986,30,2100
2023-09-29,2023,Mobile App,1196685.67,1957,553,30,760
2023-09-29,2023,Online,2413644.17,3963,1064,30,1296
2023-09-30,2023,In-Store,4444546.5,7079,1986,30,2052
2023-09-30,2023,Mobile App,1152605.65,1912,550,30,745
2023-09-30,2023,Online,2430835.64,3942,1123,30,1306
2023-10-01,2023,In-Store,4288094.47,7038,1905,30,2022
2023-10-01,2023,Mobile App,1230839.43,2016,540,30,782
2023-10-01,2023,Online,2303083.24,3673,1011,30,1244
2023-10-02,2023,In-Store,4483603.54,7075,1980,30,2028
2023-10-02,2023,Mobile App,1185484.33,1864,497,30,717
2023-10-02,2023,Online,2195908.4,3719,1046,30,1224
2023-10-03,2023,In-Store,4121857.96,6737,1896,30,1937
2023-10-03,2023,Mobile App,1139719.53,1831,533,30,717
2023-10-03,2023,Online,2393217.93,3745,1028,30,1272
2023-10-04,2023,In-Store,4396466.85,7020,1890,30,1985
2023-10-04,2023,Mobile App,1285606.0,2026,526,30,738
2023-10-04,2023,Online,2395242.96,3774,1028,30,1243
2023-10-05,2023,In-Store,4588240.92,7263,1966,30,2047
2023-10-05,2023,Mobile App,1459914.84,2274,590,30,849
2023-10-05,2023,Online,2410436.81,3889,1032,30,1295
2023-10-06,2023,In-Store,4340258.07,7078,1951,30,2016
2023-10-06,2023,Mobile App,1315029.79,2038,545,30,785
2023-10-06,2023,Online,2335147.04,3871,1031,30,1299
2023-10-07,2023,In-Store,4163576.09,6617,1868,30,1904
2023-10-07,2023,Mobile App,1098598.69,1800,496,30,707
2023-10-07,2023,Online,2354728.65,3674,1030,30,1244
2023-10-08,2023,In-Store,4389060.51,6824,1918,30,1970
2023-10-08,2023,Mobile App,1153945.41,1824,527,30,715
2023-10-08,2023,Online,2280530.19,3714,1022,30,1242
2023-10-09,2023,In-Store,4430126.78,7070,1989,30,2002
2023-10-09,2023,Mobile App,1356432.47,2057,550,30,780
2023-10-09,2023,Online,2521549.64,3816,1047,30,1238
2023-10-10,2023,In-Store,4330399.58,6828,1879,30,1877
2023-10-10,2023,Mobile App,1074635.22,1765,507,30,687
2023-10-10,2023,Online,2320377.32,3655,1041,30,1210
2023-10-11,2023,In-Store,4334988.1,7006,1914,30,1975
2023-10-11,2023,Mobile App,1153437.25,1820,474,30,681
2023-10-11,2023,Online,2274836.37,3583,1023,30,1220
2023-10-12,2023,In-Store,3991696.61,6482,1812,30,1865
2023-10-12,2023,Mobile App,1327267.94,2089,565,30,792
2023-10-12,2023,Online,2119263.19,3533,981,30,1215
2023-10-13,2023,In-Store,4232455.61,6847,1855,30,1944
2023-10-13,2023,Mobile App,1116628.3,1882,532,30,723
2023-10-13,2023,Online,2386350.27,3883,1082,30,1299
2023-10-14,2023,In-Store,4440545.01,7051,1970,30,1965
2023-10-14,2023,Mobile App,1283005.39,2045,575,30,780
2023-10-14,2023,Online,2389354.3,3841,1037,30,1227
2023-10-15,2023,In-Store,4309661.48,7274,2001,30,2037
2023-10-15,2023,Mobile App,1134556.95,1996,554,30,769
2023-10-15,2023,Online,2128515.95,3651,1023,30,1259
2023-10-16,2023,In-Store,3927143.5,6763,1891,30,1923
2023-10-16,2023,Mobile App,1036720.65,1769,509,30,686
2023-10-16,2023,Online,2277568.24,3897,1080,30,1316
2023-10-17,2023,In-Store,4106001.7,6902,1919,30,1989
2023-10-17,2023,Mobile App,1190075.59,1969,563,30,798
2023-10-17,2023,Online,2186358.98,3857,1090,30,1297
2023-10-18,2023,In-Store,4076948.61,7023,1909,30,1966
2023-10-18,2023,Mobile App,1095873.7,1891,523,30,723
2023-10-18,2023,Online,2149783.31,3700,1029,30,1259
2023-10-19,2023,In-Store,3873944.25,7054,1892,30,1933
2023-10-19,2023,Mobile App,1127675.19,1925,532,30,707
2023-10-19,2023,Online,2146214.63,3806,1072,30,1296
2023-10-20,2023,In-Store,4040350.66,7103,1946,30,1989
2023-10-20,2023,Mobile App,1044149.38,1734,487,30,686
2023-10-20,2023,Online,2030898.1199999999,3520,985,30,1198
2023-10-21,2023,In-Store,3902806.03,6994,1922,30,1978
2023-10-21,2023,Mobile App,1117979.99,1816,500,30,699
2023-10-21,2023,Online,2303217.47,3889,1062,30,1328
2023-10-22,2023,In-Store,4015220.93,6969,1910,30,1960
2023-10-22,2023,Mobile App,975354.29,1739,505,30,705
2023-10-22,2023,Online,2073835.45,3603,1014,30,1219
2023-10-23,2023,In-Store,4044186.38,6943,1903,30,1961
2023-10-23,2023,Mobile App,1130829.56,1948,546,30,741
2023-10-23,2023,Online,2015016.02,3442,982,30,1180
2023-10-24,2023,In-Store,4072876.1,7005,1876,30,1956
2023-10-24,2023,Mobile App,1184965.77,2105,548,30,799
2023-10-24,2023,Online,2368828.83,3986,1110,30,1310
2023-10-25,2023,In-Store,3954256.58,6868,1908,30,1936
2023-10-25,2023,Mobile App,1072794.44,1799,512,30,677
2023-10-25,2023,Online,2117285.0,3825,1044,30,1298
2023-10-26,2023,In-Store,3920031.55,6789,1877,30,1934
2023-10-26,2023,Mobile App,1145381.35,1934,514,30,727
2023-10-26,2023,Online,2343037.8,4050,1086,30,1328
2023-10-27,2023,In-Store,3909545.34,6842,1930,30,1923
2023-10-27,2023,Mobile App,959725.94,1675,484,30,634
2023-10-27,2023,Online,2375110.95,3812,1044,30,1256
2023-10-28,2023,In-Store,4257912.78,7257,1994,30,2037
2023-10-28,2023,Mobile App,1196669.31,2102,556,30,811
2023-10-28,2023,Online,2181894.28,3675,1041,30,1256
2023-10-29,2023,In-Store,4150766.42,7178,1962,30,2021
2023-10-29,2023,Mobile App,1141833.93,1978,545,30,747
2023-10-29,2023,Online,1912720.05,3459,981,30,1184
2023-10-30,2023,In-Store,3970763.04,6927,1902,30,1958
2023-10-30,2023,Mobile App,995961.54,1780,496,30,694
2023-10-30,2023,Online,2187662.48,3667,994,30,1200
2023-10-31,2023,In-Store,3916508.97,6787,1900,30,1948
2023-10-31,2023,Mobile App,1150345.4,1941,541,30,742
2023-10-31,2023,Online,2326601.62,4004,1061,30,1327
2023-11-01,2023,In-Store,4979444.62,8501,2355,30,2226
2023-11-01,2023,Mobile App,1446481.42,2259,620,30,824
2023-11-01,2023,Online,2702681.89,4797,1287,30,1479
2023-11-02,2023,In-Store,5153302.88,8612,2374,30,2249
2023-11-02,2023,Mobile App,1456371.12,2412,674,30,900
2023-11-02,2023,Online,2591699.65,4500,1264,30,1460
2023-11-03,2023,In-Store,5169316.62,8737,2386,30,2304
2023-11-03,2023,Mobile App,1351164.88,2420,665,30,925
2023-11-03,2023,Online,2679540.09,4593,1309,30,1449
2023-11-04,2023,In-Store,5043566.89,8577,2358,30,2277
2023-11-04,2023,Mobile App,1373175.76,2422,682,30,906
2023-11-04,2023,Online,2687781.13,4798,1332,30,1489
2023-11-05,2023,In-Store,4839252.21,8408,2361,30,2231
2023-11-05,2023,Mobile App,1370325.27,2432,672,30,894
2023-11-05,2023,Online,2632501.4,4520,1268,30,1469
2023-11-06,2023,In-Store,5246976.1,8773,2389,30,2211
2023-11-06,2023,Mobile App,1377060.85,2320,649,30,897
2023-11-06,2023,Online,3053329.97,4805,1355,30,1501
2023-11-07,2023,In-Store,5029017.08,8237,2292,30,2195
2023-11-07,2023,Mobile App,1432496.31,2326,634,30,827
2023-11-07,2023,Online,2608149.79,4456,1230,30,1444
2023-11-08,2023,In-Store,5281299.11,8667,2362,30,2255
2023-11-08,2023,Mobile App,1583869.27,2397,630,30,882
2023-11-08,2023,Online,2784139.83,4642,1266,30,1472
2023-11-09,2023,In-Store,5418514.96,8993,2468,30,2305
2023-11-09,2023,Mobile App,1347107.01,2214,600,30,846
2023-11-09,2023,Online,2616312.35,4365,1239,30,1422
2023-11-10,2023,In-Store,5544611.12,8755,2344,30,2240
2023-11-10,2023,Mobile App,1299353.0,2235,604,30,835
2023-11-10,2023,Online,2771287.26,4487,1243,30,1470
2023-11-11,2023,In-Store,5397893.35,8946,2418,30,2296
2023-11-11,2023,Mobile App,1305247.31,2278,623,30,822
2023-11-11,2023,Online,2787579.15,4687,1270,30,1471
2023-11-12,2023,In-Store,5012033.99,8392,2332,30,2258
2023-11-12,2023,Mobile App,1429037.26,2326,668,30,906
2023-11-12,2023,Online,2952322.83,4720,1280,30,1483
2023-11-13,2023,In-Store,4917132.13,8308,2343,30,2227
2023-11-13,2023,Mobile App,1433353.45,2380,635,30,840
2023-11-13,2023,Online,2874537.75,4875,1334,30,1538
2023-11-14,2023,In-Store,5045990.44,8485,2343,30,2301
2023-11-14,2023,Mobile App,1335510.4,2146,632,30,817
2023-11-14,2023,Online,2636734.4,4513,1236,30,1455
2023-11-15,2023,In-Store,5254985.2,8927,2397,30,2299
2023-11-15,2023,Mobile App,1449747.25,2486,666,30,905
2023-11-15,2023,Online,2767000.48,4602,1254,30,1467
2023-11-16,2023,In-Store,5192584.39,8248,2293,30,2133
2023-11-16,2023,Mobile App,1475628.66,2309,676,30,855
2023-11-16,2023,Online,2726920.78,4682,1264,30,1467
2023-11-17,2023,In-Store,5549831.3,9013,2423,30,2292
2023-11-17,2023,Mobile App,1494577.55,2398,673,30,850
2023-11-17,2023,Online,3001255.43,4699,1316,30,1510
2023-11-18,2023,In-Store,5020745.34,8236,2258,30,2181
2023-11-18,2023,Mobile App,1355435.23,2277,649,30,831
2023-11-18,2023,Online,3117512.26,4772,1320,30,1488
2023-11-19,2023,In-Store,5223184.31,8716,2369,30,2307
2023-11-19,2023,Mobile App,1409824.24,2295,612,30,884
2023-11-19,2023,Online,2656297.28,4487,1230,30,1424
2023-11-20,2023,In-Store,5078008.57,8425,2384,30,2249
2023-11-20,2023,Mobile App,1352326.26,2328,649,30,888
2023-11-20,2023,Online,2760708.52,4545,1243,30,1455
2023-11-21,2023,In-Store,5035259.84,8284,2311,30,2242
2023-11-21,2023,Mobile App,1427155.73,2312,631,30,858
2023-11-21,2023,Online,2935889.42,4871,1328,30,1516
2023-11-22,2023,In-Store,5314287.58,8570,2330,30,2222
2023-11-22,2023,Mobile App,1524795.94,2570,680,30,947
2023-11-22,2023,Online,2897020.36,4568,1259,30,1430
2023-11-23,2023,In-Store,5112271.52,8397,2343,30,2201
2023-11-23,2023,Mobile App,1319274.29,2128,611,30,812
2023-11-23,2023,Online,2723805.64,4461,1249,30,1392
2023-11-24,2023,In-Store,4967687.55,8099,2294,30,2189
2023-11-24,2023,Mobile App,1497247.79,2286,655,30,880
2023-11-24,2023,Online,2797969.62,4632,1298,30,1499
2023-11-25,2023,In-Store,5129591.0,8484,2356,30,2254
2023-11-25,2023,Mobile App,1292505.76,2059,599,30,809
2023-11-25,2023,Online,3000277.15,4768,1269,30,1524
2023-11-26,2023,In-Store,5134072.2,8423,2332,30,2230
2023-11-26,2023,Mobile App,1410870.11,2363,623,30,837
2023-11-26,2023,Online,2747771.68,4668,1305,30,1515
2023-11-27,2023,In-Store,5227109.86,8546,2341,30,2248
2023-11-27,2023,Mobile App,1362164.3699999999,2138,609,30,813
2023-11-27,2023,Online,2952636.14,4756,1299,30,1488
2023-11-28,2023,In-Store,5172182.31,8386,2280,30,2223
2023-11-28,2023,Mobile App,1418087.24,2345,637,30,859
2023-11-28,2023,Online,2824488.9899999998,4686,1294,30,1497
2023-11-29,2023,In-Store,5027072.76,8616,2419,30,2264
2023-11-29,2023,Mobile App,1306330.38,2199,612,30,844
2023-11-29,2023,Online,2818522.08,4623,1270,30,1454
2023-11-30,2023,In-Store,5488876.9,8869,2466,30,2261
2023-11-30,2023,Mobile App,1320126.07,2291,629,30,844
2023-11-30,2023,Online,2815166.61,4669,1268,30,1487
2023-12-01,2023,In-Store,5680883.97,9069,2532,30,2304
2023-12-01,2023,Mobile App,1400382.51,2408,669,30,901
2023-12-01,2023,Online,3287747.6,5097,1424,30,1560
2023-12-02,2023,In-Store,5598919.28,9258,2581,30,2346
2023-12-02,2023,Mobile App,1550207.84,2500,678,30,938
2023-12-02,2023,Online,3140308.71,5181,1402,30,1622
2023-12-03,2023,In-Store,5681380.96,9332,2613,30,2385
2023-12-03,2023,Mobile App,1439135.0,2373,651,30,876
2023-12-03,2023,Online,2878335.33,4889,1323,30,1480
2023-12-04,2023,In-Store,5722610.25,9138,2561,30,2370
2023-12-04,2023,Mobile App,1517900.08,2359,681,30,895
2023-12-04,2023,Online,3213333.52,5084,1385,30,1587
2023-12-05,2023,In-Store,5589574.72,9175,2547,30,2353
2023-12-05,2023,Mobile App,1563331.1,2509,703,30,951
2023-12-05,2023,Online,3041234.91,4822,1338,30,1521
2023-12-06,2023,In-Store,5573564.63,9092,2546,30,2345
2023-12-06,2023,Mobile App,1500047.85,2331,667,30,870
2023-12-06,2023,Online,3051807.39,5038,1405,30,1605
2023-12-07,2023,In-Store,5766991.16,9368,2590,30,2355
2023-12-07,2023,Mobile App,1535906.29,2465,684,30,898
2023-12-07,2023,Online,3082195.53,4971,1352,30,1524
2023-12-08,2023,In-Store,5841245.35,9099,2514,30,2339
2023-12-08,2023,Mobile App,1545393.51,2440,678,30,924
2023-12-08,2023,Online,3112171.1,5003,1401,30,1547
2023-12-09,2023,In-Store,6059996.59,9717,2621,30,2398
2023-12-09,2023,Mobile App,1478914.18,2369,676,30,882
2023-12-09,2023,Online,3136300.38,5126,1412,30,1599
2023-12-10,2023,In-Store,5960686.14,9342,2577,30,2377
2023-12-10,2023,Mobile App,1446655.92,2418,666,30,873
2023-12-10,2023,Online,3226306.09,5351,1461,30,1663
2023-12-11,2023,In-Store,5844330.85,9193,2563,30,2371
2023-12-11,2023,Mobile App,1508989.75,2626,741,30,976
2023-12-11,2023,Online,3039202.24,4844,1374,30,1544
2023-12-12,2023,In-Store,5736502.68,9339,2549,30,2364
2023-12-12,2023,Mobile App,1497359.7,2450,681,30,920
2023-12-12,2023,Online,3186917.7,5020,1379,30,1557
2023-12-13,2023,In-Store,5899813.58,9236,2537,30,2325
2023-12-13,2023,Mobile App,1624220.22,2608,704,30,953
2023-12-13,2023,Online,3061009.12,4797,1324,30,1528
2023-12-14,2023,In-Store,5841248.67,9460,2625,30,2364
2023-12-14,2023,Mobile App,1526153.53,2528,722,30,983
2023-12-14,2023,Online,3021090.67,5009,1378,30,1572
2023-12-15,2023,In-Store,5593136.81,9061,2529,30,2304
2023-12-15,2023,Mobile App,1616089.81,2505,726,30,923
2023-12-15,2023,Online,2926890.68,4712,1314,30,1470
2023-12-16,2023,In-Store,5956576.77,9452,2591,30,2363
2023-12-16,2023,Mobile App,1584685.71,2542,691,30,905
2023-12-16,2023,Online,3118031.27,4985,1391,30,1570
2023-12-17,2023,In-Store,5803380.0,9356,2559,30,2357
2023-12-17,2023,Mobile App,1618472.13,2693,727,30,970
2023-12-17,2023,Online,3069597.39,5059,1387,30,1567
2023-12-18,2023,In-Store,5782182.59,9177,2532,30,2245
2023-12-18,2023,Mobile App,1544979.65,2471,668,30,904
2023-12-18,2023,Online,3130091.21,5144,1413,30,1575
2023-12-19,2023,In-Store,5643396.3,9182,2544,30,2371
2023-12-19,2023,Mobile App,1568984.56,2634,716,30,966
2023-12-19,2023,Online,3325406.21,5104,1442,30,1655
2023-12-20,2023,In-Store,5802580.0,9501,2677,30,2419
2023-12-20,2023,Mobile App,1501336.15,2475,678,30,931
2023-12-20,2023,Online,3049347.61,4918,1359,30,1553
2023-12-21,2023,In-Store,6066939.84,9491,2616,30,2418
2023-12-21,2023,Mobile App,1589727.92,2630,728,30,948
2023-12-21,2023,Online,3076175.61,4943,1344,30,1527
2023-12-22,2023,In-Store,5800281.81,9225,2586,30,2367
2023-12-22,2023,Mobile App,1503369.06,2564,734,30,940
2023-12-22,2023,Online,2942007.71,4706,1324,30,1533
2023-12-23,2023,In-Store,3814367.93,8867,2494,30,2310
2023-12-23,2023,Mobile App,1043055.73,2299,671,30,854
2023-12-23,2023,Online,2134395.57,4998,1431,30,1551
2023-12-24,2023,In-Store,3996529.68,9307,2544,30,2427
2023-12-24,2023,Mobile App,1072229.86,2372,664,30,902
2023-12-24,2023,Online,2148727.04,4934,1395,30,1576
2023-12-25,2023,In-Store,4344980.77,9711,2661,30,2401
2023-12-25,2023,Mobile App,1038932.13,2485,699,30,926
2023-12-25,2023,Online,2117835.85,4826,1348,30,1495
2023-12-26,2023,In-Store,4099486.57,9227,2572,30,2341
2023-12-26,2023,Mobile App,1109017.28,2615,709,30,933
2023-12-26,2023,Online,2239298.46,4970,1388,30,1609
2023-12-27,2023,In-Store,4146165.92,9479,2571,30,2411
2023-12-27,2023,Mobile App,1185465.83,2583,719,30,983
2023-12-27,2023,Online,2032987.08,4738,1316,30,1478
2023-12-28,2023,In-Store,4105480.77,9287,2566,30,2338
2023-12-28,2023,Mobile App,1045539.0,2313,646,30,897
2023-12-28,2023,Online,2041342.91,4774,1336,30,1524
2023-12-29,2023,In-Store,3931625.2,9083,2538,30,2323
2023-12-29,2023,Mobile App,1158516.86,2827,752,30,974
2023-12-29,2023,Online,2077354.15,4891,1370,30,1502
2023-12-30,2023,In-Store,3946110.89,9003,2531,30,2326
2023-12-30,2023,Mobile App,1020388.1,2368,658,30,891
2023-12-30,2023,Online,2144001.73,4882,1354,30,1513
2023-12-31,2023,In-Store,4007323.87,9168,2526,30,2354
2023-12-31,2023,Mobile App,996875.51,2278,652,30,864
2023-12-31,2023,Online,2109716.89,4802,1310,30,1515
2024-01-01,2024,In-Store,2606871.11,6134,1645,30,1801
2024-01-01,2024,Mobile App,690698.41,1528,448,30,613
2024-01-01,2024,Online,1452364.63,3435,924,30,1174
2024-01-02,2024,In-Store,2556877.94,5928,1611,30,1726
2024-01-02,2024,Mobile App,704096.95,1651,456,30,660
2024-01-02,2024,Online,1484131.02,3294,936,30,1136
2024-01-03,2024,In-Store,2490895.6,5662,1538,30,1718
2024-01-03,2024,Mobile App,739176.23,1741,460,30,667
2024-01-03,2024,Online,1243389.87,3041,870,30,1112
2024-01-04,2024,In-Store,3656573.05,6034,1682,30,1827
2024-01-04,2024,Mobile App,974318.08,1503,437,30,620
2024-01-04,2024,Online,2040322.8,3299,881,30,1117
2024-01-05,2024,In-Store,3751130.43,6139,1709,30,1823
2024-01-05,2024,Mobile App,1031786.31,1748,468,30,699
2024-01-05,2024,Online,2017103.55,3241,901,30,1099
2024-01-06,2024,In-Store,3805087.77,5886,1666,30,1755
2024-01-06,2024,Mobile App,879257.04,1473,419,30,586
2024-01-06,2024,Online,1909512.4,3151,864,30,1096
2024-01-07,2024,In-Store,3625701.35,5816,1611,30,1758
2024-01-07,2024,Mobile App,1012065.5,1713,473,30,698
2024-01-07,2024,Online,2220423.11,3451,960,30,1205
2024-01-08,2024,In-Store,3537596.62,5875,1576,30,1772
2024-01-08,2024,Mobile App,1017831.28,1770,464,30,683
2024-01-08,2024,Online,1954077.66,3117,863,30,1112
2024-01-09,2024,In-Store,4113677.15,6272,1674,30,1819
2024-01-09,2024,Mobile App,983268.34,1537,440,30,632
2024-01-09,2024,Online,2048491.79,3276,892,30,1169
2024-01-10,2024,In-Store,3599826.12,5726,1593,30,1732
2024-01-10,2024,Mobile App,1047935.68,1742,478,30,661
2024-01-10,2024,Online,2017766.25,3244,895,30,1109
2024-01-11,2024,In-Store,3781429.4,6046,1693,30,1755
2024-01-11,2024,Mobile App,1077035.75,1705,466,30,658
2024-01-11,2024,Online,1913135.2,3069,853,30,1099
2024-01-12,2024,In-Store,3647157.0,5954,1645,30,1726
2024-01-12,2024,Mobile App,989491.71,1562,446,30,618
2024-01-12,2024,Online,2073470.32,3373,903,30,1174
2024-01-13,2024,In-Store,4012703.33,6237,1711,30,1808
2024-01-13,2024,Mobile App,1130242.52,1826,496,30,698
2024-01-13,2024,Online,2009231.5,3042,897,30,1079
2024-01-14,2024,In-Store,3832924.29,6020,1633,30,1783
2024-01-14,2024,Mobile App,923455.47,1456,411,30,595
2024-01-14,2024,Online,1913906.22,3146,897,30,1116
2024-01-15,2024,In-Store,3681328.89,5911,1638,30,1761
2024-01-15,2024,Mobile App,1015363.68,1600,445,30,652
2024-01-15,2024,Online,1918676.67,3164,880,30,1140
2024-01-16,2024,In-Store,3406710.64,5497,1555,30,1722
2024-01-16,2024,Mobile App,855982.14,1463,408,30,567
2024-01-16,2024,Online,1957525.14,3150,860,30,1090
2024-01-17,2024,In-Store,3715892.02,5865,1615,30,1758
2024-01-17,2024,Mobile App,920932.33,1596,449,30,640
2024-01-17,2024,Online,2041717.43,3258,883,30,1126
2024-01-18,2024,In-Store,3509621.77,5762,1617,30,1730
2024-01-18,2024,Mobile App,1003861.35,1548,442,30,620
2024-01-18,2024,Online,1851546.93,3031,891,30,1102
2024-01-19,2024,In-Store,3552674.98,5849,1628,30,1705
2024-01-19,2024,Mobile App,1083806.2,1780,505,30,702
2024-01-19,2024,Online,1894084.35,3054,827,30,1048
2024-01-20,2024,In-Store,3682318.15,6044,1659,30,1815
2024-01-20,2024,Mobile App,1005088.81,1634,449,30,639
2024-01-20,2024,Online,2098865.91,3331,911,30,1150
2024-01-21,2024,In-Store,3667051.8,5935,1620,30,1780
2024-01-21,2024,Mobile App,1033958.83,1693,467,30,657
2024-01-21,2024,Online,2022281.97,3270,906,30,1139
2024-01-22,2024,In-Store,1905105.28,5968,1637,30,1739
2024-01-22,2024,Mobile App,521247.68,1599,443,30,644
2024-01-22,2024,Online,990356.27,3218,886,30,1109
2024-01-23,2024,In-Store,1920657.42,5876,1615,30,1736
2024-01-23,2024,Mobile App,500145.3,1570,442,30,639
2024-01-23,2024,Online,1035801.18,3124,835,30,1090
2024-01-24,2024,In-Store,2030630.01,6310,1724,30,1854
2024-01-24,2024,Mobile App,504571.5,1611,437,30,650
2024-01-24,2024,Online,1034161.49,3281,892,30,1121
2024-01-25,2024,In-Store,1887622.24,5917,1629,30,1790
2024-01-25,2024,Mobile App,461514.61,1473,423,30,595
2024-01-25,2024,Online,1022231.07,3164,860,30,1138
2024-01-26,2024,In-Store,1976279.77,6160,1641,30,1794
2024-01-26,2024,Mobile App,572495.83,1794,461,30,680
2024-01-26,2024,Online,1047220.3,3392,912,30,1194
2024-01-27,2024,In-Store,2018871.52,6109,1708,30,1768
2024-01-27,2024,Mobile App,513421.09,1599,426,30,628
2024-01-27,2024,Online,996021.72,3164,875,30,1109
2024-01-28,2024,In-Store,1744992.75,5519,1534,30,1712
2024-01-28,2024,Mobile App,542088.2,1693,448,30,669
2024-01-28,2024,Online,1151925.55,3457,927,30,1166
2024-01-29,2024,In-Store,1788475.44,5831,1621,30,1736
2024-01-29,2024,Mobile App,507999.31,1542,435,30,639
2024-01-29,2024,Online,1029617.86,3214,883,30,1126
2024-01-30,2024,In-Store,1860134.56,5787,1598,30,1732
2024-01-30,2024,Mobile App,496155.36,1639,441,30,645
2024-01-30,2024,Online,1020561.99,3208,904,30,1096
2024-01-31,2024,In-Store,3480567.15,6049,1627,30,1797
2024-01-31,2024,Mobile App,1023774.01,1762,454,30,680
2024-01-31,2024,Online,1924130.58,3117,858,30,1083
2024-02-01,2024,In-Store,3819979.44,6302,1742,30,1836
2024-02-01,2024,Mobile App,1007323.81,1589,448,30,640
2024-02-01,2024,Online,1952071.97,3232,889,30,1144
2024-02-02,2024,In-Store,3727172.76,5886,1679,30,1793
2024-02-02,2024,Mobile App,906235.92,1524,417,30,593
2024-02-02,2024,Online,2003739.6,3219,888,30,1119
2024-02-03,2024,In-Store,3613183.19,6045,1646,30,1798
2024-02-03,2024,Mobile App,1102681.77,1740,474,30,674
2024-02-03,2024,Online,1952788.33,3293,927,30,1171
2024-02-04,2024,In-Store,3456752.03,5928,1675,30,1721
2024-02-04,2024,Mobile App,1137352.51,1751,460,30,657
2024-02-04,2024,Online,2188620.8,3406,919,30,1158
2024-02-05,2024,In-Store,3726662.87,5953,1665,30,1742
2024-02-05,2024,Mobile App,1019677.69,1655,445,30,670
2024-02-05,2024,Online,2094080.42,3363,914,30,1129
2024-02-06,2024,In-Store,3512467.42,5985,1649,30,1787
2024-02-06,2024,Mobile App,1063140.4,1572,440,30,632
2024-02-06,2024,Online,2012507.42,3346,909,30,1183
2024-02-07,2024,In-Store,3773008.91,6326,1717,30,1842
2024-02-07,2024,Mobile App,986388.32,1689,478,30,653
2024-02-07,2024,Online,2037901.97,3233,875,30,1114
2024-02-08,2024,In-Store,3694691.07,5919,1630,30,1748
2024-02-08,2024,Mobile App,1079336.56,1626,443,30,650
2024-02-08,2024,Online,2029299.1,3156,885,30,1107
2024-02-09,2024,In-Store,3684717.27,6016,1644,30,1772
2024-02-09,2024,Mobile App,1015671.89,1656,452,30,622
2024-02-09,2024,Online,1922803.83,3125,865,30,1063
2024-02-10,2024,In-Store,3816443.05,6109,1651,30,1803
2024-02-10,2024,Mobile App,944441.88,1515,418,30,609
2024-02-10,2024,Online,1995759.87,3093,882,30,1072
2024-02-11,2024,In-Store,3794411.32,6053,1664,30,1784
2024-02-11,2024,Mobile App,1047714.36,1642,463,30,659
2024-02-11,2024,Online,2074062.59,3157,889,30,1125
2024-02-12,2024,In-Store,3773311.34,6307,1719,30,1888
2024-02-12,2024,Mobile App,1129629.74,1767,477,30,664
2024-02-12,2024,Online,1887147.17,3118,879,30,1063
2024-02-13,2024,In-Store,3953439.16,6077,1680,30,1762
2024-02-13,2024,Mobile App,1155123.46,1685,459,30,680
2024-02-13,2024,Online,1946843.22,3227,876,30,1139
2024-02-14,2024,In-Store,4016777.23,6171,1726,30,1825
2024-02-14,2024,Mobile App,998518.76,1591,445,30,613
2024-02-14,2024,Online,1887960.38,3029,872,30,1110
2024-02-15,2024,In-Store,3621953.15,5866,1667,30,1774
2024-02-15,2024,Mobile App,857825.34,1424,386,30,581
2024-02-15,2024,Online,1980594.44,3201,884,30,1136
2024-02-16,2024,In-Store,3400164.48,5796,1612,30,1697
2024-02-16,2024,Mobile App,1056593.69,1788,461,30,686
2024-02-16,2024,Online,2063208.72,3200,912,30,1125
2024-02-17,2024,In-Store,3596371.66,5849,1634,30,1741
2024-02-17,2024,Mobile App,1022509.94,1691,460,30,681
2024-02-17,2024,Online,1819694.13,2954,846,30,1063
2024-02-18,2024,In-Store,3925759.69,6505,1756,30,1888
2024-02-18,2024,Mobile App,988628.82,1618,442,30,639
2024-02-18,2024,Online,1992989.58,3285,879,30,1148
2024-02-19,2024,In-Store,3524057.88,5651,1598,30,1739
2024-02-19,2024,Mobile App,957152.34,1685,470,30,636
2024-02-19,2024,Online,2027384.68,3178,895,30,1096
2024-02-20,2024,In-Store,3874157.79,6295,1714,30,1853
2024-02-20,2024,Mobile App,1104582.51,1717,470,30,707
2024-02-20,2024,Online,1978343.74,3264,892,30,1123
2024-02-21,2024,In-Store,3672212.24,5812,1654,30,1788
2024-02-21,2024,Mobile App,1088132.17,1778,452,30,709
2024-02-21,2024,Online,1843916.7,3166,890,30,1117
2024-02-22,2024,In-Store,3738209.22,5951,1625,30,1775
2024-02-22,2024,Mobile App,976491.68,1634,463,30,627
2024-02-22,2024,Online,1938128.97,3135,876,30,1109
2024-02-23,2024,In-Store,3547963.35,5978,1659,30,1751
2024-02-23,2024,Mobile App,1065849.5,1615,439,30,634
2024-02-23,2024,Online,1955617.46,3271,876,30,1099
2024-02-24,2024,In-Store,3923172.73,6189,1663,30,1804
2024-02-24,2024,Mobile App,1053552.63,1611,464,30,645
2024-02-24,2024,Online,1945936.38,3183,868,30,1115
2024-02-25,2024,In-Store,3840641.73,6166,1693,30,1836
2024-02-25,2024,Mobile App,897563.05,1566,428,30,649
2024-02-25,2024,Online,1928718.72,3009,845,30,1076
2024-02-26,2024,In-Store,3945318.94,6243,1724,30,1817
2024-02-26,2024,Mobile App,1052613.41,1713,457,30,648
2024-02-26,2024,Online,1965376.98,3066,870,30,1075
2024-02-27,2024,In-Store,3836268.91,6127,1651,30,1762
2024-02-27,2024,Mobile App,912793.28,1518,424,30,587
2024-02-27,2024,Online,2119386.51,3260,885,30,1151
2024-02-28,2024,In-Store,3640846.4,5949,1587,30,1747
2024-02-28,2024,Mobile App,1041858.29,1713,494,30,673
2024-02-28,2024,Online,2011149.52,3196,897,30,1098
2024-02-29,2024,In-Store,3789414.49,6013,1661,30,1800
2024-02-29,2024,Mobile App,1030786.12,1635,440,30,645
2024-02-29,2024,Online,1984145.32,3309,909,30,1132
2024-03-01,2024,In-Store,4178063.0,6763,1850,30,1904
2024-03-01,2024,Mobile App,1095436.77,1760,471,30,679
2024-03-01,2024,Online,2146617.95,3468,994,30,1213
2024-03-02,2024,In-Store,4131518.34,6699,1865,30,1946
2024-03-02,2024,Mobile App,1104148.3699999999,1748,481,30,682
2024-03-02,2024,Online,2204716.63,3613,1019,30,1238
2024-03-03,2024,In-Store,4028554.17,6539,1807,30,1884
2024-03-03,2024,Mobile App,1079218.73,1771,488,30,698
2024-03-03,2024,Online,2193324.49,3527,957,30,1185
2024-03-04,2024,In-Store,4254829.33,6709,1861,30,1933
2024-03-04,2024,Mobile App,1030242.4,1680,474,30,678
2024-03-04,2024,Online,2199623.75,3384,947,30,1140
2024-03-05,2024,In-Store,3849781.89,6375,1797,30,1877
2024-03-05,2024,Mobile App,992649.38,1657,456,30,665
2024-03-05,2024,Online,2373078.34,3792,1033,30,1303
2024-03-06,2024,In-Store,2311571.28,6442,1820,30,1909
2024-03-06,2024,Mobile App,623583.25,1777,520,30,677
2024-03-06,2024,Online,1214615.79,3517,973,30,1201
2024-03-07,2024,In-Store,2343506.27,7007,1843,30,1953
2024-03-07,2024,Mobile App,668730.08,1862,505,30,709
2024-03-07,2024,Online,1250969.02,3566,1001,30,1234
2024-03-08,2024,In-Store,2265337.98,6522,1830,30,1886
2024-03-08,2024,Mobile App,593257.54,1849,501,30,709
2024-03-08,2024,Online,1276844.93,3628,985,30,1245
2024-03-09,2024,In-Store,2228231.86,6141,1724,30,1844
2024-03-09,2024,Mobile App,633943.4,1815,522,30,709
2024-03-09,2024,Online,1210232.1,3402,923,30,1167
2024-03-10,2024,In-Store,2217064.18,6545,1789,30,1876
2024-03-10,2024,Mobile App,578012.94,1766,500,30,653
2024-03-10,2024,Online,1389512.9,3845,1053,30,1239
2024-03-11,2024,In-Store,2255452.07,6666,1869,30,1891
2024-03-11,2024,Mobile App,590956.1,1740,474,30,653
2024-03-11,2024,Online,1238166.15,3483,948,30,1167
2024-03-12,2024,In-Store,2287550.64,6538,1872,30,1937
2024-03-12,2024,Mobile App,626916.19,1770,491,30,689
2024-03-12,2024,Online,1330460.88,3730,1013,30,1263
2024-03-13,2024,In-Store,2353575.63,6654,1840,30,1914
2024-03-13,2024,Mobile App,584319.16,1749,488,30,693
2024-03-13,2024,Online,1273097.15,3755,1023,30,1248
2024-03-14,2024,In-Store,2145575.3,6256,1773,30,1861
2024-03-14,2024,Mobile App,704694.37,1960,528,30,738
2024-03-14,2024,Online,1250797.18,3441,964,30,1176
2024-03-15,2024,In-Store,2167990.55,6187,1717,30,1793
2024-03-15,2024,Mobile App,706548.44,1831,519,30,710
2024-03-15,2024,Online,1225906.83,3456,956,30,1182
2024-03-16,2024,In-Store,2149743.42,6368,1780,30,1839
2024-03-16,2024,Mobile App,597627.99,1785,507,30,713
2024-03-16,2024,Online,1146558.68,3351,893,30,1141
2024-03-17,2024,In-Store,2267734.78,6327,1743,30,1821
2024-03-17,2024,Mobile App,708727.64,2008,551,30,755
2024-03-17,2024,Online,1258641.45,3573,962,30,1217
2024-03-18,2024,In-Store,2269824.07,6745,1908,30,1940
2024-03-18,2024,Mobile App,627861.32,1801,472,30,694
2024-03-18,2024,Online,1344316.19,3669,1003,30,1226
2024-03-19,2024,In-Store,2372698.36,7004,1875,30,1988
2024-03-19,2024,Mobile App,607386.49,1722,488,30,658
2024-03-19,2024,Online,1205054.74,3372,914,30,1190
2024-03-20,2024,In-Store,2270969.77,6548,1827,30,1877
2024-03-20,2024,Mobile App,655629.84,1934,522,30,771
2024-03-20,2024,Online,1236089.25,3699,1011,30,1231
2024-03-21,2024,In-Store,2368236.57,6647,1802,30,1903
2024-03-21,2024,Mobile App,678574.5,1846,506,30,727
2024-03-21,2024,Online,1413417.1300000001,3952,1049,30,1312
2024-03-22,2024,In-Store,2403773.58,6869,1842,30,1989
2024-03-22,2024,Mobile App,589348.51,1706,474,30,661
2024-03-22,2024,Online,1260147.56,3710,1022,30,1255
2024-03-23,2024,In-Store,2374552.75,6784,1889,30,1936
2024-03-23,2024,Mobile App,610467.29,1785,513,30,694
2024-03-23,2024,Online,1258012.24,3472,965,30,1196
2024-03-24,2024,In-Store,2254328.41,6501,1780,30,1905
2024-03-24,2024,Mobile App,617410.65,1757,501,30,708
2024-03-24,2024,Online,1254694.75,3524,987,30,1204
2024-03-25,2024,In-Store,2280014.37,6648,1842,30,1922
2024-03-25,2024,Mobile App,670753.04,1758,484,30,671
2024-03-25,2024,Online,1221147.9,3602,989,30,1227
2024-03-26,2024,In-Store,2336088.78,6627,1822,30,1904
2024-03-26,2024,Mobile App,588834.86,1765,508,30,710
2024-03-26,2024,Online,1225184.97,3544,1002,30,1217
2024-03-27,2024,In-Store,2341735.49,6731,1833,30,1949
2024-03-27,2024,Mobile App,608610.63,1641,435,30,622
2024-03-27,2024,Online,1223383.81,3545,969,30,1188
2024-03-28,2024,In-Store,2342125.3,6671,1850,30,1889
2024-03-28,2024,Mobile App,578022.95,1638,461,30,618
2024-03-28,2024,Online,1213703.97,3508,982,30,1180
2024-03-29,2024,In-Store,2296226.82,6543,1843,30,1919
2024-03-29,2024,Mobile App,655902.71,1813,498,30,694
2024-03-29,2024,Online,1239331.37,3474,969,30,1214
2024-03-30,2024,In-Store,2378731.8,6604,1802,30,1907
2024-03-30,2024,Mobile App,642270.6,1829,502,30,711
2024-03-30,2024,Online,1265317.24,3531,1010,30,1223
2024-03-31,2024,In-Store,2223892.88,6549,1853,30,1936
2024-03-31,2024,Mobile App,617093.44,1801,508,30,687
2024-03-31,2024,Online,1236943.2,3475,967,30,1185
2024-04-01,2024,In-Store,2316906.31,6733,1902,30,1929
2024-04-01,2024,Mobile App,628152.36,1863,523,30,735
2024-04-01,2024,Online,1223358.68,3641,1044,30,1250
2024-04-02,2024,In-Store,2364246.39,6990,1917,30,1947
2024-04-02,2024,Mobile App,694637.44,1898,534,30,756
2024-04-02,2024,Online,1239137.86,3635,1035,30,1239
2024-04-03,2024,In-Store,2135363.52,6946,1899,30,1939
2024-04-03,2024,Mobile App,607951.21,1937,523,30,738
2024-04-03,2024,Online,1123455.66,3661,1008,30,1193
2024-04-04,2024,In-Store,1980410.68,6650,1861,30,1884
2024-04-04,2024,Mobile App,552002.76,1798,507,30,705
2024-04-04,2024,Online,1169466.34,3676,1023,30,1238
2024-04-05,2024,In-Store,2162999.54,6815,1864,30,1940
2024-04-05,2024,Mobile App,555299.09,1732,491,30,666
2024-04-05,2024,Online,1250012.25,3876,1048,30,1258
2024-04-06,2024,In-Store,2164499.01,6807,1872,30,1926
2024-04-06,2024,Mobile App,574741.11,1918,534,30,714
2024-04-06,2024,Online,1228936.51,3911,1091,30,1258
2024-04-07,2024,In-Store,2191977.06,7029,1916,30,1929
2024-04-07,2024,Mobile App,569291.76,1864,509,30,716
2024-04-07,2024,Online,1184037.78,3744,1020,30,1254
2024-04-08,2024,In-Store,2068092.33,6953,1918,30,1938
2024-04-08,2024,Mobile App,526470.69,1752,485,30,695
2024-04-08,2024,Online,1171079.53,3638,1009,30,1220
2024-04-09,2024,In-Store,2123209.08,6752,1855,30,1927
2024-04-09,2024,Mobile App,650848.45,1986,545,30,748
2024-04-09,2024,Online,1186487.76,3754,1004,30,1256
2024-04-10,2024,In-Store,2107945.48,6780,1864,30,1893
2024-04-10,2024,Mobile App,545621.05,1791,490,30,692
2024-04-10,2024,Online,1126677.95,3777,1071,30,1286
2024-04-11,2024,In-Store,2080584.42,6741,1820,30,1904
2024-04-11,2024,Mobile App,564245.51,1867,507,30,756
2024-04-11,2024,Online,1163140.28,3613,991,30,1246
2024-04-12,2024,In-Store,2145613.57,7046,1839,30,1970
2024-04-12,2024,Mobile App,556605.62,1783,516,30,744
2024-04-12,2024,Online,1200369.59,3884,1059,30,1322
2024-04-13,2024,In-Store,2119050.6,7030,1904,30,1906
2024-04-13,2024,Mobile App,615688.2,1849,529,30,712
2024-04-13,2024,Online,1125670.32,3714,1039,30,1320
2024-04-14,2024,In-Store,2131661.43,6694,1840,30,1956
2024-04-14,2024,Mobile App,634790.81,1986,533,30,758
2024-04-14,2024,Online,1118436.18,3601,956,30,1218
2024-04-15,2024,In-Store,2190317.82,7072,1953,30,1967
2024-04-15,2024,Mobile App,547525.74,1847,518,30,710
2024-04-15,2024,Online,1120153.25,3776,988,30,1284
2024-04-16,2024,In-Store,2055510.65,6681,1824,30,1917
2024-04-16,2024,Mobile App,540546.09,1836,517,30,717
2024-04-16,2024,Online,1087311.97,3574,1001,30,1210
2024-04-17,2024,In-Store,2073094.55,6925,1929,30,1913
2024-04-17,2024,Mobile App,613295.8,1964,549,30,734
2024-04-17,2024,Online,1018502.8099999999,3526,968,30,1193
2024-04-18,2024,In-Store,4191589.4,7000,1941,30,2005
2024-04-18,2024,Mobile App,1128785.25,1805,513,30,712
2024-04-18,2024,Online,2174650.76,3634,1029,30,1228
2024-04-19,2024,In-Store,4336289.34,7026,1904,30,1980
2024-04-19,2024,Mobile App,1129991.64,1931,548,30,720
2024-04-19,2024,Online,2309864.25,3764,1065,30,1275
2024-04-20,2024,In-Store,4129838.52,6672,1837,30,1887
2024-04-20,2024,Mobile App,1144656.58,1790,519,30,706
2024-04-20,2024,Online,2224377.07,3584,1044,30,1245
2024-04-21,2024,In-Store,4252749.68,6725,1898,30,1909
2024-04-21,2024,Mobile App,1138195.65,1788,494,30,700
2024-04-21,2024,Online,2385321.37,3963,1055,30,1337
2024-04-22,2024,In-Store,4221579.14,6890,1889,30,1936
2024-04-22,2024,Mobile App,1262609.3699999999,2072,574,30,785
2024-04-22,2024,Online,2332753.17,3815,1077,30,1281
2024-04-23,2024,In-Store,4273287.16,6907,1928,30,1964
2024-04-23,2024,Mobile App,995588.2,1747,507,30,662
2024-04-23,2024,Online,2367597.57,3769,1024,30,1257
2024-04-24,2024,In-Store,4444606.94,7101,1916,30,1976
2024-04-24,2024,Mobile App,1236040.35,1960,551,30,741
2024-04-24,2024,Online,2372819.23,3757,1020,30,1278
2024-04-25,2024,In-Store,4207361.79,6753,1884,30,1949
2024-04-25,2024,Mobile App,1210199.5,1913,513,30,755
2024-04-25,2024,Online,2428673.26,3600,1021,30,1221
2024-04-26,2024,In-Store,4222697.34,6834,1894,30,1972
2024-04-26,2024,Mobile App,1271630.65,1893,512,30,726
2024-04-26,2024,Online,2172612.82,3673,1006,30,1232
2024-04-27,2024,In-Store,4182183.79,6900,1933,30,1958
2024-04-27,2024,Mobile App,1184420.28,1825,500,30,712
2024-04-27,2024,Online,2335655.07,3655,1006,30,1255
2024-04-28,2024,In-Store,4155589.98,6682,1840,30,1897
2024-04-28,2024,Mobile App,1261651.37,1872,524,30,738
2024-04-28,2024,Online,2445239.37,3741,1014,30,1257
2024-04-29,2024,In-Store,4248612.68,6869,1877,30,1906
2024-04-29,2024,Mobile App,1154448.42,1960,514,30,786
2024-04-29,2024,Online,2469815.12,3852,1053,30,1286
2024-04-30,2024,In-Store,4334074.15,7006,1902,30,1939
2024-04-30,2024,Mobile App,1035812.41,1802,491,30,679
2024-04-30,2024,Online,2128403.31,3585,956,30,1208
2024-05-01,2024,In-Store,4517228.43,6977,1908,30,1954
2024-05-01,2024,Mobile App,1240989.37,1847,523,30,731
2024-05-01,2024,Online,2154333.25,3637,1015,30,1230
2024-05-02,2024,In-Store,4263203.61,6977,1918,30,1958
2024-05-02,2024,Mobile App,1173288.87,1966,523,30,739
2024-05-02,2024,Online,2459130.56,3951,1087,30,1301
2024-05-03,2024,In-Store,4093291.48,6645,1800,30,1915
2024-05-03,2024,Mobile App,1171285.45,1973,539,30,753
2024-05-03,2024,Online,2370537.17,3737,1010,30,1263
2024-05-04,2024,In-Store,4294690.59,6768,1885,30,1932
2024-05-04,2024,Mobile App,1244195.6300000001,1972,535,30,771
2024-05-04,2024,Online,2366154.23,3599,1001,30,1225
2024-05-05,2024,In-Store,4389041.75,7017,1917,30,1950
2024-05-05,2024,Mobile App,1203237.68,1848,480,30,688
2024-05-05,2024,Online,2431440.97,3952,1090,30,1309
2024-05-06,2024,In-Store,4179652.84,6800,1848,30,1968
2024-05-06,2024,Mobile App,1014980.23,1846,519,30,726
2024-05-06,2024,Online,2274929.45,3725,1017,30,1225
2024-05-07,2024,In-Store,4173753.06,6893,1865,30,1970
2024-05-07,2024,Mobile App,1106662.5,1859,496,30,686
2024-05-07,2024,Online,2101996.5,3684,1048,30,1231
2024-05-08,2024,In-Store,4044621.21,6729,1878,30,1906
2024-05-08,2024,Mobile App,1087276.72,1734,471,30,688
2024-05-08,2024,Online,2339842.21,3846,1061,30,1275
2024-05-09,2024,In-Store,4216423.87,6956,1898,30,1990
2024-05-09,2024,Mobile App,1179433.08,1928,529,30,719
2024-05-09,2024,Online,2139917.48,3668,1066,30,1263
2024-05-10,2024,In-Store,2934718.46,6893,1900,30,1951
2024-05-10,2024,Mobile App,851740.76,1962,539,30,748
2024-05-10,2024,Online,1620005.8699999999,3733,1035,30,1276
2024-05-11,2024,In-Store,3070412.83,6962,1911,30,1978
2024-05-11,2024,Mobile App,754753.67,1785,528,30,730
2024-05-11,2024,Online,1583975.1,3686,993,30,1270
2024-05-12,2024,In-Store,3041727.72,6851,1941,30,1979
2024-05-12,2024,Mobile App,893940.72,2062,559,30,792
2024-05-12,2024,Online,1576372.51,3791,1032,30,1274
2024-05-13,2024,In-Store,2901842.94,6886,1922,30,1977
2024-05-13,2024,Mobile App,763614.03,1761,528,30,727
2024-05-13,2024,Online,1781173.64,3969,1094,30,1306
2024-05-14,2024,In-Store,3096457.36,7047,1935,30,1963
2024-05-14,2024,Mobile App,872412.94,2033,534,30,735
2024-05-14,2024,Online,1554928.5,3729,1025,30,1301
2024-05-15,2024,In-Store,2941442.16,6982,1911,30,1947
2024-05-15,2024,Mobile App,829313.01,1871,532,30,703
2024-05-15,2024,Online,1582650.34,3642,998,30,1224
2024-05-16,2024,In-Store,2963030.35,6930,1898,30,1946
2024-05-16,2024,Mobile App,823196.65,1716,498,30,685
2024-05-16,2024,Online,1692469.04,3929,1057,30,1311
2024-05-17,2024,In-Store,3157211.77,7286,1967,30,2078
2024-05-17,2024,Mobile App,682903.66,1681,469,30,666
2024-05-17,2024,Online,1709363.09,3862,1087,30,1327
2024-05-18,2024,In-Store,3051607.74,6996,1927,30,1990
2024-05-18,2024,Mobile App,793351.32,1750,489,30,678
2024-05-18,2024,Online,1594108.96,3758,1040,30,1262
2024-05-19,2024,In-Store,2937420.66,6977,1913,30,2013
2024-05-19,2024,Mobile App,823903.15,1914,513,30,734
2024-05-19,2024,Online,1656444.35,3868,1023,30,1318
2024-05-20,2024,In-Store,4037967.3,6680,1868,30,1932
2024-05-20,2024,Mobile App,985882.78,1701,489,30,680
2024-05-20,2024,Online,2419586.49,3934,1036,30,1282
2024-05-21,2024,In-Store,4092218.91,7046,1895,30,1938
2024-05-21,2024,Mobile App,1078215.29,1836,520,30,724
2024-05-21,2024,Online,2367548.29,3828,1055,30,1248
2024-05-22,2024,In-Store,4598050.52,7500,1969,30,2064
2024-05-22,2024,Mobile App,1183262.7,1911,523,30,781
2024-05-22,2024,Online,2152162.81,3624,1018,30,1243
2024-05-23,2024,In-Store,4323717.95,7081,1969,30,1991
2024-05-23,2024,Mobile App,1139408.48,1933,529,30,728
2024-05-23,2024,Online,2151054.48,3671,1016,30,1253
2024-05-24,2024,In-Store,4207684.5,7010,1953,30,1979
2024-05-24,2024,Mobile App,1100141.82,1779,506,30,684
2024-05-24,2024,Online,2200067.55,3784,1067,30,1274
2024-05-25,2024,In-Store,4177646.31,7005,1920,30,1968
2024-05-25,2024,Mobile App,1026392.77,1759,482,30,690
2024-05-25,2024,Online,2460676.31,4060,1085,30,1309
2024-05-26,2024,In-Store,4359502.21,7131,1954,30,1986
2024-05-26,2024,Mobile App,1173267.96,1923,528,30,736
2024-05-26,2024,Online,2272097.64,3865,1014,30,1268
2024-05-27,2024,In-Store,4240969.09,7140,1987,30,1976
2024-05-27,2024,Mobile App,1215346.86,1899,531,30,710
2024-05-27,2024,Online,2342053.7,3791,1009,30,1257
2024-05-28,2024,In-Store,3969909.25,6856,1890,30,1953
2024-05-28,2024,Mobile App,1164053.91,1934,566,30,754
2024-05-28,2024,Online,2183478.42,3735,1047,30,1231
2024-05-29,2024,In-Store,4439627.9,7182,1960,30,2001
2024-05-29,2024,Mobile App,1169141.53,1865,515,30,705
2024-05-29,2024,Online,2255114.3,3798,1037,30,1272
2024-05-30,2024,In-Store,4270824.11,7093,1934,30,1989
2024-05-30,2024,Mobile App,1119306.36,1873,512,30,705
2024-05-30,2024,Online,2308345.9,3642,1016,30,1239
2024-05-31,2024,In-Store,4119614.61,6713,1908,30,1899
2024-05-31,2024,Mobile App,1102602.76,1862,526,30,713
2024-05-31,2024,Online,2183156.15,3534,991,30,1229
2024-06-01,2024,In-Store,4356145.03,7269,2026,30,2023
2024-06-01,2024,Mobile App,1158888.21,1946,543,30,760
2024-06-01,2024,Online,2312763.04,3750,1082,30,1292
2024-06-02,2024,In-Store,4425954.66,7173,2003,30,1976
2024-06-02,2024,Mobile App,1165859.57,1879,519,30,741
2024-06-02,2024,Online,2551856.03,4245,1160,30,1421
2024-06-03,2024,In-Store,4734530.67,7670,2049,30,2133
2024-06-03,2024,Mobile App,1269302.91,2046,562,30,746
2024-06-03,2024,Online,2566220.53,4145,1139,30,1356
2024-06-04,2024,In-Store,4363797.31,7205,2043,30,2033
2024-06-04,2024,Mobile App,1279100.48,2004,528,30,757
2024-06-04,2024,Online,2394343.44,3967,1077,30,1284
2024-06-05,2024,In-Store,4310477.16,6971,1917,30,1983
2024-06-05,2024,Mobile App,1158214.42,1932,540,30,737
2024-06-05,2024,Online,2386218.05,3857,1055,30,1290
2024-06-06,2024,In-Store,4398937.42,7201,1998,30,1952
2024-06-06,2024,Mobile App,1154708.19,1953,526,30,737
2024-06-06,2024,Online,2463792.56,3952,1069,30,1308
2024-06-07,2024,In-Store,4333939.94,7250,2024,30,2013
2024-06-07,2024,Mobile App,1329238.15,2107,558,30,810
2024-06-07,2024,Online,2353599.53,3935,1061,30,1244
2024-06-08,2024,In-Store,4445148.92,7257,2019,30,2008
2024-06-08,2024,Mobile App,1187787.77,1831,503,30,697
2024-06-08,2024,Online,2621113.46,4209,1101,30,1363
2024-06-09,2024,In-Store,4141203.9899999998,6976,1945,30,1968
2024-06-09,2024,Mobile App,1237400.64,2002,550,30,768
2024-06-09,2024,Online,2465653.95,3942,1090,30,1287
2024-06-10,2024,In-Store,4617123.31,7451,2050,30,2052
2024-06-10,2024,Mobile App,1177535.34,1936,535,30,723
2024-06-10,2024,Online,2527948.46,4056,1110,30,1374
2024-06-11,2024,In-Store,4623258.18,7428,2058,30,2022
2024-06-11,2024,Mobile App,1236671.47,1981,552,30,755
2024-06-11,2024,Online,2424081.13,3927,1081,30,1315
2024-06-12,2024,In-Store,4694993.39,7575,2019,30,2085
2024-06-12,2024,Mobile App,1122960.09,1929,549,30,737
2024-06-12,2024,Online,2441549.1,3943,1041,30,1302
2024-06-13,2024,In-Store,3860965.61,7370,2003,30,1998
2024-06-13,2024,Mobile App,1064817.43,1993,551,30,775
2024-06-13,2024,Online,2035693.72,3891,1089,30,1291
2024-06-14,2024,In-Store,3814907.4899999998,7395,2032,30,2044
2024-06-14,2024,Mobile App,972822.36,1834,533,30,718
2024-06-14,2024,Online,2192837.44,4115,1110,30,1377
2024-06-15,2024,In-Store,3783616.77,7205,2003,30,2016
2024-06-15,2024,Mobile App,1045718.39,1884,534,30,742
2024-06-15,2024,Online,2156967.16,4065,1085,30,1343
2024-06-16,2024,In-Store,3853545.66,7185,1979,30,2041
2024-06-16,2024,Mobile App,1207012.59,2117,587,30,785
2024-06-16,2024,Online,1985314.85,3548,1005,30,1217
2024-06-17,2024,In-Store,3915810.03,7476,2091,30,2067
2024-06-17,2024,Mobile App,1017462.51,1946,572,30,775
2024-06-17,2024,Online,2002191.17,3768,1032,30,1246
2024-06-18,2024,In-Store,3705086.6,7086,1960,30,2018
2024-06-18,2024,Mobile App,1043194.16,2009,530,30,773
2024-06-18,2024,Online,2034033.09,3950,1106,30,1300
2024-06-19,2024,In-Store,3791505.36,6956,1952,30,1934
2024-06-19,2024,Mobile App,1005913.92,1988,560,30,755
2024-06-19,2024,Online,2164834.71,3968,1098,30,1306
2024-06-20,2024,In-Store,3925590.79,7253,2029,30,2015
2024-06-20,2024,Mobile App,1041020.13,1869,522,30,732
2024-06-20,2024,Online,2167474.28,4022,1079,30,1317
2024-06-21,2024,In-Store,3586976.56,7487,2010,30,2108
2024-06-21,2024,Mobile App,886293.99,1851,535,30,727
2024-06-21,2024,Online,1795762.19,3888,1086,30,1284
2024-06-22,2024,In-Store,3202995.62,6960,1975,30,1957
2024-06-22,2024,Mobile App,958012.14,1927,549,30,742
2024-06-22,2024,Online,1854060.0,3764,1060,30,1283
2024-06-23,2024,In-Store,3323965.36,7215,1993,30,1990
2024-06-23,2024,Mobile App,1005438.99,2018,541,30,767
2024-06-23,2024,Online,1903993.97,3943,1075,30,1310
2024-06-24,2024,In-Store,3499625.97,7490,2069,30,2059
2024-06-24,2024,Mobile App,853360.8,1746,485,30,697
2024-06-24,2024,Online,1849467.84,3881,1087,30,1290
2024-06-25,2024,In-Store,3334470.07,7052,1941,30,1974
2024-06-25,2024,Mobile App,925270.72,2061,580,30,806
2024-06-25,2024,Online,1822463.72,3607,1049,30,1222
2024-06-26,2024,In-Store,3283991.67,7134,2006,30,2029
2024-06-26,2024,Mobile App,902060.93,1904,534,30,748
2024-06-26,2024,Online,2029243.95,4148,1129,30,1307
2024-06-27,2024,In-Store,3490692.03,7152,2069,30,2062
2024-06-27,2024,Mobile App,979466.3,2075,566,30,771
2024-06-27,2024,Online,1883711.67,3897,1078,30,1262
2024-06-28,2024,In-Store,3813415.61,7439,2020,30,2080
2024-06-28,2024,Mobile App,1031577.2,2044,578,30,775
2024-06-28,2024,Online,1848797.07,3867,1072,30,1285
2024-06-29,2024,In-Store,3321265.53,6925,1970,30,1958
2024-06-29,2024,Mobile App,860113.09,1806,524,30,707
2024-06-29,2024,Online,1870607.58,3813,1041,30,1273
2024-06-30,2024,In-Store,3667318.81,7491,2033,30,2079
2024-06-30,2024,Mobile App,986497.6799999999,2001,549,30,782
2024-06-30,2024,Online,1758722.8699999999,3772,1031,30,1236
2024-07-01,2024,In-Store,3166793.88,6678,1829,30,1870
2024-07-01,2024,Mobile App,969643.78,1963,507,30,722
2024-07-01,2024,Online,1588488.47,3233,906,30,1120
2024-07-02,2024,In-Store,3299093.9899999998,6806,1871,30,1951
2024-07-02,2024,Mobile App,853901.05,1809,502,30,683
2024-07-02,2024,Online,1806648.66,3826,1048,30,1270
2024-07-03,2024,In-Store,3397053.43,6866,1864,30,1947
2024-07-03,2024,Mobile App,949519.01,1940,524,30,753
2024-07-03,2024,Online,1626248.72,3538,980,30,1206
2024-07-04,2024,In-Store,3322672.4,6779,1854,30,1913
2024-07-04,2024,Mobile App,880575.07,1838,518,30,709
2024-07-04,2024,Online,1562153.4,3331,938,30,1179
2024-07-05,2024,In-Store,2983762.2,6197,1784,30,1829
2024-07-05,2024,Mobile App,842348.85,1747,467,30,670
2024-07-05,2024,Online,1643283.5,3550,952,30,1230
2024-07-06,2024,In-Store,3061472.17,6451,1735,30,1850
2024-07-06,2024,Mobile App,1109417.46,2092,544,30,803
2024-07-06,2024,Online,1577457.4,3305,959,30,1171
2024-07-07,2024,In-Store,3315405.65,6667,1834,30,1940
2024-07-07,2024,Mobile App,754583.0599999999,1717,488,30,686
2024-07-07,2024,Online,1869659.6,3777,1037,30,1272
2024-07-08,2024,In-Store,3190912.58,6849,1856,30,1940
2024-07-08,2024,Mobile App,862387.63,1856,497,30,712
2024-07-08,2024,Online,1640259.47,3505,984,30,1207
2024-07-09,2024,In-Store,3113354.55,6589,1858,30,1890
2024-07-09,2024,Mobile App,897446.73,1905,524,30,755
2024-07-09,2024,Online,1780615.35,3916,1039,30,1306
2024-07-10,2024,In-Store,3118733.2399999998,6595,1823,30,1893
2024-07-10,2024,Mobile App,882201.63,1859,529,30,707
2024-07-10,2024,Online,1856103.99,3731,1035,30,1239
2024-07-11,2024,In-Store,2970403.82,6325,1787,30,1866
2024-07-11,2024,Mobile App,839981.39,1805,488,30,709
2024-07-11,2024,Online,1681963.24,3489,946,30,1178
2024-07-12,2024,In-Store,3045341.75,6418,1772,30,1931
2024-07-12,2024,Mobile App,951511.4,1879,514,30,687
2024-07-12,2024,Online,1779563.59,3677,1011,30,1244
2024-07-13,2024,In-Store,3214542.91,6652,1867,30,1880
2024-07-13,2024,Mobile App,855544.73,1725,493,30,705
2024-07-13,2024,Online,1829845.36,3777,1013,30,1261
2024-07-14,2024,In-Store,3258171.75,6847,1877,30,1946
2024-07-14,2024,Mobile App,781972.5,1779,493,30,669
2024-07-14,2024,Online,1645941.59,3589,981,30,1216
2024-07-15,2024,In-Store,3292346.87,6728,1832,30,1885
2024-07-15,2024,Mobile App,874795.1799999999,1815,517,30,711
2024-07-15,2024,Online,1568609.42,3249,931,30,1194
2024-07-16,2024,In-Store,3105801.48,6678,1839,30,1901
2024-07-16,2024,Mobile App,875827.22,1692,463,30,659
2024-07-16,2024,Online,1806497.9,3737,996,30,1249
2024-07-17,2024,In-Store,3311054.36,6752,1850,30,1946
2024-07-17,2024,Mobile App,771879.4299999999,1765,463,30,678
2024-07-17,2024,Online,1711876.97,3519,1001,30,1214
2024-07-18,2024,In-Store,3233910.6,6656,1803,30,1922
2024-07-18,2024,Mobile App,943543.82,1929,519,30,779
2024-07-18,2024,Online,1697284.68,3414,958,30,1180
2024-07-19,2024,In-Store,3185800.9,6874,1905,30,1931
2024-07-19,2024,Mobile App,883411.88,1821,518,30,716
2024-07-19,2024,Online,1588291.51,3329,954,30,1135
2024-07-20,2024,In-Store,3343443.85,7026,1919,30,1979
2024-07-20,2024,Mobile App,914794.05,1858,478,30,702
2024-07-20,2024,Online,1598456.66,3376,941,30,1185
2024-07-21,2024,In-Store,4361994.28,6972,1899,30,1981
2024-07-21,2024,Mobile App,1104664.94,1754,468,30,704
2024-07-21,2024,Online,2383269.85,3694,974,30,1228
2024-07-22,2024,In-Store,4220656.92,6666,1812,30,1921
2024-07-22,2024,Mobile App,1108626.88,1759,471,30,687
2024-07-22,2024,Online,2206515.75,3595,1004,30,1218
2024-07-23,2024,In-Store,3938986.7,6423,1773,30,1896
2024-07-23,2024,Mobile App,1066259.26,1714,471,30,663
2024-07-23,2024,Online,2349743.4,3800,1015,30,1236
2024-07-24,2024,In-Store,4178463.72,6852,1889,30,1924
2024-07-24,2024,Mobile App,1159330.03,1858,505,30,701
2024-07-24,2024,Online,2041201.47,3355,955,30,1160
2024-07-25,2024,In-Store,4146898.64,6755,1847,30,1953
2024-07-25,2024,Mobile App,1026099.89,1737,489,30,714
2024-07-25,2024,Online,2279594.41,3752,992,30,1228
2024-07-26,2024,In-Store,4194685.19,6722,1858,30,1928
2024-07-26,2024,Mobile App,1107316.23,1638,460,30,651
2024-07-26,2024,Online,2052679.85,3563,965,30,1237
2024-07-27,2024,In-Store,4353847.0,6752,1858,30,1948
2024-07-27,2024,Mobile App,1119851.49,1763,487,30,659
2024-07-27,2024,Online,1975408.99,3246,915,30,1131
2024-07-28,2024,In-Store,3869446.27,6361,1779,30,1808
2024-07-28,2024,Mobile App,1100005.83,1786,496,30,700
2024-07-28,2024,Online,2200995.7,3577,979,30,1217
2024-07-29,2024,In-Store,4240102.16,6771,1865,30,1972
2024-07-29,2024,Mobile App,1101622.12,1815,506,30,686
2024-07-29,2024,Online,2144398.23,3521,999,30,1225
2024-07-30,2024,In-Store,4078977.44,6773,1886,30,1946
2024-07-30,2024,Mobile App,1104966.15,1872,528,30,727
2024-07-30,2024,Online,2137322.84,3532,962,30,1207
2024-07-31,2024,In-Store,4158979.46,6500,1820,30,1904
2024-07-31,2024,Mobile App,1087268.71,1751,504,30,669
2024-07-31,2024,Online,2281783.81,3481,994,30,1224
2024-08-01,2024,In-Store,4698493.71,7501,2049,30,2047
2024-08-01,2024,Mobile App,1338322.96,2113,587,30,792
2024-08-01,2024,Online,2476614.57,4069,1124,30,1339
2024-08-02,2024,In-Store,4777206.13,7722,2110,30,2076
2024-08-02,2024,Mobile App,1253465.24,2046,583,30,806
2024-08-02,2024,Online,2426452.68,4017,1104,30,1302
2024-08-03,2024,In-Store,4538272.64,7278,2012,30,2047
2024-08-03,2024,Mobile App,1159779.1,2020,528,30,761
2024-08-03,2024,Online,2365559.86,3833,1050,30,1292
2024-08-04,2024,In-Store,4560464.24,7414,2038,30,2026
2024-08-04,2024,Mobile App,1143354.36,1870,527,30,709
2024-08-04,2024,Online,2459393.67,4028,1108,30,1352
2024-08-05,2024,In-Store,4680693.05,7583,2040,30,2101
2024-08-05,2024,Mobile App,1283745.58,2010,552,30,741
2024-08-05,2024,Online,2438349.58,3978,1071,30,1326
2024-08-06,2024,In-Store,4564031.97,7183,2004,30,2027
2024-08-06,2024,Mobile App,1187955.01,2002,556,30,768
2024-08-06,2024,Online,2432564.99,3918,1098,30,1293
2024-08-07,2024,In-Store,4618773.47,7575,2071,30,2072
2024-08-07,2024,Mobile App,1257079.04,1962,547,30,777
2024-08-07,2024,Online,2308374.32,3645,1045,30,1237
2024-08-08,2024,In-Store,4244936.58,6872,1904,30,1940
2024-08-08,2024,Mobile App,1295910.44,2078,557,30,766
2024-08-08,2024,Online,2456772.74,3875,1051,30,1251
2024-08-09,2024,In-Store,4605712.2,7205,1981,30,2016
2024-08-09,2024,Mobile App,1140904.23,1995,578,30,763
2024-08-09,2024,Online,2220713.43,3803,1094,30,1296
2024-08-10,2024,In-Store,4698489.19,7482,2069,30,2018
2024-08-10,2024,Mobile App,1135873.88,1950,547,30,775
2024-08-10,2024,Online,2330328.32,3995,1099,30,1316
2024-08-11,2024,In-Store,4471563.03,7449,1980,30,2036
2024-08-11,2024,Mobile App,1142816.54,1831,541,30,706
2024-08-11,2024,Online,2436377.73,3879,1099,30,1305
2024-08-12,2024,In-Store,4669545.56,7096,1992,30,1946
2024-08-12,2024,Mobile App,1214698.28,1987,532,30,748
2024-08-12,2024,Online,2589631.49,4155,1115,30,1328
2024-08-13,2024,In-Store,4599144.92,7236,1973,30,2011
2024-08-13,2024,Mobile App,1366113.54,2104,560,30,784
2024-08-13,2024,Online,2421564.72,3976,1056,30,1335
2024-08-14,2024,In-Store,4661524.56,7564,2031,30,2058
2024-08-14,2024,Mobile App,1130064.55,1880,523,30,716
2024-08-14,2024,Online,2534344.81,4054,1099,30,1323
2024-08-15,2024,In-Store,4402765.48,7170,2021,30,1984
2024-08-15,2024,Mobile App,1283781.51,2012,542,30,762
2024-08-15,2024,Online,2403176.57,3954,1076,30,1304
2024-08-16,2024,In-Store,4380985.67,7127,1998,30,2052
2024-08-16,2024,Mobile App,1207828.89,1952,540,30,730
2024-08-16,2024,Online,2429742.72,3913,1086,30,1289
2024-08-17,2024,In-Store,4772649.35,7553,2097,30,2067
2024-08-17,2024,Mobile App,1140257.5,1781,496,30,681
2024-08-17,2024,Online,2452330.56,3869,1067,30,1312
2024-08-18,2024,In-Store,4427398.78,7122,1960,30,2038
2024-08-18,2024,Mobile App,1221866.65,2005,546,30,758
2024-08-18,2024,Online,2384919.77,3994,1112,30,1348
2024-08-19,2024,In-Store,4292218.0,7055,1971,30,2008
2024-08-19,2024,Mobile App,1177940.33,1882,532,30,742
2024-08-19,2024,Online,2425501.24,3908,1108,30,1290
2024-08-20,2024,In-Store,4475512.91,7602,2064,30,2067
2024-08-20,2024,Mobile App,1263982.82,2039,554,30,777
2024-08-20,2024,Online,2425329.58,3951,1102,30,1314
2024-08-21,2024,In-Store,4612725.04,7160,1985,30,1985
2024-08-21,2024,Mobile App,1378100.3,2039,561,30,785
2024-08-21,2024,Online,2399413.71,3809,1116,30,1324
2024-08-22,2024,In-Store,4223047.73,6918,1969,30,1962
2024-08-22,2024,Mobile App,1108674.93,1824,518,30,718
2024-08-22,2024,Online,2563535.12,4006,1123,30,1359
2024-08-23,2024,In-Store,4674827.79,7667,2106,30,2072
2024-08-23,2024,Mobile App,1401510.64,2236,592,30,823
2024-08-23,2024,Online,2710786.06,4197,1171,30,1379
2024-08-24,2024,In-Store,4223636.57,6913,1958,30,1961
2024-08-24,2024,Mobile App,1177421.15,1968,540,30,767
2024-08-24,2024,Online,2544336.48,3935,1077,30,1277
2024-08-25,2024,In-Store,4488861.64,7018,1979,30,1964
2024-08-25,2024,Mobile App,1142671.04,1948,560,30,786
2024-08-25,2024,Online,2374642.16,3853,1086,30,1303
2024-08-26,2024,In-Store,4612692.32,7391,2001,30,2073
2024-08-26,2024,Mobile App,1268363.93,2097,576,30,785
2024-08-26,2024,Online,2357769.24,3842,1061,30,1309
2024-08-27,2024,In-Store,4648589.86,7492,2030,30,2001
2024-08-27,2024,Mobile App,1143726.07,1944,529,30,741
2024-08-27,2024,Online,2548613.47,3913,1109,30,1303
2024-08-28,2024,In-Store,4661676.74,7522,2078,30,2062
2024-08-28,2024,Mobile App,1203882.57,1964,538,30,727
2024-08-28,2024,Online,2264303.34,3771,1026,30,1214
2024-08-29,2024,In-Store,4764114.48,7668,2056,30,2038
2024-08-29,2024,Mobile App,1301281.22,2064,559,30,782
2024-08-29,2024,Online,2311599.35,3865,1049,30,1283
2024-08-30,2024,In-Store,4706603.11,7498,2090,30,2009
2024-08-30,2024,Mobile App,1274216.61,2053,562,30,778
2024-08-30,2024,Online,2596005.53,4179,1134,30,1380
2024-08-31,2024,In-Store,4675191.58,7225,2021,30,2017
2024-08-31,2024,Mobile App,1370088.39,2138,583,30,788
2024-08-31,2024,Online,2483506.74,3900,1072,30,1302
2024-09-01,2024,In-Store,4920686.12,7825,2136,30,2080
2024-09-01,2024,Mobile App,1262688.6,2061,583,30,790
2024-09-01,2024,Online,2819154.6,4463,1194,30,1465
2024-09-02,2024,In-Store,4563747.3,7334,1985,30,2035
2024-09-02,2024,Mobile App,1449168.61,2215,595,30,831
2024-09-02,2024,Online,2420275.96,4039,1081,30,1360
2024-09-03,2024,In-Store,4781034.66,7682,2088,30,2067
2024-09-03,2024,Mobile App,1251676.43,2012,560,30,769
2024-09-03,2024,Online,2639887.32,4221,1172,30,1371
2024-09-04,2024,In-Store,4942131.51,7853,2146,30,2169
2024-09-04,2024,Mobile App,1346040.28,2082,548,30,750
2024-09-04,2024,Online,2627114.25,4131,1174,30,1360
2024-09-05,2024,In-Store,4392360.62,7142,2022,30,2043
2024-09-05,2024,Mobile App,1301530.26,2052,575,30,743
2024-09-05,2024,Online,2767675.65,4441,1215,30,1401
2024-09-06,2024,In-Store,4626217.28,7627,2046,30,2083
2024-09-06,2024,Mobile App,1304431.34,2146,594,30,831
2024-09-06,2024,Online,2340816.97,3874,1061,30,1312
2024-09-07,2024,In-Store,4381116.02,7167,1995,30,1968
2024-09-07,2024,Mobile App,1180942.68,1975,558,30,765
2024-09-07,2024,Online,2519665.82,4229,1171,30,1376
2024-09-08,2024,In-Store,4910087.64,7915,2134,30,2141
2024-09-08,2024,Mobile App,1349143.61,2282,621,30,852
2024-09-08,2024,Online,2571058.64,4124,1105,30,1361
2024-09-09,2024,In-Store,4749428.82,7536,2101,30,2033
2024-09-09,2024,Mobile App,1421638.46,2169,570,30,790
2024-09-09,2024,Online,2392156.77,4198,1165,30,1401
2024-09-10,2024,In-Store,4608450.66,7535,2112,30,2143
2024-09-10,2024,Mobile App,1188757.21,1947,561,30,742
2024-09-10,2024,Online,2556926.07,4063,1092,30,1353
2024-09-11,2024,In-Store,5004483.8,7917,2159,30,2094
2024-09-11,2024,Mobile App,1453221.98,2166,576,30,799
2024-09-11,2024,Online,2651727.89,4200,1128,30,1388
2024-09-12,2024,In-Store,4932623.98,7836,2103,30,2157
2024-09-12,2024,Mobile App,1191434.5,1984,564,30,788
2024-09-12,2024,Online,2322781.53,3795,1070,30,1277
2024-09-13,2024,In-Store,4507115.6,7300,2099,30,2050
2024-09-13,2024,Mobile App,1178129.95,2055,580,30,793
2024-09-13,2024,Online,2538083.84,4013,1130,30,1330
2024-09-14,2024,In-Store,4746697.32,7730,2115,30,2104
2024-09-14,2024,Mobile App,1157922.87,1858,526,30,732
2024-09-14,2024,Online,2539488.94,4070,1136,30,1337
2024-09-15,2024,In-Store,4916682.07,7813,2159,30,2115
2024-09-15,2024,Mobile App,1175841.9,1923,561,30,766
2024-09-15,2024,Online,2488154.15,4048,1136,30,1370
2024-09-16,2024,In-Store,4637798.6,7543,2102,30,2110
2024-09-16,2024,Mobile App,1271242.53,1955,560,30,782
2024-09-16,2024,Online,2456447.26,3967,1112,30,1322
2024-09-17,2024,In-Store,4737300.58,7838,2151,30,2108
2024-09-17,2024,Mobile App,1205488.85,2082,575,30,784
2024-09-17,2024,Online,2533599.52,3988,1118,30,1346
2024-09-18,2024,In-Store,4775927.35,7661,2100,30,2129
2024-09-18,2024,Mobile App,1326845.09,2074,573,30,822
2024-09-18,2024,Online,2476085.72,4092,1081,30,1349
2024-09-19,2024,In-Store,4694904.13,7645,2131,30,2109
2024-09-19,2024,Mobile App,1294458.59,2058,570,30,794
2024-09-19,2024,Online,2441927.2,4102,1099,30,1347
2024-09-20,2024,In-Store,4612420.02,7458,2086,30,2071
2024-09-20,2024,Mobile App,1336424.45,2108,571,30,774
2024-09-20,2024,Online,2566462.11,4131,1149,30,1355
2024-09-21,2024,In-Store,4519377.93,7342,2051,30,2054
2024-09-21,2024,Mobile App,1226708.28,1943,536,30,749
2024-09-21,2024,Online,2432817.85,4060,1095,30,1322
2024-09-22,2024,In-Store,4780600.58,7598,2101,30,2041
2024-09-22,2024,Mobile App,1108885.17,1960,546,30,773
2024-09-22,2024,Online,2725377.4,4333,1189,30,1400
2024-09-23,2024,In-Store,3421302.05,7651,2099,30,2107
2024-09-23,2024,Mobile App,941455.87,2057,547,30,758
2024-09-23,2024,Online,1877920.97,3922,1107,30,1369
2024-09-24,2024,In-Store,3605586.78,7871,2165,30,2142
2024-09-24,2024,Mobile App,940184.22,2005,549,30,762
2024-09-24,2024,Online,1827631.13,4083,1125,30,1336
2024-09-25,2024,In-Store,3376045.65,7373,2044,30,2035
2024-09-25,2024,Mobile App,900296.73,2046,567,30,788
2024-09-25,2024,Online,1755170.87,3960,1119,30,1329
2024-09-26,2024,In-Store,3475507.15,7496,2022,30,2024
2024-09-26,2024,Mobile App,905589.21,2103,596,30,815
2024-09-26,2024,Online,1843449.82,4269,1144,30,1403
2024-09-27,2024,In-Store,3470451.11,7785,2148,30,2121
2024-09-27,2024,Mobile App,895505.25,1915,533,30,720
2024-09-27,2024,Online,1778119.72,3980,1144,30,1365
2024-09-28,2024,In-Store,3531018.12,7804,2117,30,2130
2024-09-28,2024,Mobile App,996973.61,2208,593,30,833
2024-09-28,2024,Online,1861867.81,3923,1094,30,1313
2024-09-29,2024,In-Store,3576057.3,7761,2128,30,2100
2024-09-29,2024,Mobile App,1023040.35,2151,592,30,810
2024-09-29,2024,Online,1896691.33,4060,1111,30,1311
2024-09-30,2024,In-Store,3345785.97,7180,2023,30,1993
2024-09-30,2024,Mobile App,944131.09,2173,597,30,817
2024-09-30,2024,Online,1806530.01,4110,1153,30,1353
2024-10-01,2024,In-Store,3333359.65,7315,2001,30,2023
2024-10-01,2024,Mobile App,875309.22,1945,510,30,746
2024-10-01,2024,Online,1878715.96,4038,1131,30,1320
2024-10-02,2024,In-Store,3308237.31,7429,1993,30,2044
2024-10-02,2024,Mobile App,934054.91,1970,525,30,721
2024-10-02,2024,Online,1922645.85,4205,1164,30,1343
2024-10-03,2024,In-Store,3493501.97,7667,2112,30,2062
2024-10-03,2024,Mobile App,963349.3,2009,548,30,752
2024-10-03,2024,Online,1791409.82,3885,1090,30,1325
2024-10-04,2024,In-Store,3310539.36,7477,2072,30,2095
2024-10-04,2024,Mobile App,871839.3,2024,543,30,757
2024-10-04,2024,Online,1692154.46,3712,1067,30,1235
2024-10-05,2024,In-Store,3328790.94,7460,2074,30,2051
2024-10-05,2024,Mobile App,946337.79,2015,548,30,781
2024-10-05,2024,Online,1700776.65,3753,1057,30,1251
2024-10-06,2024,In-Store,3386316.19,7501,2104,30,2065
2024-10-06,2024,Mobile App,849353.7,1775,512,30,723
2024-10-06,2024,Online,1860787.72,4002,1072,30,1340
2024-10-07,2024,In-Store,3331825.65,7228,1988,30,1973
2024-10-07,2024,Mobile App,905408.63,1884,507,30,729
2024-10-07,2024,Online,1753789.94,3950,1059,30,1298
2024-10-08,2024,In-Store,3517914.64,7735,2107,30,2104
2024-10-08,2024,Mobile App,971811.53,2015,524,30,765
2024-10-08,2024,Online,1705170.49,3879,1073,30,1313
2024-10-09,2024,In-Store,4484030.03,7282,2013,30,2048
2024-10-09,2024,Mobile App,1249887.88,2062,543,30,778
2024-10-09,2024,Online,2455094.23,3875,1044,30,1282
2024-10-10,2024,In-Store,4695104.69,7462,2042,30,2047
2024-10-10,2024,Mobile App,1268456.22,2038,574,30,768
2024-10-10,2024,Online,2408828.68,4021,1102,30,1340
2024-10-11,2024,In-Store,4505341.5,7523,2022,30,2055
2024-10-11,2024,Mobile App,1318771.26,2013,578,30,785
2024-10-11,2024,Online,2482492.79,3973,1075,30,1302
2024-10-12,2024,In-Store,4319551.49,7092,1987,30,1949
2024-10-12,2024,Mobile App,1111239.31,1956,566,30,764
2024-10-12,2024,Online,2296579.3,3816,1046,30,1248
2024-10-13,2024,In-Store,4896466.51,7822,2103,30,2064
2024-10-13,2024,Mobile App,1253404.33,2047,544,30,773
2024-10-13,2024,Online,2359265.46,3975,1097,30,1315
2024-10-14,2024,In-Store,4389917.72,7167,2003,30,2015
2024-10-14,2024,Mobile App,1225997.17,2027,554,30,746
2024-10-14,2024,Online,2339069.97,3761,1054,30,1277
2024-10-15,2024,In-Store,4537087.92,7261,2008,30,2054
2024-10-15,2024,Mobile App,1165728.3,1871,526,30,736
2024-10-15,2024,Online,2452870.07,3942,1078,30,1303
2024-10-16,2024,In-Store,4597545.3,7435,2034,30,2060
2024-10-16,2024,Mobile App,1342031.14,2134,596,30,835
2024-10-16,2024,Online,2531669.93,3982,1068,30,1288
2024-10-17,2024,In-Store,4583935.19,7438,2029,30,2081
2024-10-17,2024,Mobile App,1262654.44,1945,555,30,745
2024-10-17,2024,Online,2610815.91,4037,1086,30,1326
2024-10-18,2024,In-Store,4569451.12,7333,2020,30,1993
2024-10-18,2024,Mobile App,1301370.75,2107,569,30,791
2024-10-18,2024,Online,2359101.26,3750,1069,30,1286
2024-10-19,2024,In-Store,4561838.28,7170,2017,30,2026
2024-10-19,2024,Mobile App,1268770.27,1897,521,30,737
2024-10-19,2024,Online,2451068.01,3937,1105,30,1285
2024-10-20,2024,In-Store,4454606.6,7313,2051,30,2017
2024-10-20,2024,Mobile App,1214765.83,1944,548,30,732
2024-10-20,2024,Online,2487612.74,4036,1098,30,1335
2024-10-21,2024,In-Store,4750949.82,7483,2095,30,2068
2024-10-21,2024,Mobile App,1283011.79,2044,565,30,785
2024-10-21,2024,Online,2226334.28,3728,1040,30,1250
2024-10-22,2024,In-Store,4530972.0,7376,2008,30,2083
2024-10-22,2024,Mobile App,1171898.78,1932,511,30,726
2024-10-22,2024,Online,2460063.08,4061,1087,30,1331
2024-10-23,2024,In-Store,4564266.17,7321,1988,30,2064
2024-10-23,2024,Mobile App,1114613.17,1871,523,30,720
2024-10-23,2024,Online,2430299.03,3893,1069,30,1284
2024-10-24,2024,In-Store,4517456.81,7266,2017,30,2025
2024-10-24,2024,Mobile App,1306398.14,2111,573,30,819
2024-10-24,2024,Online,2467102.86,3968,1125,30,1336
2024-10-25,2024,In-Store,4430797.66,7060,1997,30,2042
2024-10-25,2024,Mobile App,1213319.95,1947,552,30,743
2024-10-25,2024,Online,2397575.93,3966,1081,30,1348
2024-10-26,2024,In-Store,4305554.17,7231,1975,30,2013
2024-10-26,2024,Mobile App,1313986.88,2062,540,30,761
2024-10-26,2024,Online,2576099.34,4171,1129,30,1389
2024-10-27,2024,In-Store,4498091.01,7266,2002,30,1995
2024-10-27,2024,Mobile App,1220209.48,2004,540,30,781
2024-10-27,2024,Online,2312363.63,3714,1033,30,1227
2024-10-28,2024,In-Store,4796412.99,7461,2069,30,2039
2024-10-28,2024,Mobile App,1282653.22,2119,563,30,807
2024-10-28,2024,Online,2482525.67,4202,1114,30,1380
2024-10-29,2024,In-Store,4704517.91,7623,2116,30,2087
2024-10-29,2024,Mobile App,1288541.9,1957,556,30,769
2024-10-29,2024,Online,2235540.25,3628,1053,30,1265
2024-10-30,2024,In-Store,4521609.65,7339,2001,30,1980
2024-10-30,2024,Mobile App,1209874.5,1898,555,30,761
2024-10-30,2024,Online,2235991.51,3841,1069,30,1277
2024-10-31,2024,In-Store,4443377.09,7158,2006,30,2051
2024-10-31,2024,Mobile App,1175079.08,1924,526,30,735
2024-10-31,2024,Online,2418269.03,3867,1056,30,1300
2024-11-01,2024,In-Store,5356081.92,8825,2464,30,2307
2024-11-01,2024,Mobile App,1520303.55,2476,660,30,925
2024-11-01,2024,Online,2746618.75,4782,1317,30,1560
2024-11-02,2024,In-Store,5554133.08,9110,2490,30,2321
2024-11-02,2024,Mobile App,1511215.17,2346,659,30,882
2024-11-02,2024,Online,3141538.97,4992,1366,30,1556
2024-11-03,2024,In-Store,5590477.25,9106,2494,30,2360
2024-11-03,2024,Mobile App,1580715.24,2465,683,30,939
2024-11-03,2024,Online,2872718.23,4807,1326,30,1535
2024-11-04,2024,In-Store,5508571.27,9074,2499,30,2313
2024-11-04,2024,Mobile App,1770675.75,2773,721,30,969
2024-11-04,2024,Online,2855333.76,4616,1287,30,1488
2024-11-05,2024,In-Store,5679089.95,9054,2476,30,2309
2024-11-05,2024,Mobile App,1745254.07,2708,699,30,955
2024-11-05,2024,Online,3044120.94,5017,1347,30,1531
2024-11-06,2024,In-Store,6079820.27,9331,2550,30,2380
2024-11-06,2024,Mobile App,1605357.25,2548,695,30,910
2024-11-06,2024,Online,3064105.73,4904,1361,30,1549
2024-11-07,2024,In-Store,5602992.18,9145,2533,30,2332
2024-11-07,2024,Mobile App,1454093.53,2294,630,30,849
2024-11-07,2024,Online,3050248.47,4863,1352,30,1507
2024-11-08,2024,In-Store,5632037.91,9091,2494,30,2337
2024-11-08,2024,Mobile App,1605827.98,2569,690,30,920
2024-11-08,2024,Online,3047236.1,4946,1389,30,1560
2024-11-09,2024,In-Store,5723468.64,9163,2466,30,2333
2024-11-09,2024,Mobile App,1608605.16,2383,648,30,908
2024-11-09,2024,Online,3034337.0,4835,1332,30,1560
2024-11-10,2024,In-Store,5371547.71,8527,2396,30,2227
2024-11-10,2024,Mobile App,1431189.9,2328,645,30,882
2024-11-10,2024,Online,3031546.52,4895,1341,30,1527
2024-11-11,2024,In-Store,5583424.5,9161,2515,30,2361
2024-11-11,2024,Mobile App,1450541.7,2427,681,30,906
2024-11-11,2024,Online,3046139.01,4854,1347,30,1509
2024-11-12,2024,In-Store,5362140.28,8726,2433,30,2330
2024-11-12,2024,Mobile App,1420036.26,2395,677,30,860
2024-11-12,2024,Online,3033470.65,4852,1307,30,1536
2024-11-13,2024,In-Store,5494021.17,8940,2489,30,2327
2024-11-13,2024,Mobile App,1606769.79,2577,718,30,939
2024-11-13,2024,Online,2945509.45,4802,1306,30,1549
2024-11-14,2024,In-Store,5456404.91,9053,2490,30,2303
2024-11-14,2024,Mobile App,1508321.16,2589,688,30,972
2024-11-14,2024,Online,3083565.02,4981,1362,30,1578
2024-11-15,2024,In-Store,5620420.44,8943,2515,30,2329
2024-11-15,2024,Mobile App,1447936.86,2470,693,30,894
2024-11-15,2024,Online,3014927.12,5056,1372,30,1561
2024-11-16,2024,In-Store,5823478.26,9294,2561,30,2364
2024-11-16,2024,Mobile App,1519490.02,2461,673,30,904
2024-11-16,2024,Online,3087572.36,4842,1340,30,1564
2024-11-17,2024,In-Store,6125093.09,9663,2586,30,2359
2024-11-17,2024,Mobile App,1411589.76,2256,597,30,852
2024-11-17,2024,Online,3025852.9,4736,1279,30,1481
2024-11-18,2024,In-Store,5752767.45,9246,2518,30,2321
2024-11-18,2024,Mobile App,1372844.73,2240,621,30,851
2024-11-18,2024,Online,3036007.37,4811,1314,30,1526
2024-11-19,2024,In-Store,5596940.3,9092,2490,30,2307
2024-11-19,2024,Mobile App,1537243.57,2550,699,30,959
2024-11-19,2024,Online,3039928.3,4887,1381,30,1564
2024-11-20,2024,In-Store,5441871.1,8895,2470,30,2298
2024-11-20,2024,Mobile App,1534547.34,2410,668,30,912
2024-11-20,2024,Online,2902929.05,4717,1304,30,1527
2024-11-21,2024,In-Store,5770756.57,9419,2589,30,2401
2024-11-21,2024,Mobile App,1402179.12,2291,644,30,864
2024-11-21,2024,Online,3126585.48,4964,1380,30,1519
2024-11-22,2024,In-Store,5483613.21,8806,2395,30,2294
2024-11-22,2024,Mobile App,1571075.78,2560,699,30,913
2024-11-22,2024,Online,3080338.36,4892,1318,30,1536
2024-11-23,2024,In-Store,5416108.08,8730,2441,30,2293
2024-11-23,2024,Mobile App,1645179.35,2599,691,30,962
2024-11-23,2024,Online,2935605.04,4904,1340,30,1528
2024-11-24,2024,In-Store,5824674.59,9077,2510,30,2350
2024-11-24,2024,Mobile App,1502922.4,2299,648,30,852
2024-11-24,2024,Online,2802797.34,4607,1295,30,1453
2024-11-25,2024,In-Store,5731070.41,9111,2511,30,2349
2024-11-25,2024,Mobile App,1553747.44,2354,661,30,847
2024-11-25,2024,Online,3180298.34,4969,1355,30,1538
2024-11-26,2024,In-Store,5404652.84,8903,2441,30,2298
2024-11-26,2024,Mobile App,1574672.4,2541,721,30,974
2024-11-26,2024,Online,2971025.39,4837,1334,30,1575
2024-11-27,2024,In-Store,5531927.44,8792,2446,30,2314
2024-11-27,2024,Mobile App,1416828.04,2330,632,30,885
2024-11-27,2024,Online,2947325.17,4841,1325,30,1519
2024-11-28,2024,In-Store,5312877.23,8793,2472,30,2267
2024-11-28,2024,Mobile App,1584199.01,2384,670,30,883
2024-11-28,2024,Online,2891020.43,4657,1335,30,1440
2024-11-29,2024,In-Store,5269961.0,8634,2377,30,2245
2024-11-29,2024,Mobile App,1508163.6,2327,645,30,877
2024-11-29,2024,Online,3114721.3,4914,1326,30,1531
2024-11-30,2024,In-Store,5333184.21,8926,2442,30,2302
2024-11-30,2024,Mobile App,1461146.25,2336,652,30,867
2024-11-30,2024,Online,3350154.31,5108,1396,30,1580
2024-12-01,2024,In-Store,6238500.33,9815,2687,30,2428
2024-12-01,2024,Mobile App,1668634.77,2645,748,30,948
2024-12-01,2024,Online,3302796.62,5358,1427,30,1620
2024-12-02,2024,In-Store,5873212.84,9486,2609,30,2359
2024-12-02,2024,Mobile App,1653302.03,2760,740,30,979
2024-12-02,2024,Online,3212499.01,5287,1435,30,1655
2024-12-03,2024,In-Store,5997736.04,9704,2655,30,2459
2024-12-03,2024,Mobile App,1630463.19,2739,743,30,1003
2024-12-03,2024,Online,3193776.78,5172,1472,30,1582
2024-12-04,2024,In-Store,6155995.32,9811,2744,30,2456
2024-12-04,2024,Mobile App,1715907.65,2668,720,30,962
2024-12-04,2024,Online,3098019.04,5130,1405,30,1598
2024-12-05,2024,In-Store,6218938.42,9858,2760,30,2497
2024-12-05,2024,Mobile App,1580796.58,2754,755,30,972
2024-12-05,2024,Online,3350789.56,5382,1492,30,1675
2024-12-06,2024,In-Store,5989596.57,9677,2682,30,2408
2024-12-06,2024,Mobile App,1705961.65,2651,711,30,951
2024-12-06,2024,Online,3217295.95,5035,1447,30,1588
2024-12-07,2024,In-Store,6094492.68,9734,2734,30,2423
2024-12-07,2024,Mobile App,1516113.74,2576,690,30,959
2024-12-07,2024,Online,3342039.59,5439,1472,30,1628
2024-12-08,2024,In-Store,6186380.03,10157,2805,30,2505
2024-12-08,2024,Mobile App,1628030.49,2554,742,30,949
2024-12-08,2024,Online,3084512.68,4906,1417,30,1531
2024-12-09,2024,In-Store,6329932.19,10058,2698,30,2474
2024-12-09,2024,Mobile App,1702795.2,2546,711,30,921
2024-12-09,2024,Online,3391607.01,5452,1473,30,1628
2024-12-10,2024,In-Store,6077408.29,9905,2714,30,2468
2024-12-10,2024,Mobile App,1660621.85,2677,733,30,965
2024-12-10,2024,Online,3176047.87,5327,1453,30,1616
2024-12-11,2024,In-Store,6267885.63,10018,2722,30,2464
2024-12-11,2024,Mobile App,1803932.2,2669,720,30,996
2024-12-11,2024,Online,3179947.45,5043,1391,30,1558
2024-12-12,2024,In-Store,6250539.05,10049,2764,30,2473
2024-12-12,2024,Mobile App,1633394.51,2574,724,30,938
2024-12-12,2024,Online,3361611.81,5353,1455,30,1610
2024-12-13,2024,In-Store,6064281.52,9905,2716,30,2445
2024-12-13,2024,Mobile App,1697364.33,2676,727,30,954
2024-12-13,2024,Online,3160033.2,5161,1446,30,1567
2024-12-14,2024,In-Store,6154241.79,9934,2687,30,2445
2024-12-14,2024,Mobile App,1614473.77,2581,735,30,935
2024-12-14,2024,Online,3306441.03,5132,1408,30,1614
2024-12-15,2024,In-Store,5817539.7,9562,2665,30,2418
2024-12-15,2024,Mobile App,1514844.23,2486,715,30,933
2024-12-15,2024,Online,3139132.75,5294,1471,30,1634
2024-12-16,2024,In-Store,6060990.0,9620,2704,30,2413
2024-12-16,2024,Mobile App,1685045.38,2701,754,30,957
2024-12-16,2024,Online,3215683.6,5171,1389,30,1572
2024-12-17,2024,In-Store,6025495.02,9831,2703,30,2455
2024-12-17,2024,Mobile App,1644120.51,2584,722,30,980
2024-12-17,2024,Online,3199297.43,5206,1399,30,1642
2024-12-18,2024,In-Store,5930060.15,9620,2659,30,2413
2024-12-18,2024,Mobile App,1614932.66,2664,738,30,990
2024-12-18,2024,Online,3447774.77,5466,1468,30,1656
2024-12-19,2024,In-Store,6155461.31,9662,2659,30,2382
2024-12-19,2024,Mobile App,1769459.38,2828,777,30,1020
2024-12-19,2024,Online,3276397.25,5108,1431,30,1618
2024-12-20,2024,In-Store,6456590.54,10181,2744,30,2466
2024-12-20,2024,Mobile App,1524044.78,2507,735,30,946
2024-12-20,2024,Online,3073461.44,5056,1446,30,1610
2024-12-21,2024,In-Store,6104031.88,9688,2675,30,2414
2024-12-21,2024,Mobile App,1481695.79,2393,682,30,913
2024-12-21,2024,Online,3468928.44,5348,1465,30,1683
2024-12-22,2024,In-Store,6152070.8,9928,2725,30,2423
2024-12-22,2024,Mobile App,1713444.82,2735,722,30,971
2024-12-22,2024,Online,3107630.29,5154,1402,30,1583
2024-12-23,2024,In-Store,6000058.3,9703,2676,30,2475
2024-12-23,2024,Mobile App,1711256.64,2681,737,30,957
2024-12-23,2024,Online,3253009.92,5445,1472,30,1616
2024-12-24,2024,In-Store,6258507.67,9944,2809,30,2481
2024-12-24,2024,Mobile App,1595767.32,2545,723,30,944
2024-12-24,2024,Online,3170357.1,5175,1439,30,1575
2024-12-25,2024,In-Store,6329080.21,10143,2771,30,2502
2024-12-25,2024,Mobile App,1679502.34,2728,748,30,1008
2024-12-25,2024,Online,3463205.7,5443,1483,30,1662
2024-12-26,2024,In-Store,6032048.91,9665,2675,30,2402
2024-12-26,2024,Mobile App,1614473.83,2690,750,30,1012
2024-12-26,2024,Online,3179721.6,5181,1439,30,1628
2024-12-27,2024,In-Store,5958904.6,9592,2664,30,2412
2024-12-27,2024,Mobile App,1685529.93,2747,735,30,976
2024-12-27,2024,Online,3329711.47,5401,1506,30,1670
2024-12-28,2024,In-Store,5923429.51,9578,2662,30,2474
2024-12-28,2024,Mobile App,1501643.22,2450,696,30,905
2024-12-28,2024,Online,3163951.61,4953,1393,30,1559
2024-12-29,2024,In-Store,6039546.14,9837,2677,30,2466
2024-12-29,2024,Mobile App,1696763.83,2721,740,30,985
2024-12-29,2024,Online,3164890.35,5167,1419,30,1628
2024-12-30,2024,In-Store,6328625.72,9993,2794,30,2482
2024-12-30,2024,Mobile App,1607570.71,2629,704,30,929
2024-12-30,2024,Online,3137782.43,5103,1444,30,1600
2024-12-31,2024,In-Store,6274245.97,9952,2739,30,2496
2024-12-31,2024,Mobile App,1534717.65,2447,694,30,919
2024-12-31,2024,Online,3347939.0,5301,1494,30,1613
2025-01-01,2025,In-Store,3926706.28,6296,1762,30,1861
2025-01-01,2025,Mobile App,1032593.1799999999,1638,446,30,629
2025-01-01,2025,Online,2140199.44,3361,932,30,1210
2025-01-02,2025,In-Store,4135459.17,6383,1783,30,1895
2025-01-02,2025,Mobile App,946226.28,1569,432,30,617
2025-01-02,2025,Online,1990171.61,3320,935,30,1175
2025-01-03,2025,In-Store,4005649.83,6363,1725,30,1871
2025-01-03,2025,Mobile App,1020150.7,1684,459,30,656
2025-01-03,2025,Online,2177427.97,3443,951,30,1172
2025-01-04,2025,In-Store,3769046.53,6009,1691,30,1800
2025-01-04,2025,Mobile App,901440.58,1520,431,30,613
2025-01-04,2025,Online,1976701.33,3204,882,30,1183
2025-01-05,2025,In-Store,3740341.38,5982,1662,30,1792
2025-01-05,2025,Mobile App,1079403.79,1715,445,30,658
2025-01-05,2025,Online,2089084.46,3416,948,30,1179
2025-01-06,2025,In-Store,3657622.79,6008,1675,30,1747
2025-01-06,2025,Mobile App,1038764.36,1697,484,30,656
2025-01-06,2025,Online,2074308.91,3311,909,30,1156
2025-01-07,2025,In-Store,4130061.66,6573,1779,30,1850
2025-01-07,2025,Mobile App,1111532.03,1757,477,30,689
2025-01-07,2025,Online,2043577.85,3312,934,30,1126
2025-01-08,2025,In-Store,3621294.73,6035,1723,30,1780
2025-01-08,2025,Mobile App,962923.95,1631,478,30,650
2025-01-08,2025,Online,2054999.25,3317,911,30,1139
2025-01-09,2025,In-Store,3757438.42,6104,1722,30,1814
2025-01-09,2025,Mobile App,1219035.84,1854,493,30,724
2025-01-09,2025,Online,1876828.62,3224,890,30,1116
2025-01-10,2025,In-Store,3870956.38,6335,1775,30,1897
2025-01-10,2025,Mobile App,1010772.26,1670,462,30,656
2025-01-10,2025,Online,1977656.66,3218,903,30,1140
2025-01-11,2025,In-Store,3956126.55,6289,1735,30,1807
2025-01-11,2025,Mobile App,1082243.59,1752,486,30,704
2025-01-11,2025,Online,1860721.89,3262,906,30,1119
2025-01-12,2025,In-Store,3747757.14,6416,1751,30,1843
2025-01-12,2025,Mobile App,988362.17,1576,451,30,632
2025-01-12,2025,Online,1961968.65,3281,882,30,1098
2025-01-13,2025,In-Store,3811243.11,6158,1644,30,1778
2025-01-13,2025,Mobile App,1020266.87,1682,447,30,638
2025-01-13,2025,Online,2000948.82,3329,917,30,1133
2025-01-14,2025,In-Store,3651586.62,6332,1717,30,1869
2025-01-14,2025,Mobile App,1082348.62,1697,456,30,656
2025-01-14,2025,Online,2010365.52,3414,940,30,1172
2025-01-15,2025,In-Store,3910561.91,6594,1770,30,1898
2025-01-15,2025,Mobile App,945369.0,1477,419,30,597
2025-01-15,2025,Online,2166967.62,3477,941,30,1182
2025-01-16,2025,In-Store,3833670.22,6186,1702,30,1799
2025-01-16,2025,Mobile App,1061251.65,1755,478,30,685
2025-01-16,2025,Online,2172483.23,3360,955,30,1173
2025-01-17,2025,In-Store,3751944.54,6294,1750,30,1832
2025-01-17,2025,Mobile App,1178954.36,1852,492,30,669
2025-01-17,2025,Online,1967693.48,3233,921,30,1152
2025-01-18,2025,In-Store,3895568.89,6243,1725,30,1829
2025-01-18,2025,Mobile App,1055236.18,1712,482,30,683
2025-01-18,2025,Online,2151014.74,3468,922,30,1175
2025-01-19,2025,In-Store,3574915.57,6149,1688,30,1811
2025-01-19,2025,Mobile App,977243.25,1742,485,30,681
2025-01-19,2025,Online,2000115.06,3441,964,30,1196
2025-01-20,2025,In-Store,3532814.83,6159,1715,30,1812
2025-01-20,2025,Mobile App,1092201.95,1710,458,30,665
2025-01-20,2025,Online,1911302.26,3321,926,30,1170
2025-01-21,2025,In-Store,3448160.2,6323,1754,30,1849
2025-01-21,2025,Mobile App,1035663.06,1686,463,30,634
2025-01-21,2025,Online,2073708.05,3537,940,30,1190
2025-01-22,2025,In-Store,3587152.83,5966,1679,30,1799
2025-01-22,2025,Mobile App,1041016.34,1660,442,30,661
2025-01-22,2025,Online,1992176.02,3364,924,30,1152
2025-01-23,2025,In-Store,3803017.19,6575,1820,30,1850
2025-01-23,2025,Mobile App,1023740.71,1788,470,30,694
2025-01-23,2025,Online,1969817.35,3389,923,30,1165
2025-01-24,2025,In-Store,3923455.38,6495,1766,30,1862
2025-01-24,2025,Mobile App,977954.67,1709,478,30,683
2025-01-24,2025,Online,1899797.63,3306,900,30,1097
2025-01-25,2025,In-Store,3608959.98,6292,1731,30,1822
2025-01-25,2025,Mobile App,899310.92,1592,437,30,651
2025-01-25,2025,Online,1950396.76,3265,898,30,1101
2025-01-26,2025,In-Store,3464213.92,6069,1732,30,1781
2025-01-26,2025,Mobile App,1090781.1,1754,489,30,678
2025-01-26,2025,Online,2091833.3599999999,3535,953,30,1204
2025-01-27,2025,In-Store,3949564.43,6731,1805,30,1907
2025-01-27,2025,Mobile App,895566.54,1524,425,30,622
2025-01-27,2025,Online,2057804.6,3431,906,30,1184
2025-01-28,2025,In-Store,3618251.73,6141,1722,30,1823
2025-01-28,2025,Mobile App,1067932.29,1737,484,30,671
2025-01-28,2025,Online,1919398.7,3248,904,30,1154
2025-01-29,2025,In-Store,3591152.39,6017,1699,30,1791
2025-01-29,2025,Mobile App,957501.78,1655,478,30,649
2025-01-29,2025,Online,2038629.58,3610,958,30,1184
2025-01-30,2025,In-Store,3823518.06,6356,1722,30,1843
2025-01-30,2025,Mobile App,964658.0,1522,413,30,609
2025-01-30,2025,Online,2012204.12,3287,966,30,1174
2025-01-31,2025,In-Store,3798456.53,6439,1724,30,1890
2025-01-31,2025,Mobile App,1027198.51,1662,454,30,649
2025-01-31,2025,Online,2050662.94,3314,884,30,1105
2025-02-01,2025,In-Store,3851145.42,6441,1799,30,1820
2025-02-01,2025,Mobile App,1104258.95,1809,511,30,698
2025-02-01,2025,Online,2101014.76,3603,1029,30,1248
2025-02-02,2025,In-Store,3884501.07,6580,1802,30,1905
2025-02-02,2025,Mobile App,861507.61,1576,447,30,629
2025-02-02,2025,Online,2152457.49,3625,973,30,1215
2025-02-03,2025,In-Store,3931896.2,6369,1752,30,1813
2025-02-03,2025,Mobile App,1105135.28,1846,514,30,744
2025-02-03,2025,Online,1945714.11,3266,941,30,1134
2025-02-04,2025,In-Store,3896773.9,6459,1783,30,1886
2025-02-04,2025,Mobile App,1077962.28,1861,498,30,748
2025-02-04,2025,Online,2040865.49,3515,962,30,1229
2025-02-05,2025,In-Store,3804237.43,6535,1774,30,1870
2025-02-05,2025,Mobile App,1054592.87,1789,505,30,730
2025-02-05,2025,Online,1997902.44,3454,936,30,1191
2025-02-06,2025,In-Store,3862262.06,6608,1819,30,1904
2025-02-06,2025,Mobile App,1063278.05,1833,495,30,716
2025-02-06,2025,Online,1976301.07,3524,961,30,1194
2025-02-07,2025,In-Store,2268996.56,6678,1802,30,1926
2025-02-07,2025,Mobile App,571352.81,1709,485,30,678
2025-02-07,2025,Online,1207224.71,3517,983,30,1256
2025-02-08,2025,In-Store,2333713.08,6554,1807,30,1900
2025-02-08,2025,Mobile App,524885.78,1637,464,30,665
2025-02-08,2025,Online,1196762.65,3480,977,30,1233
2025-02-09,2025,In-Store,2268572.84,6497,1757,30,1876
2025-02-09,2025,Mobile App,620561.88,1703,489,30,669
2025-02-09,2025,Online,1319697.49,3632,979,30,1217
2025-02-10,2025,In-Store,2232446.98,6412,1793,30,1885
2025-02-10,2025,Mobile App,639105.3,1734,490,30,718
2025-02-10,2025,Online,1398739.39,3703,1003,30,1247
2025-02-11,2025,In-Store,2292022.7600000002,6524,1822,30,1908
2025-02-11,2025,Mobile App,532372.11,1594,459,30,632
2025-02-11,2025,Online,1104257.4,3279,940,30,1152
2025-02-12,2025,In-Store,2312079.6,6529,1826,30,1855
2025-02-12,2025,Mobile App,674328.39,1856,500,30,703
2025-02-12,2025,Online,1164236.49,3445,960,30,1202
2025-02-13,2025,In-Store,2249726.38,6635,1803,30,1862
2025-02-13,2025,Mobile App,619300.85,1736,475,30,651
2025-02-13,2025,Online,1117037.96,3515,985,30,1214
2025-02-14,2025,In-Store,2375255.64,6623,1832,30,1891
2025-02-14,2025,Mobile App,627254.61,1787,483,30,669
2025-02-14,2025,Online,1185596.33,3270,938,30,1170
2025-02-15,2025,In-Store,2398154.94,6946,1888,30,1934
2025-02-15,2025,Mobile App,759572.76,2028,540,30,760
2025-02-15,2025,Online,1234267.37,3508,961,30,1212
2025-02-16,2025,In-Store,2396039.6,6852,1862,30,1958
2025-02-16,2025,Mobile App,605717.04,1788,501,30,706
2025-02-16,2025,Online,1126356.96,3318,956,30,1184
2025-02-17,2025,In-Store,2441904.7,6788,1829,30,1899
2025-02-17,2025,Mobile App,558263.07,1653,453,30,660
2025-02-17,2025,Online,1203795.21,3465,926,30,1213
2025-02-18,2025,In-Store,2074601.95,6089,1742,30,1815
2025-02-18,2025,Mobile App,663794.2,1905,522,30,777
2025-02-18,2025,Online,1283829.95,3621,993,30,1227
2025-02-19,2025,In-Store,2167976.17,6446,1794,30,1923
2025-02-19,2025,Mobile App,668859.25,1868,525,30,730
2025-02-19,2025,Online,1274566.65,3575,933,30,1178
2025-02-20,2025,In-Store,2283996.33,6571,1811,30,1890
2025-02-20,2025,Mobile App,622053.53,1778,494,30,690
2025-02-20,2025,Online,1244263.16,3513,949,30,1242
2025-02-21,2025,In-Store,2269475.31,6362,1750,30,1829
2025-02-21,2025,Mobile App,579796.99,1613,452,30,644
2025-02-21,2025,Online,1236318.61,3388,962,30,1162
2025-02-22,2025,In-Store,2287847.39,6650,1815,30,1930
2025-02-22,2025,Mobile App,547169.37,1636,462,30,658
2025-02-22,2025,Online,1293313.66,3465,996,30,1221
2025-02-23,2025,In-Store,2261167.15,6346,1780,30,1905
2025-02-23,2025,Mobile App,568479.41,1762,501,30,697
2025-02-23,2025,Online,1084272.05,3338,958,30,1195
2025-02-24,2025,In-Store,2228454.1,6387,1788,30,1898
2025-02-24,2025,Mobile App,659667.66,1798,474,30,698
2025-02-24,2025,Online,1237396.28,3523,982,30,1208
2025-02-25,2025,In-Store,3948144.94,6395,1782,30,1857
2025-02-25,2025,Mobile App,1051205.65,1687,477,30,660
2025-02-25,2025,Online,2327551.45,3747,1023,30,1281
2025-02-26,2025,In-Store,4017276.76,6629,1811,30,1866
2025-02-26,2025,Mobile App,1089943.25,1729,483,30,654
2025-02-26,2025,Online,1981362.29,3329,946,30,1158
2025-02-27,2025,In-Store,3989816.44,6385,1762,30,1857
2025-02-27,2025,Mobile App,1143181.8,1818,496,30,699
2025-02-27,2025,Online,2142599.52,3535,965,30,1194
2025-02-28,2025,In-Store,4099676.66,6802,1904,30,1949
2025-02-28,2025,Mobile App,1075096.44,1770,509,30,698
2025-02-28,2025,Online,2278269.89,3654,1008,30,1205
2025-03-01,2025,In-Store,4465221.92,7479,1993,30,2010
2025-03-01,2025,Mobile App,1110070.36,1794,511,30,710
2025-03-01,2025,Online,2279974.42,3572,999,30,1225
2025-03-02,2025,In-Store,4168455.02,6723,1869,30,1898
2025-03-02,2025,Mobile App,1199232.29,2026,538,30,766
2025-03-02,2025,Online,2416175.29,3898,1056,30,1297
2025-03-03,2025,In-Store,4259042.99,6786,1864,30,1938
2025-03-03,2025,Mobile App,1107194.84,1820,516,30,723
2025-03-03,2025,Online,2197642.86,3672,1020,30,1255
2025-03-04,2025,In-Store,4467484.35,7246,1977,30,2009
2025-03-04,2025,Mobile App,1226525.05,2022,554,30,784
2025-03-04,2025,Online,2372297.53,3817,1045,30,1283
2025-03-05,2025,In-Store,4400473.98,6881,1915,30,1961
2025-03-05,2025,Mobile App,1071454.24,1716,475,30,674
2025-03-05,2025,Online,2436452.43,3800,1058,30,1252
2025-03-06,2025,In-Store,4271640.54,6512,1815,30,1884
2025-03-06,2025,Mobile App,1239707.99,1977,544,30,746
2025-03-06,2025,Online,2338449.42,3792,1037,30,1256
2025-03-07,2025,In-Store,4579472.58,7328,2026,30,2062
2025-03-07,2025,Mobile App,1210510.11,2018,527,30,784
2025-03-07,2025,Online,2305671.74,3757,1023,30,1282
2025-03-08,2025,In-Store,4410364.07,7107,1978,30,1990
2025-03-08,2025,Mobile App,1113768.58,1829,530,30,716
2025-03-08,2025,Online,2240451.51,3607,1008,30,1243
2025-03-09,2025,In-Store,4404035.47,7206,1975,30,1981
2025-03-09,2025,Mobile App,1307889.04,2146,589,30,789
2025-03-09,2025,Online,2199675.33,3694,1051,30,1283
2025-03-10,2025,In-Store,4129192.46,7048,1879,30,2019
2025-03-10,2025,Mobile App,1247529.37,1966,519,30,732
2025-03-10,2025,Online,2245301.92,3638,991,30,1244
2025-03-11,2025,In-Store,4171552.48,6851,1887,30,1947
2025-03-11,2025,Mobile App,1237285.64,2008,540,30,749
2025-03-11,2025,Online,2371391.45,3869,1065,30,1279
2025-03-12,2025,In-Store,4427299.9,7111,1988,30,1990
2025-03-12,2025,Mobile App,1220683.19,1908,509,30,726
2025-03-12,2025,Online,2205973.12,3758,1006,30,1230
2025-03-13,2025,In-Store,4062735.58,6850,1907,30,1972
2025-03-13,2025,Mobile App,1096669.8,1941,533,30,744
2025-03-13,2025,Online,2448585.53,3897,1044,30,1271
2025-03-14,2025,In-Store,4393258.87,7162,1977,30,2002
2025-03-14,2025,Mobile App,1286218.46,2081,549,30,765
2025-03-14,2025,Online,2256108.78,3727,1025,30,1232
2025-03-15,2025,In-Store,4228339.13,7089,1963,30,2021
2025-03-15,2025,Mobile App,1071099.68,1798,500,30,704
2025-03-15,2025,Online,2243826.21,3751,1020,30,1247
2025-03-16,2025,In-Store,4133569.51,6744,1860,30,1921
2025-03-16,2025,Mobile App,1162494.24,1925,532,30,750
2025-03-16,2025,Online,2195028.48,3674,1047,30,1275
2025-03-17,2025,In-Store,3964549.31,6740,1900,30,1964
2025-03-17,2025,Mobile App,1046446.53,1736,513,30,691
2025-03-17,2025,Online,2461972.48,3869,1089,30,1291
2025-03-18,2025,In-Store,4365004.7,7189,1998,30,2005
2025-03-18,2025,Mobile App,1248047.39,2118,588,30,808
2025-03-18,2025,Online,2297013.64,3821,1050,30,1266
2025-03-19,2025,In-Store,3993817.87,6856,1893,30,1970
2025-03-19,2025,Mobile App,1238272.18,1959,538,30,755
2025-03-19,2025,Online,2279007.72,3808,1048,30,1226
2025-03-20,2025,In-Store,4050500.37,6946,1945,30,1950
2025-03-20,2025,Mobile App,1239514.97,1937,550,30,773
2025-03-20,2025,Online,2072180.05,3472,1018,30,1230
2025-03-21,2025,In-Store,4093538.75,6952,1911,30,1935
2025-03-21,2025,Mobile App,1029097.75,1784,509,30,716
2025-03-21,2025,Online,2213652.46,3607,1009,30,1250
2025-03-22,2025,In-Store,3942818.68,6532,1873,30,1880
2025-03-22,2025,Mobile App,1256934.74,2006,547,30,757
2025-03-22,2025,Online,2387727.46,3737,1047,30,1290
2025-03-23,2025,In-Store,4089576.43,6783,1870,30,1930
2025-03-23,2025,Mobile App,1181680.89,1849,536,30,726
2025-03-23,2025,Online,2152650.8,3666,1037,30,1241
2025-03-24,2025,In-Store,4420875.77,7168,1962,30,1974
2025-03-24,2025,Mobile App,1128083.44,1994,523,30,779
2025-03-24,2025,Online,2403078.54,3916,1075,30,1281
2025-03-25,2025,In-Store,4376809.6,7297,2014,30,2021
2025-03-25,2025,Mobile App,1186062.23,1985,512,30,764
2025-03-25,2025,Online,2128749.69,3555,982,30,1224
2025-03-26,2025,In-Store,4228185.54,7096,1963,30,1999
2025-03-26,2025,Mobile App,1171348.22,1805,523,30,716
2025-03-26,2025,Online,2070856.9,3596,998,30,1212
2025-03-27,2025,In-Store,4451154.13,7118,1964,30,2019
2025-03-27,2025,Mobile App,1114634.43,1823,501,30,733
2025-03-27,2025,Online,2230577.99,3773,1025,30,1253
2025-03-28,2025,In-Store,4282355.96,7035,1971,30,1925
2025-03-28,2025,Mobile App,883090.23,1518,438,30,638
2025-03-28,2025,Online,2241115.23,3719,1015,30,1235
2025-03-29,2025,In-Store,4123479.74,7077,1898,30,1990
2025-03-29,2025,Mobile App,1254311.61,1967,546,30,775
2025-03-29,2025,Online,2167737.27,3604,1021,30,1237
2025-03-30,2025,In-Store,4202265.03,7071,1965,30,2041
2025-03-30,2025,Mobile App,1198949.42,1972,533,30,724
2025-03-30,2025,Online,1965408.43,3493,949,30,1204
2025-03-31,2025,In-Store,4650485.6,7288,1992,30,2054
2025-03-31,2025,Mobile App,1115893.88,1917,511,30,739
2025-03-31,2025,Online,2572538.58,4229,1111,30,1345
2025-04-01,2025,In-Store,4605275.87,7514,2063,30,2109
2025-04-01,2025,Mobile App,1240334.8,1928,522,30,740
2025-04-01,2025,Online,2448217.58,4100,1129,30,1330
2025-04-02,2025,In-Store,4352411.92,7222,1998,30,2036
2025-04-02,2025,Mobile App,1128632.63,2004,548,30,748
2025-04-02,2025,Online,2305922.49,3885,1088,30,1308
2025-04-03,2025,In-Store,4304252.22,6920,1937,30,1999
2025-04-03,2025,Mobile App,1115716.08,1828,520,30,714
2025-04-03,2025,Online,2389905.74,3840,1036,30,1264
2025-04-04,2025,In-Store,4451416.81,7159,2001,30,1966
2025-04-04,2025,Mobile App,1067384.83,1785,514,30,698
2025-04-04,2025,Online,2363461.36,3792,1050,30,1263
2025-04-05,2025,In-Store,4329350.13,7070,1976,30,2007
2025-04-05,2025,Mobile App,1131602.74,1833,516,30,731
2025-04-05,2025,Online,2426881.29,3869,1060,30,1309
2025-04-06,2025,In-Store,4523759.68,7399,2023,30,2019
2025-04-06,2025,Mobile App,1301349.57,2173,588,30,835
2025-04-06,2025,Online,2458582.15,4033,1079,30,1289
2025-04-07,2025,In-Store,4518482.68,7413,1992,30,2069
2025-04-07,2025,Mobile App,1080091.57,1792,526,30,700
2025-04-07,2025,Online,2299811.89,3733,1062,30,1242
2025-04-08,2025,In-Store,4423903.06,6940,1947,30,1972
2025-04-08,2025,Mobile App,1184647.61,1978,529,30,751
2025-04-08,2025,Online,2453081.04,3928,1082,30,1302
2025-04-09,2025,In-Store,4369123.53,7062,1992,30,1995
2025-04-09,2025,Mobile App,1147009.55,1873,517,30,711
2025-04-09,2025,Online,2524623.76,4104,1135,30,1343
2025-04-10,2025,In-Store,4461883.22,7066,1976,30,2037
2025-04-10,2025,Mobile App,1247538.32,2056,571,30,769
2025-04-10,2025,Online,2317675.88,3923,1078,30,1307
2025-04-11,2025,In-Store,4752330.24,7540,2030,30,2023
2025-04-11,2025,Mobile App,1379928.48,2032,548,30,793
2025-04-11,2025,Online,2536273.07,4092,1160,30,1339
2025-04-12,2025,In-Store,4584848.68,7337,1999,30,2047
2025-04-12,2025,Mobile App,1298671.08,2095,562,30,805
2025-04-12,2025,Online,2478736.83,4127,1127,30,1323
2025-04-13,2025,In-Store,4521341.82,7285,1999,30,1978
2025-04-13,2025,Mobile App,1188337.38,1851,531,30,693
2025-04-13,2025,Online,2307168.89,3626,1014,30,1224
2025-04-14,2025,In-Store,4695813.56,7447,2015,30,2032
2025-04-14,2025,Mobile App,1279850.46,1998,561,30,791
2025-04-14,2025,Online,2372691.4,3898,1077,30,1296
2025-04-15,2025,In-Store,4398918.95,7170,1991,30,2003
2025-04-15,2025,Mobile App,1118111.28,1788,516,30,713
2025-04-15,2025,Online,2491197.93,3852,1056,30,1274
2025-04-16,2025,In-Store,4231177.73,7173,1989,30,2035
2025-04-16,2025,Mobile App,1124781.11,1829,517,30,724
2025-04-16,2025,Online,2310341.53,3662,986,30,1202
2025-04-17,2025,In-Store,4283130.36,6957,1929,30,1957
2025-04-17,2025,Mobile App,1057713.03,1802,506,30,716
2025-04-17,2025,Online,2608554.44,4163,1142,30,1391
2025-04-18,2025,In-Store,4926100.18,7614,2054,30,2070
2025-04-18,2025,Mobile App,1298843.25,2058,557,30,787
2025-04-18,2025,Online,2373551.34,3972,1121,30,1389
2025-04-19,2025,In-Store,4498139.64,7253,2025,30,2050
2025-04-19,2025,Mobile App,1214956.46,2052,556,30,757
2025-04-19,2025,Online,2552740.67,4179,1127,30,1362
2025-04-20,2025,In-Store,4791414.01,7648,2085,30,2067
2025-04-20,2025,Mobile App,1130665.77,1968,553,30,745
2025-04-20,2025,Online,2502988.13,4021,1107,30,1327
2025-04-21,2025,In-Store,4530474.61,7267,1955,30,2037
2025-04-21,2025,Mobile App,1286707.69,1966,541,30,763
2025-04-21,2025,Online,2540389.09,3940,1092,30,1336
2025-04-22,2025,In-Store,4477609.46,7261,1964,30,2042
2025-04-22,2025,Mobile App,1232570.26,2058,576,30,783
2025-04-22,2025,Online,2368400.27,4022,1092,30,1341
2025-04-23,2025,In-Store,4430500.07,7188,1953,30,1996
2025-04-23,2025,Mobile App,1250022.21,1932,556,30,751
2025-04-23,2025,Online,2305716.38,3783,1059,30,1243
2025-04-24,2025,In-Store,4598012.43,7278,2002,30,2017
2025-04-24,2025,Mobile App,1311565.77,2023,558,30,753
2025-04-24,2025,Online,2260168.58,3828,1059,30,1265
2025-04-25,2025,In-Store,4378376.45,7119,1984,30,1962
2025-04-25,2025,Mobile App,1124633.07,1949,522,30,754
2025-04-25,2025,Online,2287655.5,3664,1058,30,1286
2025-04-26,2025,In-Store,4615716.03,7406,2026,30,2047
2025-04-26,2025,Mobile App,1312587.85,2110,564,30,802
2025-04-26,2025,Online,2431744.36,3928,1101,30,1323
2025-04-27,2025,In-Store,4352136.96,7152,1988,30,2018
2025-04-27,2025,Mobile App,1156181.1,1836,521,30,706
2025-04-27,2025,Online,2343433.95,3915,1057,30,1299
2025-04-28,2025,In-Store,4557560.92,7170,1975,30,2021
2025-04-28,2025,Mobile App,1223289.85,1977,547,30,755
2025-04-28,2025,Online,2380711.93,3990,1058,30,1325
2025-04-29,2025,In-Store,4386383.49,6947,1904,30,1973
2025-04-29,2025,Mobile App,1318360.64,2099,571,30,801
2025-04-29,2025,Online,2494591.23,4077,1124,30,1327
2025-04-30,2025,In-Store,4225390.55,7126,2006,30,1968
2025-04-30,2025,Mobile App,1292615.38,2196,596,30,844
2025-04-30,2025,Online,2191993.55,3808,1083,30,1292
2025-05-01,2025,In-Store,4476984.39,7143,2007,30,2021
2025-05-01,2025,Mobile App,1278505.32,2109,592,30,804
2025-05-01,2025,Online,2542243.04,4144,1118,30,1403
2025-05-02,2025,In-Store,4498362.41,7278,2013,30,2012
2025-05-02,2025,Mobile App,1152945.13,1888,545,30,728
2025-05-02,2025,Online,2500363.93,4082,1127,30,1314
2025-05-03,2025,In-Store,4631923.99,7557,2096,30,2088
2025-05-03,2025,Mobile App,1310976.83,1986,535,30,767
2025-05-03,2025,Online,2606234.82,3974,1123,30,1325
2025-05-04,2025,In-Store,4369084.02,7210,1998,30,2002
2025-05-04,2025,Mobile App,1117891.96,1889,529,30,746
2025-05-04,2025,Online,2202550.45,3606,1043,30,1237
2025-05-05,2025,In-Store,4632763.13,7480,2076,30,2022
2025-05-05,2025,Mobile App,1276222.47,2004,557,30,779
2025-05-05,2025,Online,2548253.32,4075,1114,30,1330
2025-05-06,2025,In-Store,4837730.63,7933,2142,30,2161
2025-05-06,2025,Mobile App,1340234.82,2188,595,30,824
2025-05-06,2025,Online,2551096.62,4121,1126,30,1323
2025-05-07,2025,In-Store,4474295.33,7374,2017,30,2023
2025-05-07,2025,Mobile App,1163172.95,1795,518,30,678
2025-05-07,2025,Online,2471339.77,3874,1058,30,1260
2025-05-08,2025,In-Store,4533246.84,7252,2031,30,2037
2025-05-08,2025,Mobile App,1274244.54,1970,548,30,739
2025-05-08,2025,Online,2412367.32,3918,1067,30,1320
2025-05-09,2025,In-Store,4451579.97,7080,1904,30,1945
2025-05-09,2025,Mobile App,1209817.54,2034,541,30,726
2025-05-09,2025,Online,2337875.87,3678,1029,30,1282
2025-05-10,2025,In-Store,4448419.47,7171,1991,30,2028
2025-05-10,2025,Mobile App,1186167.48,1892,529,30,734
2025-05-10,2025,Online,2334620.94,3818,1059,30,1275
2025-05-11,2025,In-Store,4633082.77,7429,2002,30,2074
2025-05-11,2025,Mobile App,1251973.45,2085,579,30,795
2025-05-11,2025,Online,2410993.84,3884,1077,30,1274
2025-05-12,2025,In-Store,4647454.93,7571,2054,30,2052
2025-05-12,2025,Mobile App,1345097.49,2084,569,30,787
2025-05-12,2025,Online,2497874.63,4025,1087,30,1364
2025-05-13,2025,In-Store,4530674.85,7124,1965,30,2003
2025-05-13,2025,Mobile App,1242162.13,2053,554,30,776
2025-05-13,2025,Online,2662979.87,4243,1156,30,1344
2025-05-14,2025,In-Store,4484367.47,7199,2012,30,2021
2025-05-14,2025,Mobile App,1304745.96,2125,570,30,786
2025-05-14,2025,Online,2594392.3,4115,1103,30,1328
2025-05-15,2025,In-Store,4460693.5,7238,2013,30,2057
2025-05-15,2025,Mobile App,1247962.04,1937,526,30,752
2025-05-15,2025,Online,2423750.27,3782,1092,30,1304
2025-05-16,2025,In-Store,4165708.89,6772,1911,30,1917
2025-05-16,2025,Mobile App,1259293.53,2054,583,30,765
2025-05-16,2025,Online,2586594.76,3874,1058,30,1293
2025-05-17,2025,In-Store,4533771.57,7513,2081,30,2051
2025-05-17,2025,Mobile App,1228158.29,2054,554,30,771
2025-05-17,2025,Online,2502846.04,4008,1070,30,1340
2025-05-18,2025,In-Store,4452663.35,7331,2013,30,2010
2025-05-18,2025,Mobile App,1188409.93,1984,526,30,753
2025-05-18,2025,Online,2407839.13,3834,1049,30,1278
2025-05-19,2025,In-Store,4549751.64,7327,1959,30,1994
2025-05-19,2025,Mobile App,1268326.3699999999,1965,561,30,768
2025-05-19,2025,Online,2531845.28,3999,1101,30,1361
2025-05-20,2025,In-Store,4534530.05,7436,2038,30,2078
2025-05-20,2025,Mobile App,1173957.3,2066,574,30,768
2025-05-20,2025,Online,2527492.88,3973,1122,30,1341
2025-05-21,2025,In-Store,4493959.47,7303,2031,30,2047
2025-05-21,2025,Mobile App,1197819.9,2005,569,30,787
2025-05-21,2025,Online,2395483.97,3975,1106,30,1281
2025-05-22,2025,In-Store,4589392.51,7424,2072,30,2032
2025-05-22,2025,Mobile App,1239289.57,2020,557,30,761
2025-05-22,2025,Online,2278881.76,3804,1053,30,1272
2025-05-23,2025,In-Store,4458459.8,7204,1987,30,2015
2025-05-23,2025,Mobile App,1275328.88,2060,553,30,778
2025-05-23,2025,Online,2488347.55,3830,1064,30,1280
2025-05-24,2025,In-Store,4682853.41,7482,2025,30,2093
2025-05-24,2025,Mobile App,1321434.14,2134,570,30,785
2025-05-24,2025,Online,2257939.05,3843,1053,30,1271
2025-05-25,2025,In-Store,4457367.73,7338,2055,30,2079
2025-05-25,2025,Mobile App,1183858.35,1970,540,30,781
2025-05-25,2025,Online,2305356.59,3784,1053,30,1263
2025-05-26,2025,In-Store,4507848.42,7410,2053,30,2057
2025-05-26,2025,Mobile App,1385778.24,2175,587,30,810
2025-05-26,2025,Online,2381406.69,3874,1077,30,1289
2025-05-27,2025,In-Store,4689417.77,7335,2031,30,2001
2025-05-27,2025,Mobile App,1207127.82,1839,510,30,711
2025-05-27,2025,Online,2397624.84,3993,1081,30,1344
2025-05-28,2025,In-Store,4466107.32,7082,1946,30,1979
2025-05-28,2025,Mobile App,1203935.96,1996,550,30,780
2025-05-28,2025,Online,2610766.87,4121,1146,30,1397
2025-05-29,2025,In-Store,4513655.53,7322,2048,30,2037
2025-05-29,2025,Mobile App,1242114.92,2027,550,30,734
2025-05-29,2025,Online,2325164.2,3881,1076,30,1300
2025-05-30,2025,In-Store,4732494.36,7532,2059,30,2081
2025-05-30,2025,Mobile App,1299116.66,2117,557,30,779
2025-05-30,2025,Online,2484301.87,4093,1120,30,1327
2025-05-31,2025,In-Store,4841828.2,7584,2081,30,2060
2025-05-31,2025,Mobile App,1185521.2,1989,552,30,747
2025-05-31,2025,Online,2471637.52,4137,1117,30,1359
2025-06-01,2025,In-Store,4683710.42,7467,2097,30,2053
2025-06-01,2025,Mobile App,1302816.58,2159,591,30,830
2025-06-01,2025,Online,2628885.45,4141,1127,30,1339
2025-06-02,2025,In-Store,4710689.38,7546,2061,30,2062
2025-06-02,2025,Mobile App,1406183.1,2040,581,30,794
2025-06-02,2025,Online,2414935.96,4220,1162,30,1399
2025-06-03,2025,In-Store,4902783.04,7559,2074,30,2087
2025-06-03,2025,Mobile App,1312486.76,2193,606,30,832
2025-06-03,2025,Online,2719763.62,4440,1208,30,1476
2025-06-04,2025,In-Store,4835129.72,7830,2146,30,2130
2025-06-04,2025,Mobile App,1198676.72,2024,573,30,785
2025-06-04,2025,Online,2625269.4,4083,1130,30,1315
2025-06-05,2025,In-Store,4616377.25,7486,2053,30,2048
2025-06-05,2025,Mobile App,1401452.38,2371,638,30,885
2025-06-05,2025,Online,2621533.65,4222,1168,30,1391
2025-06-06,2025,In-Store,4594022.47,7359,2030,30,2013
2025-06-06,2025,Mobile App,1319060.47,2143,587,30,800
2025-06-06,2025,Online,2627021.51,4267,1197,30,1387
2025-06-07,2025,In-Store,4371953.3,7473,2074,30,2027
2025-06-07,2025,Mobile App,1272039.91,1966,563,30,752
2025-06-07,2025,Online,2466604.14,4135,1155,30,1330
2025-06-08,2025,In-Store,4610348.79,7489,2092,30,2046
2025-06-08,2025,Mobile App,1220676.98,1946,533,30,762
2025-06-08,2025,Online,2908939.44,4516,1209,30,1438
2025-06-09,2025,In-Store,4772056.21,7797,2151,30,2121
2025-06-09,2025,Mobile App,1249526.08,1948,539,30,765
2025-06-09,2025,Online,2404770.8,4041,1133,30,1327
2025-06-10,2025,In-Store,4739916.63,7601,2079,30,2081
2025-06-10,2025,Mobile App,1293905.55,2005,573,30,797
2025-06-10,2025,Online,2450054.0,4019,1131,30,1345
2025-06-11,2025,In-Store,4811760.22,7629,2089,30,2069
2025-06-11,2025,Mobile App,1227292.35,1942,542,30,757
2025-06-11,2025,Online,2537212.52,3994,1104,30,1329
2025-06-12,2025,In-Store,4899839.18,7817,2149,30,2151
2025-06-12,2025,Mobile App,1204927.98,2047,583,30,777
2025-06-12,2025,Online,2365994.83,3896,1073,30,1299
2025-06-13,2025,In-Store,4674592.57,7709,2092,30,2143
2025-06-13,2025,Mobile App,1276993.84,2045,572,30,776
2025-06-13,2025,Online,2643886.52,4258,1176,30,1408
2025-06-14,2025,In-Store,4667639.31,7530,2100,30,2105
2025-06-14,2025,Mobile App,1403436.0,2165,591,30,796
2025-06-14,2025,Online,2452666.87,4169,1150,30,1334
2025-06-15,2025,In-Store,4754862.65,7670,2092,30,2061
2025-06-15,2025,Mobile App,1316645.91,2065,560,30,769
2025-06-15,2025,Online,2546611.41,3997,1137,30,1395
2025-06-16,2025,In-Store,4885812.48,7856,2122,30,2111
2025-06-16,2025,Mobile App,1362396.24,2068,597,30,804
2025-06-16,2025,Online,2404019.51,3850,1072,30,1279
2025-06-17,2025,In-Store,4432132.09,7436,2061,30,2058
2025-06-17,2025,Mobile App,1160114.85,1945,534,30,714
2025-06-17,2025,Online,2626683.7,4196,1135,30,1394
2025-06-18,2025,In-Store,4782611.36,7586,2118,30,2081
2025-06-18,2025,Mobile App,1254137.77,2003,569,30,767
2025-06-18,2025,Online,2284253.44,3850,1079,30,1314
2025-06-19,2025,In-Store,4699965.05,7597,2128,30,2072
2025-06-19,2025,Mobile App,1260997.8,2086,576,30,790
2025-06-19,2025,Online,2650492.85,4099,1112,30,1353
2025-06-20,2025,In-Store,4920558.17,7861,2141,30,2127
2025-06-20,2025,Mobile App,1237611.75,1949,533,30,736
2025-06-20,2025,Online,2551056.03,4104,1166,30,1378
2025-06-21,2025,In-Store,4990626.0,7987,2087,30,2151
2025-06-21,2025,Mobile App,1251529.81,1964,552,30,745
2025-06-21,2025,Online,2383014.43,3928,1118,30,1289
2025-06-22,2025,In-Store,4425836.4,7316,2066,30,2026
2025-06-22,2025,Mobile App,1227316.22,2010,553,30,790
2025-06-22,2025,Online,2449453.8,4132,1155,30,1348
2025-06-23,2025,In-Store,4709488.53,7644,2132,30,2101
2025-06-23,2025,Mobile App,1189119.99,1947,544,30,753
2025-06-23,2025,Online,2516725.58,4054,1105,30,1328
2025-06-24,2025,In-Store,4820780.07,7801,2148,30,2163
2025-06-24,2025,Mobile App,1184136.94,1987,571,30,765
2025-06-24,2025,Online,2761665.43,4296,1173,30,1393
2025-06-25,2025,In-Store,4965172.3,7979,2138,30,2143
2025-06-25,2025,Mobile App,1131339.8,1883,525,30,730
2025-06-25,2025,Online,2603574.7,4201,1149,30,1368
2025-06-26,2025,In-Store,4591267.21,7414,2076,30,2103
2025-06-26,2025,Mobile App,1255689.19,1914,540,30,739
2025-06-26,2025,Online,2455126.86,4104,1112,30,1325
2025-06-27,2025,In-Store,4469280.33,7370,2107,30,2032
2025-06-27,2025,Mobile App,1289692.3,2087,616,30,815
2025-06-27,2025,Online,2552330.56,4159,1139,30,1349
2025-06-28,2025,In-Store,4769802.06,7762,2093,30,2089
2025-06-28,2025,Mobile App,1297370.03,2040,562,30,757
2025-06-28,2025,Online,2456235.85,3979,1127,30,1363
2025-06-29,2025,In-Store,4831006.98,7823,2194,30,2109
2025-06-29,2025,Mobile App,1289281.38,2130,579,30,790
2025-06-29,2025,Online,2457627.76,4005,1110,30,1335
2025-06-30,2025,In-Store,4331957.56,7410,2064,30,1989
2025-06-30,2025,Mobile App,1313024.51,2098,565,30,796
2025-06-30,2025,Online,2662910.28,4090,1106,30,1318
2025-07-01,2025,In-Store,4409600.22,7014,1940,30,1997
2025-07-01,2025,Mobile App,1132841.6,1858,498,30,703
2025-07-01,2025,Online,2547057.82,4108,1073,30,1292
2025-07-02,2025,In-Store,4241025.66,6898,1871,30,1931
2025-07-02,2025,Mobile App,1050685.44,1763,492,30,674
2025-07-02,2025,Online,2389027.24,3990,1085,30,1288
2025-07-03,2025,In-Store,4239581.26,6977,1915,30,1952
2025-07-03,2025,Mobile App,1192396.94,1960,538,30,770
2025-07-03,2025,Online,2592281.18,3965,1095,30,1325
2025-07-04,2025,In-Store,4590902.69,7277,1972,30,1993
2025-07-04,2025,Mobile App,1226194.96,1920,499,30,747
2025-07-04,2025,Online,2304395.39,3794,1048,30,1293
2025-07-05,2025,In-Store,4093816.06,6815,1897,30,1976
2025-07-05,2025,Mobile App,1131011.01,1886,503,30,708
2025-07-05,2025,Online,2298461.52,3516,1000,30,1255
2025-07-06,2025,In-Store,4209846.13,7045,1993,30,2013
2025-07-06,2025,Mobile App,1166770.42,1898,523,30,725
2025-07-06,2025,Online,2091944.79,3485,984,30,1174
2025-07-07,2025,In-Store,4250382.5,6933,1915,30,1949
2025-07-07,2025,Mobile App,1065417.63,1838,509,30,728
2025-07-07,2025,Online,2310829.65,3807,1002,30,1262
2025-07-08,2025,In-Store,4260087.1,6944,1878,30,1896
2025-07-08,2025,Mobile App,1270266.67,1991,538,30,746
2025-07-08,2025,Online,2388636.72,3873,1091,30,1325
2025-07-09,2025,In-Store,4310636.01,7054,1940,30,1975
2025-07-09,2025,Mobile App,1103174.94,1771,515,30,684
2025-07-09,2025,Online,2313909.21,3753,1064,30,1277
2025-07-10,2025,In-Store,4181489.03,6930,1901,30,1943
2025-07-10,2025,Mobile App,1207193.13,1917,528,30,716
2025-07-10,2025,Online,2417871.05,3764,1030,30,1257
2025-07-11,2025,In-Store,4239348.14,7006,1901,30,1977
2025-07-11,2025,Mobile App,1296352.38,1933,542,30,752
2025-07-11,2025,Online,2557661.86,3946,1040,30,1293
2025-07-12,2025,In-Store,4698618.05,7434,2038,30,2078
2025-07-12,2025,Mobile App,1212251.52,1953,521,30,724
2025-07-12,2025,Online,2431416.48,3906,1064,30,1266
2025-07-13,2025,In-Store,4395904.87,6961,1944,30,1931
2025-07-13,2025,Mobile App,1126854.54,1822,523,30,718
2025-07-13,2025,Online,2251499.55,3552,1009,30,1256
2025-07-14,2025,In-Store,4302663.01,6990,1945,30,1953
2025-07-14,2025,Mobile App,1119442.16,1901,530,30,728
2025-07-14,2025,Online,2241780.84,3624,1007,30,1210
2025-07-15,2025,In-Store,4600432.48,7287,1986,30,2069
2025-07-15,2025,Mobile App,1264047.66,1945,525,30,745
2025-07-15,2025,Online,2475976.9,3836,1053,30,1310
2025-07-16,2025,In-Store,4406516.13,7209,1928,30,1963
2025-07-16,2025,Mobile App,1068481.57,1701,499,30,703
2025-07-16,2025,Online,2211564.75,3698,1029,30,1213
2025-07-17,2025,In-Store,4469748.33,7175,1963,30,1995
2025-07-17,2025,Mobile App,1255399.09,1971,529,30,739
2025-07-17,2025,Online,2441007.64,3792,1035,30,1306
2025-07-18,2025,In-Store,4461035.89,6966,1931,30,1985
2025-07-18,2025,Mobile App,1199599.78,1972,534,30,769
2025-07-18,2025,Online,2414747.62,3977,1063,30,1291
2025-07-19,2025,In-Store,4471945.43,7137,1973,30,2016
2025-07-19,2025,Mobile App,1216324.27,1877,538,30,744
2025-07-19,2025,Online,2429379.51,3887,1077,30,1299
2025-07-20,2025,In-Store,4319671.95,6902,1934,30,1960
2025-07-20,2025,Mobile App,1299423.41,2016,547,30,755
2025-07-20,2025,Online,2321204.92,3638,986,30,1200
2025-07-21,2025,In-Store,4320105.16,7112,1978,30,2023
2025-07-21,2025,Mobile App,1063964.31,1638,469,30,650
2025-07-21,2025,Online,2137197.78,3532,980,30,1226
2025-07-22,2025,In-Store,4547329.26,7242,1940,30,2039
2025-07-22,2025,Mobile App,1167969.2,1907,506,30,736
2025-07-22,2025,Online,2221779.55,3663,999,30,1264
2025-07-23,2025,In-Store,4222928.29,6804,1912,30,1952
2025-07-23,2025,Mobile App,1170932.25,1862,494,30,693
2025-07-23,2025,Online,2359839.7,3676,1014,30,1211
2025-07-24,2025,In-Store,3930849.35,6913,1890,30,1975
2025-07-24,2025,Mobile App,1020017.35,1830,507,30,700
2025-07-24,2025,Online,2153957.47,3881,1058,30,1274
2025-07-25,2025,In-Store,3878745.7,6932,1909,30,1950
2025-07-25,2025,Mobile App,983098.6,1767,515,30,714
2025-07-25,2025,Online,1923056.72,3438,954,30,1170
2025-07-26,2025,In-Store,4118602.17,6903,1915,30,1969
2025-07-26,2025,Mobile App,1156470.9,1993,548,30,734
2025-07-26,2025,Online,2330122.72,3884,1078,30,1324
2025-07-27,2025,In-Store,3917191.52,6770,1891,30,1945
2025-07-27,2025,Mobile App,1020679.01,1867,520,30,722
2025-07-27,2025,Online,2158490.6,3830,1027,30,1278
2025-07-28,2025,In-Store,4143959.68,7050,1962,30,2019
2025-07-28,2025,Mobile App,1184435.96,2035,549,30,776
2025-07-28,2025,Online,2269525.5,4051,1085,30,1328
2025-07-29,2025,In-Store,4037285.37,6917,1912,30,1940
2025-07-29,2025,Mobile App,921284.15,1682,494,30,686
2025-07-29,2025,Online,2273400.13,3896,1094,30,1313
2025-07-30,2025,In-Store,4200689.63,7229,1949,30,1993
2025-07-30,2025,Mobile App,1112676.83,1948,526,30,754
2025-07-30,2025,Online,2203424.41,3950,1082,30,1318
2025-07-31,2025,In-Store,3843521.55,6771,1918,30,1931
2025-07-31,2025,Mobile App,1047900.43,1806,502,30,695
2025-07-31,2025,Online,2141190.38,3700,1047,30,1255
2025-08-01,2025,In-Store,4403910.05,7688,2129,30,2099
2025-08-01,2025,Mobile App,1226085.55,2194,600,30,851
2025-08-01,2025,Online,2273785.45,3870,1055,30,1288
2025-08-02,2025,In-Store,4429615.87,7697,2085,30,2100
2025-08-02,2025,Mobile App,1277186.96,2110,572,30,826
2025-08-02,2025,Online,2391483.34,4338,1140,30,1390
2025-08-03,2025,In-Store,4449987.55,7678,2116,30,2073
2025-08-03,2025,Mobile App,1142083.71,2006,542,30,780
2025-08-03,2025,Online,2242383.91,3985,1072,30,1308
2025-08-04,2025,In-Store,4028155.33,7275,2012,30,2041
2025-08-04,2025,Mobile App,1206982.48,2168,599,30,832
2025-08-04,2025,Online,2555871.94,4309,1165,30,1403
2025-08-05,2025,In-Store,3922103.72,7868,2181,30,2107
2025-08-05,2025,Mobile App,1105682.7,2070,591,30,797
2025-08-05,2025,Online,2130882.79,4077,1142,30,1363
2025-08-06,2025,In-Store,3859278.29,7496,2115,30,2067
2025-08-06,2025,Mobile App,1118055.21,2151,590,30,837
2025-08-06,2025,Online,2038733.2,3987,1088,30,1286
2025-08-07,2025,In-Store,3959325.5,7763,2151,30,2136
2025-08-07,2025,Mobile App,1108137.1,2084,588,30,808
2025-08-07,2025,Online,2220910.94,4160,1159,30,1375
2025-08-08,2025,In-Store,3947857.54,7735,2130,30,2119
2025-08-08,2025,Mobile App,1041295.92,1981,550,30,751
2025-08-08,2025,Online,2144350.88,4259,1107,30,1332
2025-08-09,2025,In-Store,3978502.8,7665,2115,30,2117
2025-08-09,2025,Mobile App,1047259.21,2010,577,30,750
2025-08-09,2025,Online,2140284.03,4020,1091,30,1349
2025-08-10,2025,In-Store,4049813.76,7980,2201,30,2228
2025-08-10,2025,Mobile App,1137883.73,2154,602,30,801
2025-08-10,2025,Online,2142651.92,4228,1146,30,1375
2025-08-11,2025,In-Store,3890179.77,7728,2160,30,2108
2025-08-11,2025,Mobile App,1113037.83,2218,612,30,819
2025-08-11,2025,Online,2182689.35,4171,1157,30,1376
2025-08-12,2025,In-Store,3839212.71,7700,2120,30,2143
2025-08-12,2025,Mobile App,1023636.51,2023,553,30,799
2025-08-12,2025,Online,2097872.36,4068,1116,30,1377
2025-08-13,2025,In-Store,3840876.44,7652,2118,30,2159
2025-08-13,2025,Mobile App,1040528.03,2020,573,30,780
2025-08-13,2025,Online,2021733.09,4069,1136,30,1340
2025-08-14,2025,In-Store,4295061.68,7976,2187,30,2147
2025-08-14,2025,Mobile App,1157097.18,2012,563,30,765
2025-08-14,2025,Online,2206772.36,3979,1112,30,1296
2025-08-15,2025,In-Store,4124918.86,7650,2138,30,2101
2025-08-15,2025,Mobile App,1148605.32,2118,600,30,822
2025-08-15,2025,Online,2398682.29,4265,1164,30,1363
2025-08-16,2025,In-Store,4296214.43,7718,2146,30,2127
2025-08-16,2025,Mobile App,1098091.69,1879,535,30,760
2025-08-16,2025,Online,2304308.36,4157,1146,30,1340
2025-08-17,2025,In-Store,4053635.94,7363,2038,30,2060
2025-08-17,2025,Mobile App,1083644.08,2011,581,30,798
2025-08-17,2025,Online,2090358.56,3883,1097,30,1344
2025-08-18,2025,In-Store,4402128.12,7820,2192,30,2167
2025-08-18,2025,Mobile App,1058644.65,1919,562,30,757
2025-08-18,2025,Online,2291780.54,4203,1122,30,1338
2025-08-19,2025,In-Store,4299444.57,7750,2135,30,2118
2025-08-19,2025,Mobile App,1119376.92,2029,592,30,810
2025-08-19,2025,Online,2328680.81,4224,1191,30,1411
2025-08-20,2025,In-Store,4462214.11,8021,2188,30,2176
2025-08-20,2025,Mobile App,1218866.76,2121,588,30,801
2025-08-20,2025,Online,2381289.56,4318,1151,30,1397
2025-08-21,2025,In-Store,4974896.86,8159,2255,30,2180
2025-08-21,2025,Mobile App,955762.33,1778,514,30,726
2025-08-21,2025,Online,2248188.03,3839,1059,30,1324
2025-08-22,2025,In-Store,4830004.82,7744,2081,30,2063
2025-08-22,2025,Mobile App,1340115.33,2134,585,30,804
2025-08-22,2025,Online,2628241.01,4122,1143,30,1351
2025-08-23,2025,In-Store,4693581.4,7691,2110,30,2100
2025-08-23,2025,Mobile App,1296792.18,2032,560,30,777
2025-08-23,2025,Online,2516321.19,4141,1136,30,1364
2025-08-24,2025,In-Store,4822100.52,7816,2152,30,2090
2025-08-24,2025,Mobile App,1194949.61,2054,563,30,766
2025-08-24,2025,Online,2549116.42,4246,1163,30,1427
2025-08-25,2025,In-Store,4698860.64,7581,2069,30,2075
2025-08-25,2025,Mobile App,1287884.25,2118,567,30,817
2025-08-25,2025,Online,2609219.7,4325,1165,30,1403
2025-08-26,2025,In-Store,4963288.36,7876,2132,30,2103
2025-08-26,2025,Mobile App,1110644.68,1883,547,30,747
2025-08-26,2025,Online,2476433.04,4143,1153,30,1385
2025-08-27,2025,In-Store,4674823.84,7615,2159,30,2072
2025-08-27,2025,Mobile App,1233158.33,2113,595,30,792
2025-08-27,2025,Online,2554426.66,4227,1133,30,1377
2025-08-28,2025,In-Store,4778891.58,7621,2095,30,2077
2025-08-28,2025,Mobile App,1200053.64,1983,562,30,792
2025-08-28,2025,Online,2699595.81,4247,1171,30,1373
2025-08-29,2025,In-Store,4980497.39,8043,2200,30,2159
2025-08-29,2025,Mobile App,1146038.08,1877,524,30,737
2025-08-29,2025,Online,2510156.63,4039,1166,30,1372
2025-08-30,2025,In-Store,4732796.72,7765,2129,30,2125
2025-08-30,2025,Mobile App,1330282.39,2207,610,30,830
2025-08-30,2025,Online,2507580.82,4091,1138,30,1345
2025-08-31,2025,In-Store,4628292.82,7611,2152,30,2081
2025-08-31,2025,Mobile App,1440425.53,2352,627,30,876
2025-08-31,2025,Online,2712952.86,4364,1160,30,1347
2025-09-01,2025,In-Store,4993036.92,7881,2181,30,2142
2025-09-01,2025,Mobile App,1251873.39,2118,609,30,828
2025-09-01,2025,Online,2770716.55,4546,1216,30,1448
2025-09-02,2025,In-Store,4667980.72,7605,2158,30,2093
2025-09-02,2025,Mobile App,1368185.13,2107,583,30,802
2025-09-02,2025,Online,2897978.16,4532,1241,30,1473
2025-09-03,2025,In-Store,5002683.94,7841,2198,30,2136
2025-09-03,2025,Mobile App,1454207.46,2315,607,30,839
2025-09-03,2025,Online,2735083.81,4302,1185,30,1398
2025-09-04,2025,In-Store,5052270.14,8065,2259,30,2108
2025-09-04,2025,Mobile App,1300497.56,2145,591,30,842
2025-09-04,2025,Online,2553271.98,4198,1159,30,1408
2025-09-05,2025,In-Store,5292328.24,8500,2333,30,2239
2025-09-05,2025,Mobile App,1416167.65,2142,579,30,798
2025-09-05,2025,Online,2713967.94,4500,1221,30,1416
2025-09-06,2025,In-Store,5035406.88,8088,2235,30,2211
2025-09-06,2025,Mobile App,1322778.48,2092,581,30,832
2025-09-06,2025,Online,2657184.99,4031,1128,30,1336
2025-09-07,2025,In-Store,4778810.28,7828,2230,30,2092
2025-09-07,2025,Mobile App,1282564.9,2133,590,30,790
2025-09-07,2025,Online,2408547.05,4042,1139,30,1345
2025-09-08,2025,In-Store,5037091.46,8057,2163,30,2159
2025-09-08,2025,Mobile App,1482105.44,2261,626,30,855
2025-09-08,2025,Online,2740992.15,4361,1172,30,1395
2025-09-09,2025,In-Store,4885197.71,8006,2208,30,2128
2025-09-09,2025,Mobile App,1349430.03,2240,627,30,849
2025-09-09,2025,Online,2594354.2,4177,1148,30,1372
2025-09-10,2025,In-Store,5199752.86,8193,2262,30,2180
2025-09-10,2025,Mobile App,1418046.67,2333,609,30,878
2025-09-10,2025,Online,2904839.19,4594,1253,30,1454
2025-09-11,2025,In-Store,5116669.17,8145,2240,30,2129
2025-09-11,2025,Mobile App,1294635.49,1965,575,30,785
2025-09-11,2025,Online,2822445.29,4478,1213,30,1413
2025-09-12,2025,In-Store,4769317.59,8232,2215,30,2205
2025-09-12,2025,Mobile App,1434836.73,2400,630,30,900
2025-09-12,2025,Online,2881414.66,4492,1234,30,1425
2025-09-13,2025,In-Store,4910948.45,7983,2201,30,2102
2025-09-13,2025,Mobile App,1336999.43,2081,569,30,790
2025-09-13,2025,Online,2743466.9899999998,4474,1212,30,1449
2025-09-14,2025,In-Store,5036267.81,8197,2214,30,2189
2025-09-14,2025,Mobile App,1330580.5,2270,610,30,841
2025-09-14,2025,Online,2570768.38,4065,1138,30,1316
2025-09-15,2025,In-Store,5137672.56,8233,2249,30,2177
2025-09-15,2025,Mobile App,1271279.24,2241,605,30,845
2025-09-15,2025,Online,2871934.98,4626,1258,30,1488
2025-09-16,2025,In-Store,5226593.96,8302,2247,30,2217
2025-09-16,2025,Mobile App,1292781.17,2023,577,30,788
2025-09-16,2025,Online,2825125.66,4354,1198,30,1431
2025-09-17,2025,In-Store,4728681.59,7736,2106,30,2082
2025-09-17,2025,Mobile App,1290612.06,2177,631,30,817
2025-09-17,2025,Online,2669052.95,4226,1189,30,1393
2025-09-18,2025,In-Store,5054499.98,8094,2262,30,2207
2025-09-18,2025,Mobile App,1333554.42,2217,600,30,830
2025-09-18,2025,Online,2848326.82,4565,1275,30,1486
2025-09-19,2025,In-Store,4839358.09,7805,2204,30,2122
2025-09-19,2025,Mobile App,1246744.04,2056,556,30,817
2025-09-19,2025,Online,2424745.12,4061,1169,30,1330
2025-09-20,2025,In-Store,4802206.15,8046,2219,30,2162
2025-09-20,2025,Mobile App,1310113.44,2222,618,30,842
2025-09-20,2025,Online,2707591.07,4311,1149,30,1421
2025-09-21,2025,In-Store,4839158.48,8073,2236,30,2156
2025-09-21,2025,Mobile App,1284152.17,2199,604,30,856
2025-09-21,2025,Online,2800674.65,4513,1228,30,1390
2025-09-22,2025,In-Store,4850905.74,7806,2186,30,2110
2025-09-22,2025,Mobile App,1241756.18,2090,581,30,814
2025-09-22,2025,Online,2605005.62,4192,1156,30,1373
2025-09-23,2025,In-Store,4920940.5,8168,2246,30,2188
2025-09-23,2025,Mobile App,1226815.05,2081,602,30,777
2025-09-23,2025,Online,2686873.96,4308,1217,30,1358
2025-09-24,2025,In-Store,4890799.51,7991,2170,30,2124
2025-09-24,2025,Mobile App,1316825.75,2098,589,30,814
2025-09-24,2025,Online,2586533.04,4162,1162,30,1365
2025-09-25,2025,In-Store,5446302.11,8586,2255,30,2186
2025-09-25,2025,Mobile App,1217983.87,2096,585,30,794
2025-09-25,2025,Online,2506817.42,4202,1126,30,1358
2025-09-26,2025,In-Store,5085683.37,8124,2240,30,2160
2025-09-26,2025,Mobile App,1302886.77,1964,574,30,768
2025-09-26,2025,Online,2432490.87,4088,1137,30,1383
2025-09-27,2025,In-Store,4864003.41,8066,2239,30,2177
2025-09-27,2025,Mobile App,1264395.96,2040,557,30,783
2025-09-27,2025,Online,2525363.7,4149,1182,30,1371
2025-09-28,2025,In-Store,4878219.52,7793,2176,30,2106
2025-09-28,2025,Mobile App,1303578.31,2142,610,30,819
2025-09-28,2025,Online,2765058.81,4349,1204,30,1426
2025-09-29,2025,In-Store,4822511.59,7856,2213,30,2138
2025-09-29,2025,Mobile App,1251176.97,2159,587,30,802
2025-09-29,2025,Online,2726479.09,4383,1196,30,1417
2025-09-30,2025,In-Store,4879186.56,7976,2189,30,2133
2025-09-30,2025,Mobile App,1273078.8,2133,580,30,786
2025-09-30,2025,Online,2686099.14,4389,1189,30,1425
2025-10-01,2025,In-Store,4687697.62,7605,2090,30,2091
2025-10-01,2025,Mobile App,1180505.57,2043,584,30,769
2025-10-01,2025,Online,2528440.0,4105,1116,30,1326
2025-10-02,2025,In-Store,4639822.04,7478,2105,30,2091
2025-10-02,2025,Mobile App,1242259.22,1947,548,30,790
2025-10-02,2025,Online,2713667.25,4311,1210,30,1420
2025-10-03,2025,In-Store,4774878.25,7687,2097,30,2107
2025-10-03,2025,Mobile App,1210048.14,2081,587,30,850
2025-10-03,2025,Online,2669014.47,4384,1181,30,1435
2025-10-04,2025,In-Store,4697870.63,7566,2107,30,2084
2025-10-04,2025,Mobile App,1199504.86,1977,549,30,742
2025-10-04,2025,Online,2506635.0,3917,1110,30,1322
2025-10-05,2025,In-Store,4762759.03,7772,2167,30,2142
2025-10-05,2025,Mobile App,1319784.0,2137,588,30,794
2025-10-05,2025,Online,2646299.61,4129,1141,30,1331
2025-10-06,2025,In-Store,4647596.51,7669,2139,30,2085
2025-10-06,2025,Mobile App,1249028.57,2107,585,30,801
2025-10-06,2025,Online,2671698.65,4305,1181,30,1414
2025-10-07,2025,In-Store,4950226.31,7954,2154,30,2094
2025-10-07,2025,Mobile App,1441130.02,2246,593,30,860
2025-10-07,2025,Online,2815650.77,4394,1181,30,1406
2025-10-08,2025,In-Store,4927053.57,7853,2162,30,2081
2025-10-08,2025,Mobile App,1370303.97,2205,577,30,828
2025-10-08,2025,Online,2643285.69,4259,1165,30,1387
2025-10-09,2025,In-Store,4627108.95,7399,2062,30,2048
2025-10-09,2025,Mobile App,1345782.9,2084,572,30,798
2025-10-09,2025,Online,2623183.9,4319,1181,30,1364
2025-10-10,2025,In-Store,4745211.34,7706,2139,30,2119
2025-10-10,2025,Mobile App,1180363.56,1943,548,30,774
2025-10-10,2025,Online,2384983.42,4054,1111,30,1329
2025-10-11,2025,In-Store,5020469.08,7741,2125,30,2128
2025-10-11,2025,Mobile App,1316568.85,2042,544,30,796
2025-10-11,2025,Online,2647923.03,4083,1129,30,1362
2025-10-12,2025,In-Store,4878595.41,7878,2160,30,2140
2025-10-12,2025,Mobile App,1330601.42,2025,550,30,801
2025-10-12,2025,Online,2605977.92,4231,1129,30,1364
2025-10-13,2025,In-Store,4695355.51,7566,2131,30,2090
2025-10-13,2025,Mobile App,1254315.47,2048,567,30,763
2025-10-13,2025,Online,2595197.1,4094,1146,30,1392
2025-10-14,2025,In-Store,4833116.57,7870,2139,30,2123
2025-10-14,2025,Mobile App,1365104.38,2250,595,30,835
2025-10-14,2025,Online,2835991.02,4382,1200,30,1444
2025-10-15,2025,In-Store,4597372.46,7429,2113,30,2067
2025-10-15,2025,Mobile App,1165675.16,1930,550,30,743
2025-10-15,2025,Online,2711291.18,4331,1177,30,1388
2025-10-16,2025,In-Store,4727166.23,7765,2133,30,2134
2025-10-16,2025,Mobile App,1254381.76,2096,582,30,794
2025-10-16,2025,Online,2689974.21,4257,1159,30,1388
2025-10-17,2025,In-Store,4382794.87,7231,2072,30,2030
2025-10-17,2025,Mobile App,1236959.59,2041,588,30,801
2025-10-17,2025,Online,2226286.82,3903,1126,30,1318
2025-10-18,2025,In-Store,4739553.53,7696,2114,30,2125
2025-10-18,2025,Mobile App,1237315.59,2077,565,30,784
2025-10-18,2025,Online,2722586.57,4292,1201,30,1425
2025-10-19,2025,In-Store,4677077.22,7732,2118,30,2128
2025-10-19,2025,Mobile App,1269114.21,2120,597,30,810
2025-10-19,2025,Online,2377757.72,4010,1123,30,1375
2025-10-20,2025,In-Store,4595629.9,7692,2118,30,2101
2025-10-20,2025,Mobile App,1305631.32,2102,578,30,820
2025-10-20,2025,Online,2607634.87,4235,1150,30,1398
2025-10-21,2025,In-Store,4609846.95,7389,2115,30,2081
2025-10-21,2025,Mobile App,1213057.7,2025,567,30,762
2025-10-21,2025,Online,2415064.67,4029,1145,30,1356
2025-10-22,2025,In-Store,4381719.0,7295,2047,30,2056
2025-10-22,2025,Mobile App,1154211.73,2018,573,30,775
2025-10-22,2025,Online,2384189.77,4119,1148,30,1339
2025-10-23,2025,In-Store,4388959.56,7090,2049,30,2026
2025-10-23,2025,Mobile App,1292542.0,2244,586,30,830
2025-10-23,2025,Online,2439479.94,4097,1132,30,1355
2025-10-24,2025,In-Store,4680304.41,7563,2133,30,2121
2025-10-24,2025,Mobile App,1245038.63,2008,539,30,764
2025-10-24,2025,Online,2574185.39,4073,1132,30,1363
2025-10-25,2025,In-Store,4715116.5,7531,2101,30,2074
2025-10-25,2025,Mobile App,1135295.1,1868,516,30,722
2025-10-25,2025,Online,2404750.41,4085,1117,30,1344
2025-10-26,2025,In-Store,4830525.04,7759,2118,30,2119
2025-10-26,2025,Mobile App,1193361.47,1917,545,30,747
2025-10-26,2025,Online,2532147.45,4135,1146,30,1417
2025-10-27,2025,In-Store,4679436.13,7473,2065,30,2083
2025-10-27,2025,Mobile App,1394435.4,2205,613,30,847
2025-10-27,2025,Online,2329158.35,3773,1073,30,1293
2025-10-28,2025,In-Store,4606710.9,7345,2066,30,2016
2025-10-28,2025,Mobile App,1282988.33,2056,587,30,788
2025-10-28,2025,Online,2551867.19,4135,1133,30,1369
2025-10-29,2025,In-Store,4597264.87,7418,2083,30,2116
2025-10-29,2025,Mobile App,1124545.25,1898,525,30,734
2025-10-29,2025,Online,2515654.3,4179,1152,30,1362
2025-10-30,2025,In-Store,4752358.21,7694,2202,30,2170
2025-10-30,2025,Mobile App,1322513.29,2128,589,30,792
2025-10-30,2025,Online,2581507.43,4071,1134,30,1371
2025-10-31,2025,In-Store,4713718.21,7660,2109,30,2146
2025-10-31,2025,Mobile App,1386045.82,2158,585,30,820
2025-10-31,2025,Online,2427786.91,3983,1120,30,1366
2025-11-01,2025,In-Store,6003271.11,9430,2658,30,2397
2025-11-01,2025,Mobile App,1633019.84,2504,699,30,901
2025-11-01,2025,Online,3258375.42,5128,1416,30,1658
2025-11-02,2025,In-Store,5620998.13,8845,2476,30,2315
2025-11-02,2025,Mobile App,1513335.96,2443,701,30,930
2025-11-02,2025,Online,3057755.77,4652,1327,30,1560
2025-11-03,2025,In-Store,5579065.58,8937,2575,30,2402
2025-11-03,2025,Mobile App,1605295.48,2459,670,30,919
2025-11-03,2025,Online,3231668.44,4917,1375,30,1574
2025-11-04,2025,In-Store,5413705.36,8859,2495,30,2305
2025-11-04,2025,Mobile App,1568984.48,2534,700,30,953
2025-11-04,2025,Online,3116150.26,4978,1418,30,1580
2025-11-05,2025,In-Store,5721198.5,9039,2563,30,2417
2025-11-05,2025,Mobile App,1731480.14,2689,737,30,979
2025-11-05,2025,Online,3131854.19,4922,1425,30,1565
2025-11-06,2025,In-Store,5293168.83,8681,2494,30,2405
2025-11-06,2025,Mobile App,1618200.88,2471,700,30,951
2025-11-06,2025,Online,3095703.29,4972,1417,30,1596
2025-11-07,2025,In-Store,5615623.88,9002,2589,30,2397
2025-11-07,2025,Mobile App,1438830.48,2335,693,30,917
2025-11-07,2025,Online,3056605.43,4832,1380,30,1582
2025-11-08,2025,In-Store,5709920.73,9052,2578,30,2372
2025-11-08,2025,Mobile App,1655661.39,2657,746,30,999
2025-11-08,2025,Online,3215365.44,5065,1417,30,1613
2025-11-09,2025,In-Store,5434424.22,8925,2536,30,2390
2025-11-09,2025,Mobile App,1583267.12,2510,697,30,939
2025-11-09,2025,Online,2993381.15,4652,1374,30,1526
2025-11-10,2025,In-Store,5765388.22,9187,2556,30,2390
2025-11-10,2025,Mobile App,1629814.63,2541,713,30,974
2025-11-10,2025,Online,3118264.9,4985,1393,30,1602
2025-11-11,2025,In-Store,5530109.16,8813,2486,30,2337
2025-11-11,2025,Mobile App,1433397.5,2460,707,30,957
2025-11-11,2025,Online,3068505.38,4986,1421,30,1611
2025-11-12,2025,In-Store,5816881.34,9371,2612,30,2430
2025-11-12,2025,Mobile App,1663657.26,2490,705,30,929
2025-11-12,2025,Online,2922296.58,4672,1373,30,1520
2025-11-13,2025,In-Store,4991510.09,9000,2607,30,2394
2025-11-13,2025,Mobile App,1277199.5,2332,671,30,920
2025-11-13,2025,Online,2533756.47,4547,1302,30,1540
2025-11-14,2025,In-Store,4988291.71,8976,2487,30,2387
2025-11-14,2025,Mobile App,1365670.78,2412,673,30,920
2025-11-14,2025,Online,2509416.56,4719,1328,30,1568
2025-11-15,2025,In-Store,5080542.3,8955,2561,30,2415
2025-11-15,2025,Mobile App,1398469.75,2498,694,30,963
2025-11-15,2025,Online,2812356.01,5003,1400,30,1644
2025-11-16,2025,In-Store,4886849.36,8464,2476,30,2348
2025-11-16,2025,Mobile App,1311322.21,2316,648,30,861
2025-11-16,2025,Online,2734265.54,4731,1333,30,1564
2025-11-17,2025,In-Store,4855610.99,8539,2499,30,2285
2025-11-17,2025,Mobile App,1429712.29,2471,707,30,932
2025-11-17,2025,Online,2639861.17,4692,1335,30,1538
2025-11-18,2025,In-Store,4935255.01,8906,2542,30,2350
2025-11-18,2025,Mobile App,1353399.52,2579,721,30,1007
2025-11-18,2025,Online,2834689.19,4961,1325,30,1580
2025-11-19,2025,In-Store,4940136.93,8735,2506,30,2357
2025-11-19,2025,Mobile App,1323088.33,2480,669,30,946
2025-11-19,2025,Online,2614765.53,4670,1351,30,1512
2025-11-20,2025,In-Store,5165203.83,9032,2616,30,2395
2025-11-20,2025,Mobile App,1397598.0,2486,706,30,975
2025-11-20,2025,Online,2843601.98,4976,1387,30,1601
2025-11-21,2025,In-Store,5013902.68,9173,2541,30,2436
2025-11-21,2025,Mobile App,1306701.83,2379,685,30,924
2025-11-21,2025,Online,2721790.32,4934,1367,30,1607
2025-11-22,2025,In-Store,5459783.18,8968,2530,30,2402
2025-11-22,2025,Mobile App,1461845.09,2314,679,30,913
2025-11-22,2025,Online,3027220.98,5090,1407,30,1630
2025-11-23,2025,In-Store,5356383.41,8780,2479,30,2384
2025-11-23,2025,Mobile App,1426782.53,2339,657,30,910
2025-11-23,2025,Online,2811621.54,4762,1372,30,1541
2025-11-24,2025,In-Store,5394504.23,8750,2498,30,2329
2025-11-24,2025,Mobile App,1461425.83,2437,710,30,950
2025-11-24,2025,Online,2925951.28,4843,1370,30,1556
2025-11-25,2025,In-Store,5572171.98,8773,2540,30,2359
2025-11-25,2025,Mobile App,1579973.67,2555,702,30,939
2025-11-25,2025,Online,2797927.54,4580,1338,30,1515
2025-11-26,2025,In-Store,5385697.72,8688,2488,30,2368
2025-11-26,2025,Mobile App,1507849.88,2416,663,30,934
2025-11-26,2025,Online,2907987.83,4621,1336,30,1545
2025-11-27,2025,In-Store,5361534.33,8902,2566,30,2368
2025-11-27,2025,Mobile App,1655423.14,2540,748,30,981
2025-11-27,2025,Online,2967426.39,4872,1387,30,1579
2025-11-28,2025,In-Store,5641752.96,9013,2527,30,2403
2025-11-28,2025,Mobile App,1633449.48,2587,734,30,975
2025-11-28,2025,Online,2752039.03,4661,1333,30,1470
2025-11-29,2025,In-Store,5288121.08,8811,2523,30,2374
2025-11-29,2025,Mobile App,1591703.2,2562,696,30,958
2025-11-29,2025,Online,3095332.33,4971,1395,30,1597
2025-11-30,2025,In-Store,5885314.32,9091,2605,30,2413
2025-11-30,2025,Mobile App,1486512.87,2378,664,30,875
2025-11-30,2025,Online,2908166.01,4750,1379,30,1538
2025-12-01,2025,In-Store,5889934.74,9678,2802,30,2530
2025-12-01,2025,Mobile App,1674374.67,2704,783,30,1021
2025-12-01,2025,Online,3205242.46,5109,1471,30,1656
2025-12-02,2025,In-Store,6001824.92,9772,2722,30,2576
2025-12-02,2025,Mobile App,1563688.56,2672,798,30,1025
2025-12-02,2025,Online,3443791.89,5407,1543,30,1716
2025-12-03,2025,In-Store,6029086.04,9890,2797,30,2542
2025-12-03,2025,Mobile App,1615566.04,2569,741,30,1015
2025-12-03,2025,Online,3262294.59,5207,1493,30,1693
2025-12-04,2025,In-Store,6372120.29,10399,2906,30,2624
2025-12-04,2025,Mobile App,1712232.45,2694,748,30,1004
2025-12-04,2025,Online,3345354.8,5371,1496,30,1690
2025-12-05,2025,In-Store,6036906.57,9843,2777,30,2522
2025-12-05,2025,Mobile App,1530644.49,2617,760,30,980
2025-12-05,2025,Online,3158015.53,5133,1475,30,1673
2025-12-06,2025,In-Store,6144638.89,9823,2809,30,2528
2025-12-06,2025,Mobile App,1748457.47,2839,793,30,1032
2025-12-06,2025,Online,3365325.04,5560,1540,30,1742
2025-12-07,2025,In-Store,6263869.48,9720,2791,30,2483
2025-12-07,2025,Mobile App,1944277.0,3076,795,30,1069
2025-12-07,2025,Online,3363282.04,5542,1543,30,1735
2025-12-08,2025,In-Store,5976122.97,9740,2764,30,2519
2025-12-08,2025,Mobile App,1578647.83,2540,720,30,972
2025-12-08,2025,Online,3430129.03,5583,1567,30,1763
2025-12-09,2025,In-Store,5848941.1,9621,2657,30,2490
2025-12-09,2025,Mobile App,1709575.86,2751,746,30,1021
2025-12-09,2025,Online,3301784.11,5297,1531,30,1693
2025-12-10,2025,In-Store,6134929.12,9852,2839,30,2497
2025-12-10,2025,Mobile App,1715946.2,2747,789,30,1030
2025-12-10,2025,Online,3259018.59,5296,1486,30,1670
2025-12-11,2025,In-Store,6255104.46,9845,2780,30,2581
2025-12-11,2025,Mobile App,1531641.24,2587,736,30,985
2025-12-11,2025,Online,2909625.11,4842,1402,30,1579
2025-12-12,2025,In-Store,6033508.12,9585,2732,30,2447
2025-12-12,2025,Mobile App,1755168.79,2686,750,30,966
2025-12-12,2025,Online,3447620.97,5659,1552,30,1731
2025-12-13,2025,In-Store,6458867.19,10341,2847,30,2581
2025-12-13,2025,Mobile App,1624639.84,2596,766,30,954
2025-12-13,2025,Online,3592087.46,5534,1542,30,1681
2025-12-14,2025,In-Store,6321106.41,9878,2735,30,2504
2025-12-14,2025,Mobile App,1635232.68,2714,766,30,970
2025-12-14,2025,Online,3273748.68,5164,1453,30,1625
2025-12-15,2025,In-Store,6236732.35,10142,2897,30,2529
2025-12-15,2025,Mobile App,1617956.09,2641,745,30,979
2025-12-15,2025,Online,3355864.87,5535,1532,30,1688
2025-12-16,2025,In-Store,6400564.71,10304,2931,30,2562
2025-12-16,2025,Mobile App,1669439.38,2668,754,30,1024
2025-12-16,2025,Online,3051447.19,4985,1442,30,1617
2025-12-17,2025,In-Store,6267965.22,9842,2745,30,2513
2025-12-17,2025,Mobile App,1865879.25,2812,812,30,1023
2025-12-17,2025,Online,3666748.84,5790,1566,30,1732
2025-12-18,2025,In-Store,6128221.27,10066,2769,30,2505
2025-12-18,2025,Mobile App,1680558.9,2677,723,30,986
2025-12-18,2025,Online,3307825.92,5283,1446,30,1651
2025-12-19,2025,In-Store,6542190.36,10398,2974,30,2596
2025-12-19,2025,Mobile App,1813553.33,2893,791,30,1024
2025-12-19,2025,Online,3228362.09,5225,1479,30,1682
2025-12-20,2025,In-Store,6510936.87,10399,2885,30,2623
2025-12-20,2025,Mobile App,1765161.77,2911,807,30,1059
2025-12-20,2025,Online,3410829.37,5326,1468,30,1663
2025-12-21,2025,In-Store,6245122.5,10189,2815,30,2485
2025-12-21,2025,Mobile App,1762042.78,2853,779,30,1056
2025-12-21,2025,Online,3413135.3,5494,1524,30,1679
2025-12-22,2025,In-Store,6561463.58,10524,2858,30,2551
2025-12-22,2025,Mobile App,1825422.58,2954,814,30,1054
2025-12-22,2025,Online,3503611.13,5610,1580,30,1688
2025-12-23,2025,In-Store,6390009.5,9889,2793,30,2446
2025-12-23,2025,Mobile App,1750074.42,2771,754,30,998
2025-12-23,2025,Online,3476503.89,5587,1557,30,1695
2025-12-24,2025,In-Store,6463041.32,10230,2828,30,2521
2025-12-24,2025,Mobile App,1736665.16,2801,786,30,1024
2025-12-24,2025,Online,3396768.0,5456,1478,30,1676
2025-12-25,2025,In-Store,6374978.9,9955,2845,30,2519
2025-12-25,2025,Mobile App,1586692.73,2564,720,30,948
2025-12-25,2025,Online,3592309.48,5528,1542,30,1698
2025-12-26,2025,In-Store,6250275.41,10002,2798,30,2522
2025-12-26,2025,Mobile App,1784187.73,2796,779,30,1023
2025-12-26,2025,Online,3286363.27,5226,1496,30,1718
2025-12-27,2025,In-Store,6043504.61,9920,2751,30,2466
2025-12-27,2025,Mobile App,1728401.94,2707,756,30,992
2025-12-27,2025,Online,3378316.95,5443,1482,30,1682
2025-12-28,2025,In-Store,6139249.37,9877,2756,30,2527
2025-12-28,2025,Mobile App,1683215.81,2647,741,30,989
2025-12-28,2025,Online,3540162.68,5632,1558,30,1745
2025-12-29,2025,In-Store,6484187.57,10274,2877,30,2455
2025-12-29,2025,Mobile App,1822192.39,2929,793,30,1033
2025-12-29,2025,Online,3478326.83,5516,1555,30,1687
2025-12-30,2025,In-Store,6515064.17,9985,2795,30,2527
2025-12-30,2025,Mobile App,1718541.3,2719,774,30,1004
2025-12-30,2025,Online,3532026.07,5507,1542,30,1680
2025-12-31,2025,In-Store,6334321.62,10299,2822,30,2460
2025-12-31,2025,Mobile App,1627393.08,2625,724,30,939
2025-12-31,2025,Online,3339645.0,5256,1469,30,1595
