sku_id,total_quantity,total_sales,transactions,stores,channels,first_sale,last_sale
SKU00001,4771,3624393.59,2528,30,3,2022-01-02,2025-12-31
SKU00002,38506,2542018.9,20568,30,3,2022-01-01,2025-12-31
SKU00003,1325,189058.31,713,30,3,2022-01-01,2025-12-24
SKU00004,2534,556401.4,1373,30,3,2022-01-01,2025-12-31
SKU00005,2292,300920.55,1219,30,3,2022-01-01,2025-12-31
SKU00006,2800,3748757.0100000002,1502,30,3,2022-01-01,2025-12-31
SKU00007,5215,633134.6,2761,30,3,2022-01-01,2025-12-31
SKU00008,1466,671175.58,747,30,3,2022-01-07,2025-12-30
SKU00009,1307,310552.5,700,30,3,2022-01-01,2025-12-31
SKU00010,1580,2386366.85,833,30,3,2022-01-07,2025-12-31
SKU00011,1531,178941.15,788,30,3,2022-01-07,2025-12-31
SKU00012,1296,996591.32,691,30,3,2022-01-03,2025-12-31
SKU00013,3281,1595809.4400000002,1781,30,3,2022-01-01,2025-12-31
SKU00014,1396,211325.53,774,30,3,2022-01-03,2025-12-31
SKU00015,3253,852534.09,1746,30,3,2022-01-01,2025-12-31
SKU00016,8332,27079481.16,4435,30,3,2022-01-02,2025-12-31
SKU00017,1301,336476.76999999996,714,30,3,2022-01-01,2025-12-31
SKU00018,1437,127141.56999999999,775,30,3,2022-01-02,2025-12-31
SKU00019,4828,1786043.85,2604,30,3,2022-01-01,2025-12-31
SKU00020,18187,1854649.27,9717,30,3,2022-01-01,2025-12-31
SKU00021,1445,156487.87,791,30,3,2022-01-07,2025-12-31
SKU00022,1777,334227.25,947,30,3,2022-01-05,2025-12-30
SKU00023,2179,4137026.7800000003,1183,30,3,2022-01-01,2025-12-29
SKU00024,1319,3355816.3200000003,697,30,3,2022-01-10,2025-12-31
SKU00025,1913,4382843.36,1024,30,3,2022-01-02,2025-12-30
SKU00026,1405,379022.31,731,30,3,2022-01-04,2025-12-31
SKU00027,4961,2824335.64,2631,30,3,2022-01-01,2025-12-31
SKU00028,1456,127370.18000000001,783,30,3,2022-01-01,2025-12-31
SKU00029,3234,5986781.34,1696,30,3,2022-01-01,2025-12-31
SKU00030,4454,1686154.99,2392,30,3,2022-01-01,2025-12-31
SKU00031,2019,287458.99,1069,30,3,2022-01-02,2025-12-30
SKU00032,1291,62448.56,702,30,3,2022-01-02,2025-12-28
SKU00033,1881,292974.49,1008,30,3,2022-01-01,2025-12-30
SKU00034,1663,3259043.15,882,30,3,2022-01-02,2025-12-31
SKU00035,1852,382354.93,998,30,3,2022-01-02,2025-12-31
SKU00036,7974,1411121.32,4280,30,3,2022-01-02,2025-12-31
SKU00037,1616,164058.93,837,30,3,2022-01-03,2025-12-27
SKU00038,2582,908567.2799999999,1397,30,3,2022-01-04,2025-12-31
SKU00039,1850,219402.31,990,30,3,2022-01-02,2025-12-31
SKU00040,2078,400915.61,1085,30,3,2022-01-03,2025-12-31
SKU00041,1474,3392445.19,760,30,3,2022-01-02,2025-12-31
SKU00042,1415,1464199.7999999998,755,30,3,2022-01-01,2025-12-31
SKU00043,4314,2503244.46,2273,30,3,2022-01-01,2025-12-31
SKU00044,1571,776067.0399999999,836,30,3,2022-01-03,2025-12-29
SKU00045,1356,447812.66,748,30,3,2022-01-03,2025-12-31
SKU00046,1636,237921.32,885,30,3,2022-01-01,2025-12-29
SKU00047,2317,628886.4,1255,30,3,2022-01-01,2025-12-30
SKU00048,4388,456058.80000000005,2319,30,3,2022-01-01,2025-12-31
SKU00049,2987,1643882.03,1577,30,3,2022-01-02,2025-12-31
SKU00050,15872,509327.49,8453,30,3,2022-01-01,2025-12-31
SKU00051,1557,488303.32,817,30,3,2022-01-02,2025-12-31
SKU00052,1359,1725978.07,730,30,3,2022-01-02,2025-12-24
SKU00053,1974,602841.12,1016,30,3,2022-01-01,2025-12-31
SKU00054,1893,3687792.8499999996,1025,30,3,2022-01-02,2025-12-31
SKU00055,4922,1916461.06,2608,30,3,2022-01-01,2025-12-31
SKU00056,2754,204254.32,1433,30,3,2022-01-03,2025-12-30
SKU00057,1764,3796447.58,925,30,3,2022-01-04,2025-12-31
SKU00058,1354,120798.99,725,30,3,2022-01-04,2025-12-30
SKU00059,1517,172548.89,815,30,3,2022-01-01,2025-12-31
SKU00060,4825,3263748.67,2562,30,3,2022-01-01,2025-12-30
SKU00061,1487,347523.73,814,30,3,2022-01-05,2025-12-30
SKU00062,26017,12213743.04,14056,30,3,2022-01-01,2025-12-31
SKU00063,2272,3425026.85,1188,30,3,2022-01-01,2025-12-31
SKU00064,1367,276240.48000000004,719,30,3,2022-01-01,2025-12-30
SKU00065,1805,1624417.96,978,30,3,2022-01-12,2025-12-31
SKU00066,1244,260358.11,660,30,3,2022-01-01,2025-12-30
SKU00067,1887,869144.62,992,30,3,2022-01-01,2025-12-31
SKU00068,3309,827170.0,1753,30,3,2022-01-03,2025-12-31
SKU00069,1262,309320.76999999996,699,30,3,2022-01-01,2025-12-26
SKU00070,1952,1343078.62,1019,30,3,2022-01-01,2025-12-30
SKU00071,1419,358044.18,755,30,3,2022-01-04,2025-12-26
SKU00072,2139,661778.9,1134,30,3,2022-01-03,2025-12-31
SKU00073,1600,1819541.6199999999,847,30,3,2022-01-07,2025-12-31
SKU00074,2424,451520.71,1303,30,3,2022-01-01,2025-12-28
SKU00075,1294,4503811.5,689,30,3,2022-01-05,2025-12-31
SKU00076,5190,1482834.34,2749,30,3,2022-01-01,2025-12-31
SKU00077,3020,4352214.41,1592,30,3,2022-01-03,2025-12-31
SKU00078,1308,1021701.87,698,30,3,2022-01-03,2025-12-31
SKU00079,67465,12515276.66,35776,30,3,2022-01-01,2025-12-31
SKU00080,1542,124736.45,807,30,3,2022-01-02,2025-12-31
SKU00081,1356,149734.55,743,30,3,2022-01-03,2025-12-31
SKU00082,2248,1010006.04,1183,30,3,2022-01-02,2025-12-31
SKU00083,1228,384615.96,664,30,3,2022-01-04,2025-12-31
SKU00084,1456,1791490.1900000002,750,30,3,2022-01-02,2025-12-30
SKU00085,1994,703797.99,1065,30,3,2022-01-01,2025-12-31
SKU00086,2785,7265092.32,1468,30,3,2022-01-01,2025-12-30
SKU00087,2789,608070.71,1533,30,3,2022-01-01,2025-12-31
SKU00088,2763,387832.57,1454,30,3,2022-01-01,2025-12-31
SKU00089,3558,1046751.25,1879,30,3,2022-01-01,2025-12-31
SKU00090,1314,775601.1900000001,682,30,3,2022-01-02,2025-12-31
SKU00091,1355,284110.68,728,30,3,2022-01-04,2025-12-29
SKU00092,9028,6873396.02,4805,30,3,2022-01-01,2025-12-31
SKU00093,1475,296009.66,792,30,3,2022-01-08,2025-12-31
SKU00094,1385,1386052.4,737,30,3,2022-01-02,2025-12-31
SKU00095,1661,1095480.4200000002,878,30,3,2022-01-01,2025-12-31
SKU00096,5565,1092703.86,2965,30,3,2022-01-02,2025-12-31
SKU00097,2892,2975805.31,1505,30,3,2022-01-02,2025-12-30
SKU00098,1899,539676.53,1039,30,3,2022-01-06,2025-12-30
SKU00099,2199,3443861.32,1168,30,3,2022-01-01,2025-12-29
SKU00100,1326,578557.03,711,30,3,2022-01-03,2025-12-28
SKU00101,1724,197379.22999999998,939,30,3,2022-01-01,2025-12-30
SKU00102,7324,776817.97,3923,30,3,2022-01-01,2025-12-31
SKU00103,3695,626286.9299999999,1947,30,3,2022-01-01,2025-12-30
SKU00104,2708,980867.64,1440,30,3,2022-01-05,2025-12-31
SKU00105,1214,570921.17,670,30,3,2022-01-01,2025-12-29
SKU00106,3496,653762.04,1827,30,3,2022-01-01,2025-12-31
SKU00107,1801,4261139.41,942,30,3,2022-01-03,2025-12-30
SKU00108,1640,126312.67,881,30,3,2022-01-02,2025-12-31
SKU00109,1943,187824.9,1037,30,3,2022-01-01,2025-12-30
SKU00110,1364,368763.25,717,30,3,2022-01-04,2025-12-23
SKU00111,3002,6469701.649999999,1567,30,3,2022-01-03,2025-12-31
SKU00112,1380,283478.11,756,30,3,2022-01-01,2025-12-30
SKU00113,2291,293574.21,1229,30,3,2022-01-01,2025-12-31
SKU00114,1642,259884.93000000002,874,30,3,2022-01-01,2025-12-30
SKU00115,2883,124310.01,1522,30,3,2022-01-01,2025-12-31
SKU00116,3139,941129.73,1687,30,3,2022-01-01,2025-12-31
SKU00117,2360,581760.9299999999,1226,30,3,2022-01-01,2025-12-31
SKU00118,1821,493865.6,990,30,3,2022-01-05,2025-12-31
SKU00119,4559,4083535.25,2469,30,3,2022-01-01,2025-12-31
SKU00120,1941,904805.48,1034,30,3,2022-01-08,2025-12-31
SKU00121,1809,332381.04,936,30,3,2022-01-01,2025-12-31
SKU00122,1362,200574.81,747,30,3,2022-01-11,2025-12-31
SKU00123,2763,255560.19,1488,30,3,2022-01-01,2025-12-31
SKU00124,1605,520423.01,865,30,3,2022-01-01,2025-12-28
SKU00125,4529,2047324.83,2371,30,3,2022-01-01,2025-12-31
SKU00126,7046,1690923.4,3739,30,3,2022-01-01,2025-12-31
SKU00127,1303,274318.66000000003,705,30,3,2022-01-12,2025-12-31
SKU00128,1783,1244956.56,942,30,3,2022-01-01,2025-12-31
SKU00129,3334,661126.65,1747,30,3,2022-01-03,2025-12-31
SKU00130,1364,463917.14,729,30,3,2022-01-01,2025-12-30
SKU00131,6056,679232.5,3223,30,3,2022-01-01,2025-12-31
SKU00132,1888,821897.3200000001,1008,30,3,2022-01-03,2025-12-31
SKU00133,2076,3340971.62,1093,30,3,2022-01-03,2025-12-31
SKU00134,1557,294191.32,841,30,3,2022-01-02,2025-12-31
SKU00135,2136,385765.54,1131,30,3,2022-01-01,2025-12-29
SKU00136,1479,693198.04,785,30,3,2022-01-03,2025-12-26
SKU00137,1428,194132.63,745,30,3,2022-01-01,2025-12-31
SKU00138,2101,1311862.66,1108,30,3,2022-01-01,2025-12-29
SKU00139,1819,1364018.1300000001,938,30,3,2022-01-01,2025-12-31
SKU00140,1237,172205.87,678,30,3,2022-01-15,2025-12-30
SKU00141,1434,3501875.4299999997,759,30,3,2022-01-04,2025-12-30
SKU00142,2644,337126.27,1402,30,3,2022-01-02,2025-12-31
SKU00143,2611,155416.36,1395,30,3,2022-01-02,2025-12-31
SKU00144,1714,301333.51,920,30,3,2022-01-01,2025-12-31
SKU00145,1443,650382.79,747,30,3,2022-01-02,2025-12-26
SKU00146,5169,3445760.21,2803,30,3,2022-01-02,2025-12-31
SKU00147,1944,1405304.8199999998,1036,30,3,2022-01-01,2025-12-30
SKU00148,1447,494421.06,781,30,3,2022-01-06,2025-12-31
SKU00149,3261,459009.94,1658,30,3,2022-01-01,2025-12-31
SKU00150,1294,319251.61,705,30,3,2022-01-01,2025-12-31
SKU00151,2265,430301.42000000004,1194,30,3,2022-01-06,2025-12-31
SKU00152,2888,4947758.07,1540,30,3,2022-01-01,2025-12-31
SKU00153,1433,242289.32,764,30,3,2022-01-01,2025-12-31
SKU00154,1642,3465669.7,859,30,3,2022-01-01,2025-12-31
SKU00155,1272,705982.5599999999,654,30,3,2022-01-04,2025-12-31
SKU00156,1307,201373.85,705,30,3,2022-01-04,2025-12-25
SKU00157,1802,200218.28,960,30,3,2022-01-05,2025-12-31
SKU00158,5230,2415709.14,2752,30,3,2022-01-01,2025-12-31
SKU00159,2025,437375.0,1098,30,3,2022-01-04,2025-12-29
SKU00160,2059,386738.88,1076,30,3,2022-01-01,2025-12-30
SKU00161,1395,645102.0,736,30,3,2022-01-10,2025-12-31
SKU00162,1577,4118696.64,834,30,3,2022-01-02,2025-12-27
SKU00163,8802,1247658.23,4681,30,3,2022-01-02,2025-12-31
SKU00164,3162,338655.45,1696,30,3,2022-01-01,2025-12-31
SKU00165,1971,159263.80000000002,1102,30,3,2022-01-03,2025-12-30
SKU00166,11258,8748247.69,6001,30,3,2022-01-01,2025-12-31
SKU00167,1222,2995922.01,649,30,3,2022-01-01,2025-12-31
SKU00168,3148,6608944.28,1700,30,3,2022-01-03,2025-12-31
SKU00169,26616,2365325.29,14120,30,3,2022-01-01,2025-12-31
SKU00170,1265,1471070.21,660,30,3,2022-01-02,2025-12-30
SKU00171,3417,811235.52,1842,30,3,2022-01-01,2025-12-31
SKU00172,2386,250323.76,1263,30,3,2022-01-05,2025-12-29
SKU00173,1256,1294836.76,657,30,3,2022-01-02,2025-12-28
SKU00174,1522,893407.8400000001,824,30,3,2022-01-01,2025-12-31
SKU00175,2591,443108.11000000004,1411,30,3,2022-01-01,2025-12-31
SKU00176,1514,64593.24,830,30,3,2022-01-02,2025-12-31
SKU00177,17167,1854853.56,9154,30,3,2022-01-01,2025-12-31
SKU00178,2898,1413114.83,1531,30,3,2022-01-03,2025-12-31
SKU00179,1993,159403.82,1060,30,3,2022-01-02,2025-12-31
SKU00180,4701,3450146.52,2525,30,3,2022-01-01,2025-12-31
SKU00181,1649,485802.42,871,30,3,2022-01-01,2025-12-31
SKU00182,1523,254214.2,810,30,3,2022-01-01,2025-12-30
SKU00183,1610,381607.9,867,30,3,2022-01-03,2025-12-29
SKU00184,2073,1725706.46,1102,30,3,2022-01-06,2025-12-31
SKU00185,1563,719372.3200000001,832,30,3,2022-01-05,2025-12-28
SKU00186,1321,2281414.52,694,30,3,2022-01-02,2025-12-31
SKU00187,1566,371529.57,840,30,3,2022-01-01,2025-12-29
SKU00188,2862,538648.0599999999,1491,30,3,2022-01-03,2025-12-30
SKU00189,2419,157532.27,1302,30,3,2022-01-01,2025-12-31
SKU00190,102261,13950278.45,54183,30,3,2022-01-01,2025-12-31
SKU00191,1891,1052222.53,1016,30,3,2022-01-04,2025-12-31
SKU00192,1703,261921.75,916,30,3,2022-01-01,2025-12-30
SKU00193,2999,867946.74,1557,30,3,2022-01-02,2025-12-31
SKU00194,1854,923859.15,992,30,3,2022-01-03,2025-12-31
SKU00195,1451,1554808.44,775,30,3,2022-01-02,2025-12-28
SKU00196,2152,183731.91,1151,30,3,2022-01-01,2025-12-31
SKU00197,1594,491798.79,845,30,3,2022-01-05,2025-12-31
SKU00198,2847,912291.02,1473,30,3,2022-01-01,2025-12-31
SKU00199,1365,79310.77,727,30,3,2022-01-01,2025-12-31
SKU00200,2071,261330.81000000003,1087,30,3,2022-01-05,2025-12-31
SKU00201,3980,3203510.73,2174,30,3,2022-01-01,2025-12-31
SKU00202,2728,888890.37,1459,30,3,2022-01-02,2025-12-31
SKU00203,1442,245414.96,786,30,3,2022-01-01,2025-12-31
SKU00204,1648,954472.3300000001,858,30,3,2022-01-07,2025-12-30
SKU00205,4655,971160.64,2424,30,3,2022-01-01,2025-12-31
SKU00206,1661,337236.57,870,30,3,2022-01-02,2025-12-30
SKU00207,3441,314421.68,1788,30,3,2022-01-01,2025-12-31
SKU00208,1681,1792317.48,881,30,3,2022-01-02,2025-12-30
SKU00209,1467,121809.92,788,30,3,2022-01-01,2025-12-31
SKU00210,1305,4370742.63,691,30,3,2022-01-02,2025-12-31
SKU00211,2504,2771426.56,1373,30,3,2022-01-05,2025-12-31
SKU00212,1994,651103.81,1059,30,3,2022-01-01,2025-12-28
SKU00213,2309,250674.93,1198,30,3,2022-01-01,2025-12-30
SKU00214,1523,558428.99,790,30,3,2022-01-02,2025-12-30
SKU00215,1709,163427.57,907,30,3,2022-01-06,2025-12-31
SKU00216,7806,4991017.87,4199,30,3,2022-01-01,2025-12-31
SKU00217,1713,470400.92,914,30,3,2022-01-12,2025-12-31
SKU00218,1718,371338.29,909,30,3,2022-01-02,2025-12-29
SKU00219,1794,231474.4,952,30,3,2022-01-09,2025-12-31
SKU00220,1795,1224905.4000000001,976,30,3,2022-01-02,2025-12-27
SKU00221,1863,1016935.02,996,30,3,2022-01-02,2025-12-31
SKU00222,1698,791088.48,913,30,3,2022-01-01,2025-12-30
SKU00223,1562,319191.23,836,30,3,2022-01-03,2025-12-31
SKU00224,1566,240644.79,810,30,3,2022-01-04,2025-12-28
SKU00225,1911,2195593.4699999997,990,30,3,2022-01-02,2025-12-31
SKU00226,1544,106524.34,836,30,3,2022-01-03,2025-12-31
SKU00227,2059,5475337.62,1111,30,3,2022-01-01,2025-12-31
SKU00228,1638,4521798.82,875,30,3,2022-01-05,2025-12-31
SKU00229,1538,613589.9,806,30,3,2022-01-09,2025-12-29
SKU00230,1318,144698.55,700,30,3,2022-01-02,2025-12-30
SKU00231,1848,264155.49,982,30,3,2022-01-02,2025-12-31
SKU00232,5635,507597.48,2983,30,3,2022-01-02,2025-12-31
SKU00233,2170,244989.16,1157,30,3,2022-01-01,2025-12-31
SKU00234,1887,177827.4,984,30,3,2022-01-01,2025-12-30
SKU00235,1386,204876.66,731,30,3,2022-01-01,2025-12-31
SKU00236,1550,153069.56,822,30,3,2022-01-01,2025-12-30
SKU00237,1225,108103.09999999999,662,30,3,2022-01-01,2025-12-31
SKU00238,4524,7520140.24,2389,30,3,2022-01-01,2025-12-31
SKU00239,1425,1420095.79,743,30,3,2022-01-01,2025-12-31
SKU00240,1255,166618.32,672,30,3,2022-01-01,2025-12-28
SKU00241,1620,2580804.42,864,30,3,2022-01-03,2025-12-31
SKU00242,5216,1076553.2,2775,30,3,2022-01-02,2025-12-31
SKU00243,11290,5144371.6899999995,5950,30,3,2022-01-01,2025-12-31
SKU00244,1557,1085365.83,819,30,3,2022-01-05,2025-12-31
SKU00245,2024,7610945.550000001,1075,30,3,2022-01-02,2025-12-30
SKU00246,2571,2417257.46,1348,30,3,2022-01-05,2025-12-31
SKU00247,1929,426381.37,1037,30,3,2022-01-05,2025-12-31
SKU00248,2174,113822.64,1196,30,3,2022-01-03,2025-12-30
SKU00249,4989,1137667.89,2603,30,3,2022-01-01,2025-12-31
SKU00250,2203,663461.16,1212,30,3,2022-01-01,2025-12-30
SKU00251,1248,166569.27000000002,649,30,3,2022-01-03,2025-12-29
SKU00252,2899,5457440.72,1582,30,3,2022-01-05,2025-12-29
SKU00253,1794,464796.0,942,30,3,2022-01-01,2025-12-31
SKU00254,15209,1505285.43,8063,30,3,2022-01-01,2025-12-31
SKU00255,4412,664784.97,2403,30,3,2022-01-01,2025-12-31
SKU00256,2213,1614347.79,1184,30,3,2022-01-02,2025-12-31
SKU00257,2110,618600.79,1115,30,3,2022-01-06,2025-12-31
SKU00258,1523,131764.88,797,30,3,2022-01-03,2025-12-31
SKU00259,2856,672075.34,1535,30,3,2022-01-02,2025-12-31
SKU00260,3260,421060.52,1702,30,3,2022-01-04,2025-12-31
SKU00261,1721,101009.24,916,30,3,2022-01-01,2025-12-31
SKU00262,1185,189953.75999999998,637,30,3,2022-01-03,2025-12-28
SKU00263,21413,8896504.24,11364,30,3,2022-01-01,2025-12-31
SKU00264,32586,7416789.95,17342,30,3,2022-01-01,2025-12-31
SKU00265,1732,392836.85,918,30,3,2022-01-01,2025-12-31
SKU00266,1318,5392083.17,733,30,3,2022-01-03,2025-12-28
SKU00267,1710,199720.34,907,30,3,2022-01-01,2025-12-30
SKU00268,1742,267955.74,927,30,3,2022-01-03,2025-12-31
SKU00269,1373,222033.21,741,30,3,2022-01-01,2025-12-31
SKU00270,3721,1823252.1199999999,1985,30,3,2022-01-01,2025-12-31
SKU00271,2308,153196.41,1209,30,3,2022-01-03,2025-12-31
SKU00272,3670,4225621.58,1976,30,3,2022-01-02,2025-12-31
SKU00273,1700,642134.61,897,30,3,2022-01-02,2025-12-29
SKU00274,1330,1328664.18,728,30,3,2022-01-02,2025-12-31
SKU00275,2534,447247.61,1334,30,3,2022-01-02,2025-12-31
SKU00276,1496,71384.31,774,30,3,2022-01-01,2025-12-30
SKU00277,1550,842683.21,804,30,3,2022-01-02,2025-12-31
SKU00278,8768,14830720.01,4531,30,3,2022-01-01,2025-12-31
SKU00279,2345,238553.69,1266,30,3,2022-01-01,2025-12-31
SKU00280,4573,1998557.27,2430,30,3,2022-01-01,2025-12-31
SKU00281,1667,273153.36,887,30,3,2022-01-02,2025-12-30
SKU00282,1889,5394257.86,1035,30,3,2022-01-02,2025-12-29
SKU00283,3868,2038504.96,2056,30,3,2022-01-02,2025-12-31
SKU00284,1774,231228.63999999998,968,30,3,2022-01-01,2025-12-31
SKU00285,54696,26184169.63,29229,30,3,2022-01-01,2025-12-31
SKU00286,51899,3130675.69,27702,30,3,2022-01-01,2025-12-31
SKU00287,1943,1598887.17,1024,30,3,2022-01-01,2025-12-30
SKU00288,1427,145557.04,743,30,3,2022-01-01,2025-12-31
SKU00289,1548,765229.02,806,30,3,2022-01-02,2025-12-30
SKU00290,1550,342689.95,849,30,3,2022-01-05,2025-12-30
SKU00291,12788,2283997.93,6745,30,3,2022-01-01,2025-12-31
SKU00292,1686,335290.59,860,30,3,2022-01-02,2025-12-30
SKU00293,2951,358165.86000000004,1564,30,3,2022-01-01,2025-12-31
SKU00294,2676,593512.45,1409,30,3,2022-01-02,2025-12-31
SKU00295,1813,1759582.63,957,30,3,2022-01-07,2025-12-30
SKU00296,4165,2640718.87,2199,30,3,2022-01-01,2025-12-31
SKU00297,1797,291981.11,974,30,3,2022-01-01,2025-12-29
SKU00298,3603,1302583.1400000001,1906,30,3,2022-01-01,2025-12-31
SKU00299,1783,1405445.25,981,30,3,2022-01-01,2025-12-31
SKU00300,1392,129723.11,731,30,3,2022-01-02,2025-12-31
SKU00301,1392,415502.29,726,30,3,2022-01-01,2025-12-31
SKU00302,1311,368827.82,694,30,3,2022-01-03,2025-12-31
SKU00303,1763,428333.89,957,30,3,2022-01-01,2025-12-30
SKU00304,1377,482787.14,729,30,3,2022-01-01,2025-12-31
SKU00305,1361,625493.34,721,30,3,2022-01-01,2025-12-31
SKU00306,2290,646384.2000000001,1210,30,3,2022-01-04,2025-12-31
SKU00307,1451,281152.69,765,30,3,2022-01-02,2025-12-31
SKU00308,1693,534450.4,904,30,3,2022-01-03,2025-12-31
SKU00309,1351,1992827.9700000002,698,30,3,2022-01-01,2025-12-31
SKU00310,6516,474482.64999999997,3419,30,3,2022-01-02,2025-12-31
SKU00311,4053,8753549.61,2169,30,3,2022-01-01,2025-12-31
SKU00312,2440,140233.71,1298,30,3,2022-01-02,2025-12-31
SKU00313,8366,6910638.67,4405,30,3,2022-01-01,2025-12-31
SKU00314,1586,612963.45,844,30,3,2022-01-06,2025-12-31
SKU00315,2181,780797.72,1186,30,3,2022-01-01,2025-12-31
SKU00316,1364,161831.5,766,30,3,2022-01-16,2025-12-30
SKU00317,1230,126785.92,653,30,3,2022-01-01,2025-12-31
SKU00318,1420,1102060.07,759,30,3,2022-01-08,2025-12-29
SKU00319,2557,306714.77,1416,30,3,2022-01-03,2025-12-31
SKU00320,1572,201843.21,836,30,3,2022-01-06,2025-12-31
SKU00321,1443,996947.7100000001,797,30,3,2022-01-06,2025-12-31
SKU00322,1384,469191.60000000003,743,30,3,2022-01-01,2025-12-30
SKU00323,2502,642906.17,1319,30,3,2022-01-05,2025-12-29
SKU00324,2256,1056844.19,1175,30,3,2022-01-02,2025-12-31
SKU00325,4144,2455423.25,2152,30,3,2022-01-02,2025-12-31
SKU00326,3814,4824857.7299999995,2026,30,3,2022-01-01,2025-12-31
SKU00327,1647,711586.95,864,30,3,2022-01-04,2025-12-31
SKU00328,12877,2449373.13,6864,30,3,2022-01-01,2025-12-31
SKU00329,2787,3148342.37,1489,30,3,2022-01-04,2025-12-31
SKU00330,1364,110273.48999999999,722,30,3,2022-01-01,2025-12-30
SKU00331,1298,182303.77,695,30,3,2022-01-11,2025-12-30
SKU00332,2908,4535234.609999999,1566,30,3,2022-01-01,2025-12-31
SKU00333,4984,287313.13,2646,30,3,2022-01-01,2025-12-31
SKU00334,1787,2482879.91,955,30,3,2022-01-03,2025-12-31
SKU00335,1387,354630.9,748,30,3,2022-01-03,2025-12-31
SKU00336,2363,118032.87,1270,30,3,2022-01-01,2025-12-31
SKU00337,2947,1038459.3099999999,1543,30,3,2022-01-01,2025-12-31
SKU00338,2248,1559172.36,1193,30,3,2022-01-01,2025-12-29
SKU00339,1797,3175601.86,990,30,3,2022-01-01,2025-12-30
SKU00340,1535,333320.79,812,30,3,2022-01-03,2025-12-31
SKU00341,1459,131192.58000000002,767,30,3,2022-01-03,2025-12-28
SKU00342,1247,266613.06,648,30,3,2022-01-02,2025-12-27
SKU00343,2262,5463353.17,1239,30,3,2022-01-01,2025-12-31
SKU00344,1442,828873.02,765,30,3,2022-01-01,2025-12-28
SKU00345,1405,377306.22000000003,733,30,3,2022-01-03,2025-12-31
SKU00346,1421,512301.27,781,30,3,2022-01-04,2025-12-31
SKU00347,1458,210796.06,769,30,3,2022-01-01,2025-12-29
SKU00348,1417,912269.12,756,30,3,2022-01-01,2025-12-30
SKU00349,1985,452296.12,1063,30,3,2022-01-01,2025-12-31
SKU00350,1215,565678.9400000001,639,30,3,2022-01-01,2025-12-27
SKU00351,1365,143914.61000000002,741,30,3,2022-01-04,2025-12-31
SKU00352,1709,1317941.73,899,30,3,2022-01-02,2025-12-31
SKU00353,1661,109147.45999999999,870,30,3,2022-01-06,2025-12-31
SKU00354,1307,1368507.77,667,30,3,2022-01-02,2025-12-29
SKU00355,1236,166714.73,673,30,3,2022-01-02,2025-12-31
SKU00356,1998,637664.13,1049,30,3,2022-01-04,2025-12-31
SKU00357,2000,745761.0599999999,1048,30,3,2022-01-03,2025-12-31
SKU00358,2165,339278.29,1148,30,3,2022-01-02,2025-12-31
SKU00359,3601,716957.65,1907,30,3,2022-01-01,2025-12-31
SKU00360,2126,172926.66,1133,30,3,2022-01-02,2025-12-31
SKU00361,3358,473726.24,1789,30,3,2022-01-01,2025-12-31
SKU00362,1584,2639427.51,840,30,3,2022-01-13,2025-12-31
SKU00363,15629,16082591.5,8348,30,3,2022-01-01,2025-12-31
SKU00364,1398,3417926.11,751,30,3,2022-01-03,2025-12-31
SKU00365,5928,429891.36,3149,30,3,2022-01-01,2025-12-31
SKU00366,2460,456022.24,1328,30,3,2022-01-01,2025-12-31
SKU00367,2359,4080373.2399999998,1243,30,3,2022-01-04,2025-12-31
SKU00368,2784,658462.5800000001,1455,30,3,2022-01-04,2025-12-31
SKU00369,16208,5631839.76,8595,30,3,2022-01-01,2025-12-31
SKU00370,1482,942236.0,806,30,3,2022-01-03,2025-12-29
SKU00371,1249,611296.31,654,30,3,2022-01-07,2025-12-28
SKU00372,3050,128375.79,1654,30,3,2022-01-01,2025-12-31
SKU00373,5345,422179.47,2844,30,3,2022-01-02,2025-12-31
SKU00374,1512,1676434.33,793,30,3,2022-01-03,2025-12-30
SKU00375,2105,225696.59,1119,30,3,2022-01-06,2025-12-31
SKU00376,29523,5718726.66,15609,30,3,2022-01-01,2025-12-31
SKU00377,2115,418136.63999999996,1138,30,3,2022-01-01,2025-12-29
SKU00378,3567,747524.0,1895,30,3,2022-01-02,2025-12-30
SKU00379,1425,1325747.73,727,30,3,2022-01-04,2025-12-31
SKU00380,1339,369927.99,737,30,3,2022-01-17,2025-12-30
SKU00381,1657,1369314.82,888,30,3,2022-01-05,2025-12-31
SKU00382,1370,135954.8,736,30,3,2022-01-01,2025-12-30
SKU00383,4574,533793.5599999999,2412,30,3,2022-01-01,2025-12-31
SKU00384,1470,262575.06,775,30,3,2022-01-12,2025-12-30
SKU00385,1281,465067.61000000004,673,30,3,2022-01-01,2025-12-30
SKU00386,1239,161384.4,694,30,3,2022-01-06,2025-12-30
SKU00387,6577,3955952.27,3471,30,3,2022-01-01,2025-12-31
SKU00388,10833,645549.53,5775,30,3,2022-01-01,2025-12-31
SKU00389,1337,808648.65,714,30,3,2022-01-01,2025-12-29
SKU00390,2376,954061.0,1283,30,3,2022-01-02,2025-12-31
SKU00391,4133,4703964.29,2204,30,3,2022-01-01,2025-12-31
SKU00392,2039,954212.23,1040,30,3,2022-01-02,2025-12-31
SKU00393,4140,345523.28,2204,30,3,2022-01-02,2025-12-31
SKU00394,2295,221967.56,1239,30,3,2022-01-01,2025-12-31
SKU00395,1991,2041023.5399999998,1056,30,3,2022-01-04,2025-12-30
SKU00396,5685,2091493.39,3027,30,3,2022-01-01,2025-12-31
SKU00397,2477,282681.0,1343,30,3,2022-01-01,2025-12-31
SKU00398,2747,1344295.58,1459,30,3,2022-01-02,2025-12-31
SKU00399,1526,707193.65,792,30,3,2022-01-03,2025-12-31
SKU00400,4596,7743431.73,2416,30,3,2022-01-01,2025-12-31
SKU00401,1202,1264414.28,662,30,3,2022-01-02,2025-12-31
SKU00402,1294,877273.8099999999,684,30,3,2022-01-02,2025-12-31
SKU00403,1615,1327073.32,840,30,3,2022-01-08,2025-12-31
SKU00404,10461,2248947.65,5536,30,3,2022-01-01,2025-12-31
SKU00405,6197,732544.94,3333,30,3,2022-01-01,2025-12-31
SKU00406,3860,1358747.42,2054,30,3,2022-01-01,2025-12-31
SKU00407,1503,3903369.05,786,30,3,2022-01-07,2025-12-31
SKU00408,2417,3384298.46,1263,30,3,2022-01-03,2025-12-31
SKU00409,3131,4564913.54,1689,30,3,2022-01-01,2025-12-31
SKU00410,2431,2466141.48,1282,30,3,2022-01-04,2025-12-31
SKU00411,3475,775910.12,1824,30,3,2022-01-01,2025-12-31
SKU00412,4075,2371646.06,2140,30,3,2022-01-03,2025-12-29
SKU00413,1627,266236.72,849,30,3,2022-01-02,2025-12-30
SKU00414,1558,69390.68000000001,853,30,3,2022-01-01,2025-12-31
SKU00415,2973,4934777.07,1562,30,3,2022-01-02,2025-12-31
SKU00416,13513,957487.2100000001,7139,30,3,2022-01-01,2025-12-31
SKU00417,1622,61934.93,881,30,3,2022-01-04,2025-12-30
SKU00418,3263,169765.63999999998,1744,30,3,2022-01-04,2025-12-31
SKU00419,1196,569333.18,650,30,3,2022-01-01,2025-12-31
SKU00420,2668,1102624.54,1401,30,3,2022-01-03,2025-12-31
SKU00421,1269,61892.2,662,30,3,2022-01-02,2025-12-31
SKU00422,8557,2225543.56,4572,30,3,2022-01-01,2025-12-31
SKU00423,2304,236474.3,1238,30,3,2022-01-01,2025-12-31
SKU00424,1449,525233.11,774,30,3,2022-01-06,2025-12-30
SKU00425,1990,384762.77,1055,30,3,2022-01-02,2025-12-31
SKU00426,9465,5348298.29,5004,30,3,2022-01-01,2025-12-31
SKU00427,2127,578704.62,1121,30,3,2022-01-06,2025-12-31
SKU00428,1866,1322324.23,967,30,3,2022-01-01,2025-12-31
SKU00429,7290,3957357.79,3924,30,3,2022-01-01,2025-12-31
SKU00430,1745,238569.82,946,30,3,2022-01-02,2025-12-31
SKU00431,1551,178460.84,803,30,3,2022-01-01,2025-12-30
SKU00432,6876,12667043.450000001,3607,30,3,2022-01-01,2025-12-31
SKU00433,1311,182441.89,702,30,3,2022-01-09,2025-12-31
SKU00434,1995,384364.36,1052,30,3,2022-01-05,2025-12-28
SKU00435,1408,503968.97,739,30,3,2022-01-01,2025-12-31
SKU00436,2998,411011.77999999997,1596,30,3,2022-01-02,2025-12-30
SKU00437,1287,613510.77,710,30,3,2022-01-07,2025-12-27
SKU00438,1324,110758.71,745,30,3,2022-01-02,2025-12-28
SKU00439,2046,1508755.72,1084,30,3,2022-01-01,2025-12-31
SKU00440,1968,730031.7000000001,1088,30,3,2022-01-01,2025-12-28
SKU00441,1543,3946204.76,819,30,3,2022-01-01,2025-12-29
SKU00442,3337,3446856.4699999997,1763,30,3,2022-01-01,2025-12-31
SKU00443,3687,310361.73,1950,30,3,2022-01-01,2025-12-31
SKU00444,1627,254289.45,845,30,3,2022-01-04,2025-12-29
SKU00445,12025,982484.78,6328,30,3,2022-01-01,2025-12-31
SKU00446,2199,5317117.96,1160,30,3,2022-01-08,2025-12-30
SKU00447,3152,591656.61,1703,30,3,2022-01-05,2025-12-31
SKU00448,2485,3081050.4,1320,30,3,2022-01-02,2025-12-31
SKU00449,1253,1468797.79,649,30,3,2022-01-01,2025-12-31
SKU00450,2161,1669689.6300000001,1141,30,3,2022-01-01,2025-12-30
SKU00451,3343,3352885.32,1811,30,3,2022-01-01,2025-12-31
SKU00452,2005,1797270.73,1070,30,3,2022-01-01,2025-12-31
SKU00453,2227,792200.12,1165,30,3,2022-01-03,2025-12-31
SKU00454,8136,605553.9,4320,30,3,2022-01-01,2025-12-31
SKU00455,2139,2652737.47,1110,30,3,2022-01-01,2025-12-31
SKU00456,3333,915879.02,1737,30,3,2022-01-03,2025-12-31
SKU00457,2649,660894.08,1392,30,3,2022-01-01,2025-12-31
SKU00458,3839,1617992.57,1997,30,3,2022-01-01,2025-12-31
SKU00459,1517,208780.93,790,30,3,2022-01-01,2025-12-29
SKU00460,2754,4009412.84,1452,30,3,2022-01-01,2025-12-31
SKU00461,1645,1049443.66,865,30,3,2022-01-01,2025-12-30
SKU00462,1248,284435.97000000003,637,30,3,2022-01-08,2025-12-30
SKU00463,1610,2583298.84,852,30,3,2022-01-03,2025-12-27
SKU00464,1914,799449.37,1026,30,3,2022-01-01,2025-12-31
SKU00465,3037,4443595.04,1616,30,3,2022-01-01,2025-12-31
SKU00466,1186,1376040.92,684,30,3,2022-01-05,2025-12-31
SKU00467,2925,250366.66,1543,30,3,2022-01-01,2025-12-31
SKU00468,2278,216090.38,1220,30,3,2022-01-03,2025-12-31
SKU00469,2891,413979.82,1521,30,3,2022-01-01,2025-12-31
SKU00470,1978,93789.33,1074,30,3,2022-01-03,2025-12-29
SKU00471,2740,892308.09,1431,30,3,2022-01-01,2025-12-31
SKU00472,1824,589335.34,1021,30,3,2022-01-02,2025-12-30
SKU00473,1972,207252.99,1023,30,3,2022-01-02,2025-12-30
SKU00474,2107,204369.19,1126,30,3,2022-01-01,2025-12-31
SKU00475,4685,3024371.7600000002,2491,30,3,2022-01-01,2025-12-31
SKU00476,2396,459744.04000000004,1250,30,3,2022-01-04,2025-12-31
SKU00477,3206,396289.11000000004,1737,30,3,2022-01-01,2025-12-30
SKU00478,2727,1159187.1700000002,1436,30,3,2022-01-02,2025-12-31
SKU00479,3066,1915479.82,1640,30,3,2022-01-05,2025-12-30
SKU00480,1492,298988.97,766,30,3,2022-01-02,2025-12-30
SKU00481,1506,1891733.81,827,30,3,2022-01-01,2025-12-30
SKU00482,4609,922334.2000000001,2453,30,3,2022-01-02,2025-12-31
SKU00483,2057,350850.73,1101,30,3,2022-01-02,2025-12-31
SKU00484,20917,3510870.92,11205,30,3,2022-01-01,2025-12-31
SKU00485,1995,93738.18,1057,30,3,2022-01-01,2025-12-31
SKU00486,4020,9139762.120000001,2088,30,3,2022-01-02,2025-12-31
SKU00487,3582,704128.29,1944,30,3,2022-01-01,2025-12-31
SKU00488,2172,590366.4,1112,30,3,2022-01-01,2025-12-31
SKU00489,1438,2415802.36,739,30,3,2022-01-03,2025-12-31
SKU00490,1580,360654.08999999997,844,30,3,2022-01-08,2025-12-30
SKU00491,1440,1078100.95,769,30,3,2022-01-02,2025-12-31
SKU00492,2158,2259897.99,1140,30,3,2022-01-03,2025-12-31
SKU00493,1903,690006.97,987,30,3,2022-01-02,2025-12-30
SKU00494,1497,453516.14,807,30,3,2022-01-01,2025-12-31
SKU00495,2203,3479403.92,1194,30,3,2022-01-02,2025-12-31
SKU00496,3500,1030768.63,1872,30,3,2022-01-01,2025-12-31
SKU00497,2563,947016.01,1387,30,3,2022-01-02,2025-12-31
SKU00498,1267,679500.3999999999,677,30,3,2022-01-01,2025-12-31
SKU00499,9888,1008902.09,5243,30,3,2022-01-01,2025-12-31
SKU00500,24221,28402243.4,12809,30,3,2022-01-01,2025-12-31
SKU00501,1195,448927.47000000003,631,30,3,2022-01-01,2025-12-30
SKU00502,1296,1075844.93,687,30,3,2022-01-01,2025-12-27
SKU00503,5632,606525.77,2947,30,3,2022-01-01,2025-12-31
SKU00504,3799,5213392.02,2033,30,3,2022-01-01,2025-12-31
SKU00505,2232,748996.04,1216,30,3,2022-01-01,2025-12-31
SKU00506,14420,4346679.01,7644,30,3,2022-01-01,2025-12-31
SKU00507,1176,1769022.47,660,30,3,2022-01-03,2025-12-28
SKU00508,1723,922633.41,921,30,3,2022-01-01,2025-12-31
SKU00509,3775,833593.65,2012,30,3,2022-01-01,2025-12-31
SKU00510,1351,260813.07,722,30,3,2022-01-02,2025-12-30
SKU00511,1409,228593.37,760,30,3,2022-01-02,2025-12-30
SKU00512,1521,3148324.8200000003,789,30,3,2022-01-01,2025-12-31
SKU00513,1696,371764.85,932,30,3,2022-01-02,2025-12-31
SKU00514,1407,139490.02000000002,747,30,3,2022-01-02,2025-12-31
SKU00515,2054,2444550.61,1075,30,3,2022-01-03,2025-12-31
SKU00516,1301,2605996.8,684,30,3,2022-01-02,2025-12-28
SKU00517,1716,750310.8,943,30,3,2022-01-02,2025-12-31
SKU00518,4007,1397621.29,2122,30,3,2022-01-01,2025-12-31
SKU00519,4950,332390.22000000003,2635,30,3,2022-01-01,2025-12-31
SKU00520,1831,79898.94,1003,30,3,2022-01-01,2025-12-31
SKU00521,1278,347710.86,666,30,3,2022-01-01,2025-12-31
SKU00522,1856,245560.53,996,30,3,2022-01-03,2025-12-30
SKU00523,1536,536303.1,820,30,3,2022-01-01,2025-12-30
SKU00524,1266,418330.28,676,30,3,2022-01-10,2025-12-22
SKU00525,1987,1786704.2,1032,30,3,2022-01-01,2025-12-31
SKU00526,2608,7055789.09,1380,30,3,2022-01-02,2025-12-29
SKU00527,2317,1671722.96,1213,30,3,2022-01-02,2025-12-31
SKU00528,1464,285185.85,766,30,3,2022-01-04,2025-12-31
SKU00529,1511,863739.61,795,30,3,2022-01-02,2025-12-28
SKU00530,3535,219787.52000000002,1896,30,3,2022-01-01,2025-12-31
SKU00531,14089,39055819.85,7557,30,3,2022-01-01,2025-12-31
SKU00532,1167,101997.82,648,30,3,2022-01-08,2025-12-28
SKU00533,1715,184361.58000000002,920,30,3,2022-01-02,2025-12-30
SKU00534,2630,423733.48,1399,30,3,2022-01-01,2025-12-31
SKU00535,1308,231892.57,680,30,3,2022-01-02,2025-12-28
SKU00536,1378,4312330.33,739,30,3,2022-01-03,2025-12-31
SKU00537,1348,230123.28,721,30,3,2022-01-05,2025-12-31
SKU00538,13610,14036138.27,7160,30,3,2022-01-01,2025-12-31
SKU00539,17981,3403377.9299999997,9589,30,3,2022-01-01,2025-12-31
SKU00540,4162,13324668.69,2194,30,3,2022-01-03,2025-12-31
SKU00541,3677,558243.85,1948,30,3,2022-01-01,2025-12-30
SKU00542,2487,3135733.03,1320,30,3,2022-01-02,2025-12-31
SKU00543,1632,530440.87,889,30,3,2022-01-02,2025-12-31
SKU00544,1716,319389.29,922,30,3,2022-01-02,2025-12-31
SKU00545,1964,161954.23,1039,30,3,2022-01-03,2025-12-31
SKU00546,1178,145179.01,630,30,3,2022-01-01,2025-12-31
SKU00547,2387,2639806.3800000004,1255,30,3,2022-01-01,2025-12-30
SKU00548,2890,2467798.66,1518,30,3,2022-01-02,2025-12-31
SKU00549,1557,233733.45,825,30,3,2022-01-11,2025-12-31
SKU00550,1198,158889.56,643,30,3,2022-01-04,2025-12-29
SKU00551,1204,873527.97,643,30,3,2022-01-03,2025-12-31
SKU00552,1765,1283579.22,951,30,3,2022-01-14,2025-12-31
SKU00553,1320,197210.9,699,30,3,2022-01-09,2025-12-29
SKU00554,9974,823510.85,5329,30,3,2022-01-01,2025-12-31
SKU00555,2017,144700.46,1079,30,3,2022-01-04,2025-12-27
SKU00556,1331,1100248.78,707,30,3,2022-01-01,2025-12-30
SKU00557,1611,443071.09,858,30,3,2022-01-03,2025-12-28
SKU00558,2811,2445307.2199999997,1517,30,3,2022-01-01,2025-12-31
SKU00559,1553,174678.57,845,30,3,2022-01-08,2025-12-31
SKU00560,1537,478584.66,810,30,3,2022-01-03,2025-12-31
SKU00561,1872,3451864.04,994,30,3,2022-01-02,2025-12-31
SKU00562,1480,677028.9,795,30,3,2022-01-03,2025-12-31
SKU00563,2407,2534270.1799999997,1301,30,3,2022-01-01,2025-12-31
SKU00564,1553,1934642.9200000002,830,30,3,2022-01-01,2025-12-30
SKU00565,7759,2455867.2399999998,4095,30,3,2022-01-02,2025-12-31
SKU00566,1427,1636057.1,765,30,3,2022-01-01,2025-12-30
SKU00567,1470,735248.9500000001,790,30,3,2022-01-01,2025-12-31
SKU00568,1422,258240.72,759,30,3,2022-01-03,2025-12-29
SKU00569,2641,112233.26,1369,30,3,2022-01-01,2025-12-31
SKU00570,2370,1707945.6300000001,1262,30,3,2022-01-01,2025-12-31
SKU00571,1231,292189.02999999997,672,30,3,2022-01-03,2025-12-30
SKU00572,2251,635744.71,1184,30,3,2022-01-01,2025-12-31
SKU00573,2476,570087.14,1307,30,3,2022-01-01,2025-12-31
SKU00574,1362,153524.34,714,30,3,2022-01-04,2025-12-30
SKU00575,1317,3572880.4899999998,726,30,3,2022-01-07,2025-12-30
SKU00576,1428,169154.72,747,30,3,2022-01-01,2025-12-29
SKU00577,2801,4308906.35,1454,30,3,2022-01-02,2025-12-31
SKU00578,3313,355756.99,1718,30,3,2022-01-03,2025-12-31
SKU00579,1385,496148.27999999997,735,30,3,2022-01-01,2025-12-31
SKU00580,1566,1469720.93,840,30,3,2022-01-02,2025-12-31
SKU00581,2570,3045362.4899999998,1401,30,3,2022-01-02,2025-12-31
SKU00582,1348,148859.77000000002,730,30,3,2022-01-02,2025-12-26
SKU00583,2477,579099.34,1305,30,3,2022-01-01,2025-12-28
SKU00584,1202,2629075.99,622,30,3,2022-01-01,2025-12-29
SKU00585,1277,41873.33,684,30,3,2022-01-02,2025-12-31
SKU00586,1482,3420954.77,785,30,3,2022-01-01,2025-12-30
SKU00587,1370,5836950.680000001,715,30,3,2022-01-02,2025-12-31
SKU00588,1325,239568.86,734,30,3,2022-01-03,2025-12-31
SKU00589,1293,641616.9500000001,674,30,3,2022-01-03,2025-12-27
SKU00590,3873,1487552.94,2056,30,3,2022-01-01,2025-12-31
SKU00591,6251,4205355.06,3300,30,3,2022-01-01,2025-12-31
SKU00592,1236,2554795.18,654,30,3,2022-01-01,2025-12-31
SKU00593,1336,966667.7300000001,711,30,3,2022-01-06,2025-12-31
SKU00594,1525,434745.82999999996,830,30,3,2022-01-01,2025-12-31
SKU00595,7899,19841142.779999997,4190,30,3,2022-01-01,2025-12-31
SKU00596,7119,3143206.64,3799,30,3,2022-01-01,2025-12-31
SKU00597,3336,2053388.5799999998,1751,30,3,2022-01-02,2025-12-31
SKU00598,1260,181525.41999999998,664,30,3,2022-01-04,2025-12-31
SKU00599,7758,340482.02999999997,4163,30,3,2022-01-01,2025-12-31
SKU00600,1598,161755.78,850,30,3,2022-01-02,2025-12-29
SKU00601,3917,765970.94,2083,30,3,2022-01-01,2025-12-31
SKU00602,1499,172836.91,782,30,3,2022-01-01,2025-12-31
SKU00603,2985,250541.48,1563,30,3,2022-01-01,2025-12-31
SKU00604,1737,130672.48,908,30,3,2022-01-02,2025-12-29
SKU00605,8122,3204051.16,4317,30,3,2022-01-01,2025-12-31
SKU00606,2223,1202320.12,1168,30,3,2022-01-03,2025-12-31
SKU00607,1800,4578659.6,953,30,3,2022-01-02,2025-12-31
SKU00608,1336,771248.95,693,30,3,2022-01-02,2025-12-31
SKU00609,2452,311025.26,1287,30,3,2022-01-02,2025-12-30
SKU00610,2233,4086282.86,1191,30,3,2022-01-07,2025-12-31
SKU00611,3579,386116.52,1921,30,3,2022-01-02,2025-12-31
SKU00612,2338,1866734.8599999999,1239,30,3,2022-01-02,2025-12-30
SKU00613,1446,50968.81,789,30,3,2022-01-01,2025-12-31
SKU00614,1673,401434.06,888,30,3,2022-01-02,2025-12-31
SKU00615,1410,818283.75,728,30,3,2022-01-02,2025-12-31
SKU00616,1492,3561027.02,788,30,3,2022-01-01,2025-12-31
SKU00617,1425,1438623.69,756,30,3,2022-01-01,2025-12-27
SKU00618,3216,400342.34,1720,30,3,2022-01-01,2025-12-31
SKU00619,4740,1171931.8599999999,2495,30,3,2022-01-01,2025-12-31
SKU00620,1698,437216.08999999997,883,30,3,2022-01-01,2025-12-31
SKU00621,1663,1610048.52,877,30,3,2022-01-01,2025-12-30
SKU00622,2223,170234.53,1179,30,3,2022-01-06,2025-12-29
SKU00623,3924,1087832.18,2046,30,3,2022-01-01,2025-12-31
SKU00624,2254,4947914.22,1203,30,3,2022-01-01,2025-12-31
SKU00625,3259,1097534.07,1735,30,3,2022-01-01,2025-12-31
SKU00626,1803,444936.91,941,30,3,2022-01-01,2025-12-28
SKU00627,1781,368634.54,963,30,3,2022-01-03,2025-12-31
SKU00628,17314,2206026.12,9226,30,3,2022-01-01,2025-12-31
SKU00629,1434,303088.46,769,30,3,2022-01-02,2025-12-30
SKU00630,1989,2604628.94,1063,30,3,2022-01-02,2025-12-30
SKU00631,1202,1470262.91,658,30,3,2022-01-02,2025-12-31
SKU00632,1647,1533759.64,858,30,3,2022-01-02,2025-12-31
SKU00633,2851,506281.93,1507,30,3,2022-01-01,2025-12-31
SKU00634,1916,115420.71,1068,30,3,2022-01-02,2025-12-31
SKU00635,4188,605194.98,2229,30,3,2022-01-02,2025-12-31
SKU00636,2894,2981498.78,1520,30,3,2022-01-01,2025-12-31
SKU00637,2093,443724.0,1144,30,3,2022-01-02,2025-12-31
SKU00638,1328,1244421.04,700,30,3,2022-01-02,2025-12-29
SKU00639,3368,2714451.1,1799,30,3,2022-01-01,2025-12-31
SKU00640,3187,536672.41,1710,30,3,2022-01-02,2025-12-31
SKU00641,2810,434216.8,1461,30,3,2022-01-02,2025-12-30
SKU00642,3235,1269957.03,1716,30,3,2022-01-03,2025-12-31
SKU00643,5527,2529916.11,3006,30,3,2022-01-01,2025-12-31
SKU00644,3907,3443112.31,2094,30,3,2022-01-01,2025-12-31
SKU00645,1186,328949.5,629,30,3,2022-01-01,2025-12-26
SKU00646,2895,624518.43,1535,30,3,2022-01-02,2025-12-31
SKU00647,1421,306644.48,752,30,3,2022-01-03,2025-12-31
SKU00648,1867,384623.82,977,30,3,2022-01-04,2025-12-27
SKU00649,1168,355783.37,651,30,3,2022-01-04,2025-12-28
SKU00650,1250,334664.39,685,30,3,2022-01-01,2025-12-31
SKU00651,1416,464789.52,774,30,3,2022-01-03,2025-12-30
SKU00652,1693,170501.63,895,30,3,2022-01-02,2025-12-29
SKU00653,2791,2160988.96,1444,30,3,2022-01-01,2025-12-31
SKU00654,1222,83700.91,638,30,3,2022-01-05,2025-12-30
SKU00655,1367,1511985.18,720,30,3,2022-01-03,2025-12-31
SKU00656,1767,3097661.99,961,30,3,2022-01-02,2025-12-30
SKU00657,2101,1028175.33,1133,30,3,2022-01-01,2025-12-31
SKU00658,1523,215081.27000000002,826,30,3,2022-01-02,2025-12-31
SKU00659,1767,477038.01,953,30,3,2022-01-01,2025-12-31
SKU00660,2567,723389.26,1340,30,3,2022-01-01,2025-12-30
SKU00661,1422,122216.78,756,30,3,2022-01-01,2025-12-31
SKU00662,1246,421641.00999999995,695,30,3,2022-01-02,2025-12-29
SKU00663,1708,1760472.55,885,30,3,2022-01-02,2025-12-31
SKU00664,1914,332173.09,1012,30,3,2022-01-07,2025-12-29
SKU00665,1655,1854956.45,869,30,3,2022-01-02,2025-12-31
SKU00666,1516,2575465.48,799,30,3,2022-01-02,2025-12-29
SKU00667,1402,749378.97,754,30,3,2022-01-01,2025-12-31
SKU00668,4976,1018905.0599999999,2663,30,3,2022-01-01,2025-12-31
SKU00669,3011,1768600.21,1637,30,3,2022-01-01,2025-12-31
SKU00670,1797,182695.78,935,30,3,2022-01-01,2025-12-31
SKU00671,3825,1121598.78,2051,30,3,2022-01-01,2025-12-31
SKU00672,7294,5185944.0,3911,30,3,2022-01-01,2025-12-31
SKU00673,1883,245302.32,988,30,3,2022-01-01,2025-12-28
SKU00674,1711,1179633.3,934,30,3,2022-01-05,2025-12-31
SKU00675,1513,1341983.1300000001,805,30,3,2022-01-01,2025-12-30
SKU00676,2290,182865.66,1228,30,3,2022-01-03,2025-12-31
SKU00677,2148,6574670.91,1134,30,3,2022-01-01,2025-12-31
SKU00678,6022,3534051.9899999998,3227,30,3,2022-01-01,2025-12-31
SKU00679,1311,539952.24,695,30,3,2022-01-05,2025-12-31
SKU00680,5590,805363.7,2971,30,3,2022-01-01,2025-12-31
SKU00681,1580,120533.48,841,30,3,2022-01-03,2025-12-31
SKU00682,1325,171501.97999999998,674,30,3,2022-01-04,2025-12-31
SKU00683,1474,341602.09,762,30,3,2022-01-03,2025-12-31
SKU00684,1335,146092.65,742,30,3,2022-01-01,2025-12-31
SKU00685,11286,27098382.79,6059,30,3,2022-01-01,2025-12-31
SKU00686,9309,10883756.51,4961,30,3,2022-01-02,2025-12-31
SKU00687,7297,7979235.4399999995,3838,30,3,2022-01-01,2025-12-31
SKU00688,1461,299101.42,790,30,3,2022-01-02,2025-12-29
SKU00689,1749,226236.29,956,30,3,2022-01-04,2025-12-31
SKU00690,5674,2563834.33,3046,30,3,2022-01-01,2025-12-31
SKU00691,1215,419555.35000000003,655,30,3,2022-01-03,2025-12-29
SKU00692,21657,4794638.04,11450,30,3,2022-01-01,2025-12-31
SKU00693,3464,3389691.58,1864,30,3,2022-01-01,2025-12-31
SKU00694,6414,1071883.49,3406,30,3,2022-01-01,2025-12-31
SKU00695,1618,395920.5,831,30,3,2022-01-04,2025-12-30
SKU00696,2826,647896.38,1501,30,3,2022-01-01,2025-12-31
SKU00697,1390,230935.73,754,30,3,2022-01-03,2025-12-31
SKU00698,2209,475659.93,1162,30,3,2022-01-02,2025-12-31
SKU00699,1191,626334.45,633,30,3,2022-01-01,2025-12-30
SKU00700,1490,1130647.22,813,30,3,2022-01-06,2025-12-29
SKU00701,2150,79658.73,1161,30,3,2022-01-03,2025-12-28
SKU00702,3475,5236555.68,1810,30,3,2022-01-01,2025-12-31
SKU00703,2105,308244.36,1115,30,3,2022-01-01,2025-12-31
SKU00704,1342,178437.85,690,30,3,2022-01-05,2025-12-31
SKU00705,1334,108957.84,719,30,3,2022-01-05,2025-12-29
SKU00706,1280,1195697.93,693,30,3,2022-01-03,2025-12-29
SKU00707,2395,127245.82,1260,30,3,2022-01-03,2025-12-31
SKU00708,1707,175764.31,936,30,3,2022-01-01,2025-12-31
SKU00709,1659,3497474.2600000002,876,30,3,2022-01-01,2025-12-27
SKU00710,4200,6075462.93,2193,30,3,2022-01-01,2025-12-31
SKU00711,3367,341264.12,1772,30,3,2022-01-02,2025-12-30
SKU00712,1424,325993.99,793,30,3,2022-01-03,2025-12-31
SKU00713,1336,197826.86000000002,727,30,3,2022-01-01,2025-12-30
SKU00714,3828,5935515.84,2032,30,3,2022-01-02,2025-12-31
SKU00715,2153,3167369.72,1150,30,3,2022-01-04,2025-12-31
SKU00716,2108,3237825.86,1110,30,3,2022-01-03,2025-12-29
SKU00717,1602,3167945.8,848,30,3,2022-01-03,2025-12-31
SKU00718,4599,4334486.21,2440,30,3,2022-01-01,2025-12-31
SKU00719,2070,466386.66,1109,30,3,2022-01-01,2025-12-31
SKU00720,1375,427377.34,743,30,3,2022-01-04,2025-12-30
SKU00721,1294,225142.56000000003,684,30,3,2022-01-09,2025-12-28
SKU00722,2119,141108.77000000002,1127,30,3,2022-01-01,2025-12-31
SKU00723,2163,447696.63,1154,30,3,2022-01-01,2025-12-30
SKU00724,2949,192764.5,1567,30,3,2022-01-02,2025-12-30
SKU00725,1327,2183948.0100000002,689,30,3,2022-01-01,2025-12-30
SKU00726,3335,3093132.62,1772,30,3,2022-01-01,2025-12-31
SKU00727,2710,1495325.74,1427,30,3,2022-01-01,2025-12-31
SKU00728,15182,50755354.230000004,8160,30,3,2022-01-01,2025-12-31
SKU00729,6416,1462857.5899999999,3510,30,3,2022-01-01,2025-12-31
SKU00730,2207,2431356.02,1175,30,3,2022-01-01,2025-12-30
SKU00731,6664,514385.29,3553,30,3,2022-01-01,2025-12-30
SKU00732,1356,1034357.07,703,30,3,2022-01-04,2025-12-31
SKU00733,1939,797653.36,1028,30,3,2022-01-09,2025-12-31
SKU00734,1366,70356.42,726,30,3,2022-01-04,2025-12-31
SKU00735,1530,3671192.5300000003,787,30,3,2022-01-05,2025-12-31
SKU00736,1740,3068766.38,928,30,3,2022-01-01,2025-12-31
SKU00737,7334,2973652.82,3867,30,3,2022-01-01,2025-12-31
SKU00738,3157,323711.47,1678,30,3,2022-01-02,2025-12-30
SKU00739,2258,695844.1,1202,30,3,2022-01-04,2025-12-31
SKU00740,1295,184844.81,682,30,3,2022-01-10,2025-12-29
SKU00741,1495,159550.18,803,30,3,2022-01-01,2025-12-31
SKU00742,2590,6163597.0200000005,1360,30,3,2022-01-01,2025-12-31
SKU00743,5557,3972153.26,2961,30,3,2022-01-02,2025-12-31
SKU00744,1750,306051.99,932,30,3,2022-01-01,2025-12-31
SKU00745,2032,6846037.28,1071,30,3,2022-01-01,2025-12-31
SKU00746,2260,2167611.75,1196,30,3,2022-01-02,2025-12-31
SKU00747,2189,1658718.1,1150,30,3,2022-01-04,2025-12-31
SKU00748,1414,572941.26,752,30,3,2022-01-01,2025-12-31
SKU00749,1139,158795.09,641,30,3,2022-01-03,2025-12-31
SKU00750,1730,1665778.2200000002,946,30,3,2022-01-04,2025-12-31
SKU00751,2609,221574.6,1378,30,3,2022-01-03,2025-12-31
SKU00752,1699,659317.53,899,30,3,2022-01-01,2025-12-31
SKU00753,2455,414867.52,1290,30,3,2022-01-03,2025-12-31
SKU00754,3501,8655712.62,1893,30,3,2022-01-02,2025-12-31
SKU00755,2551,290645.67,1351,30,3,2022-01-01,2025-12-31
SKU00756,3744,9264225.08,2025,30,3,2022-01-02,2025-12-30
SKU00757,1858,342416.33,996,30,3,2022-01-02,2025-12-31
SKU00758,1334,135902.25,713,30,3,2022-01-06,2025-12-30
SKU00759,1817,827781.8300000001,984,30,3,2022-01-10,2025-12-31
SKU00760,2352,118998.79,1281,30,3,2022-01-01,2025-12-30
SKU00761,1489,740975.5599999999,790,30,3,2022-01-02,2025-12-30
SKU00762,4810,763850.2799999999,2569,30,3,2022-01-03,2025-12-31
SKU00763,1432,499646.82999999996,765,30,3,2022-01-03,2025-12-29
SKU00764,1471,43327.19,784,30,3,2022-01-02,2025-12-31
SKU00765,1845,1522692.65,990,30,3,2022-01-02,2025-12-29
SKU00766,2285,641382.77,1236,30,3,2022-01-02,2025-12-31
SKU00767,1286,358839.05,700,30,3,2022-01-03,2025-12-31
SKU00768,2517,1962195.89,1343,30,3,2022-01-02,2025-12-31
SKU00769,2208,499348.22000000003,1160,30,3,2022-01-01,2025-12-30
SKU00770,3801,3561603.94,2012,30,3,2022-01-01,2025-12-31
SKU00771,1418,683757.31,748,30,3,2022-01-03,2025-12-31
SKU00772,2937,805289.56,1586,30,3,2022-01-01,2025-12-31
SKU00773,1354,179261.26,727,30,3,2022-01-09,2025-12-30
SKU00774,23352,2067595.23,12442,30,3,2022-01-01,2025-12-31
SKU00775,1222,60612.65,660,30,3,2022-01-04,2025-12-31
SKU00776,2374,209847.34,1280,30,3,2022-01-01,2025-12-31
SKU00777,1755,645543.5,935,30,3,2022-01-05,2025-12-31
SKU00778,2525,696292.05,1326,30,3,2022-01-01,2025-12-31
SKU00779,3292,2063539.1500000001,1752,30,3,2022-01-01,2025-12-31
SKU00780,1846,1008244.52,997,30,3,2022-01-02,2025-12-30
SKU00781,3154,1375422.6199999999,1634,30,3,2022-01-01,2025-12-31
SKU00782,6350,10302639.860000001,3381,30,3,2022-01-01,2025-12-31
SKU00783,1461,268424.37,767,30,3,2022-01-01,2025-12-29
SKU00784,3406,1268732.7,1797,30,3,2022-01-01,2025-12-29
SKU00785,1400,358830.41000000003,742,30,3,2022-01-02,2025-12-30
SKU00786,1660,608938.47,853,30,3,2022-01-01,2025-12-29
SKU00787,2625,328809.11,1375,30,3,2022-01-01,2025-12-30
SKU00788,1342,111496.37999999999,720,30,3,2022-01-01,2025-12-29
SKU00789,2189,748070.9,1172,30,3,2022-01-03,2025-12-30
SKU00790,3928,1586533.94,2127,30,3,2022-01-01,2025-12-31
SKU00791,2507,1337937.8699999999,1355,30,3,2022-01-02,2025-12-30
SKU00792,2142,1326741.52,1116,30,3,2022-01-04,2025-12-31
SKU00793,4882,4777096.260000001,2552,30,3,2022-01-01,2025-12-31
SKU00794,1863,212749.68,1013,30,3,2022-01-08,2025-12-30
SKU00795,2718,131641.52,1425,30,3,2022-01-02,2025-12-30
SKU00796,2806,270871.10000000003,1457,30,3,2022-01-01,2025-12-31
SKU00797,1459,163173.66,763,30,3,2022-01-02,2025-12-31
SKU00798,2080,272266.92,1105,30,3,2022-01-01,2025-12-29
SKU00799,2037,315891.3,1067,30,3,2022-01-02,2025-12-30
SKU00800,1568,305289.91000000003,805,30,3,2022-01-02,2025-12-31
SKU00801,1974,154789.93,1055,30,3,2022-01-02,2025-12-30
SKU00802,3891,722562.38,2058,30,3,2022-01-01,2025-12-31
SKU00803,1446,1891168.82,763,30,3,2022-01-01,2025-12-30
SKU00804,2522,288458.28,1380,30,3,2022-01-02,2025-12-31
SKU00805,4150,3690469.23,2216,30,3,2022-01-01,2025-12-31
SKU00806,1610,281620.94,867,30,3,2022-01-03,2025-12-31
SKU00807,1410,563542.4,732,30,3,2022-01-01,2025-12-22
SKU00808,1417,1615688.75,786,30,3,2022-01-01,2025-12-31
SKU00809,1992,101681.0,1076,30,3,2022-01-03,2025-12-31
SKU00810,1586,323419.57,859,30,3,2022-01-07,2025-12-31
SKU00811,2057,215443.23,1080,30,3,2022-01-04,2025-12-31
SKU00812,4708,3534675.46,2552,30,3,2022-01-02,2025-12-31
SKU00813,3991,6893553.68,2104,30,3,2022-01-01,2025-12-31
SKU00814,1307,94533.21,675,30,3,2022-01-03,2025-12-31
SKU00815,1351,55501.39,714,30,3,2022-01-02,2025-12-30
SKU00816,1899,297875.68,1036,30,3,2022-01-03,2025-12-31
SKU00817,1956,2567920.68,1036,30,3,2022-01-02,2025-12-30
SKU00818,1386,470758.05,740,30,3,2022-01-04,2025-12-31
SKU00819,3848,678264.47,2020,30,3,2022-01-07,2025-12-31
SKU00820,1595,724101.7,840,30,3,2022-01-03,2025-12-29
SKU00821,1285,248417.9,681,30,3,2022-01-03,2025-12-30
SKU00822,1395,449788.88,759,30,3,2022-01-11,2025-12-24
SKU00823,11922,2072400.1,6352,30,3,2022-01-01,2025-12-31
SKU00824,2629,978216.97,1412,30,3,2022-01-02,2025-12-31
SKU00825,1633,120802.51000000001,869,30,3,2022-01-01,2025-12-23
SKU00826,1330,231932.69,698,30,3,2022-01-03,2025-12-31
SKU00827,1649,301328.89999999997,907,30,3,2022-01-02,2025-12-29
SKU00828,1374,715124.8200000001,755,30,3,2022-01-03,2025-12-30
SKU00829,2286,1392046.3,1211,30,3,2022-01-01,2025-12-29
SKU00830,11630,3153230.6,6215,30,3,2022-01-01,2025-12-31
SKU00831,3660,3266753.71,1926,30,3,2022-01-01,2025-12-31
SKU00832,11333,10081228.7,6042,30,3,2022-01-01,2025-12-31
SKU00833,3317,1017813.18,1752,30,3,2022-01-02,2025-12-31
SKU00834,1485,1064198.1099999999,786,30,3,2022-01-01,2025-12-31
SKU00835,2193,1728104.29,1173,30,3,2022-01-03,2025-12-31
SKU00836,8468,6103210.34,4531,30,3,2022-01-01,2025-12-31
SKU00837,1244,162348.06,674,30,3,2022-01-02,2025-12-29
SKU00838,1900,531642.54,986,30,3,2022-01-01,2025-12-31
SKU00839,1796,140201.67,946,30,3,2022-01-03,2025-12-31
SKU00840,1660,4357884.68,893,30,3,2022-01-01,2025-12-31
SKU00841,1629,914437.2999999999,863,30,3,2022-01-02,2025-12-31
SKU00842,1458,302703.06,805,30,3,2022-01-02,2025-12-30
SKU00843,1423,161423.25,758,30,3,2022-01-03,2025-12-31
SKU00844,2608,611618.53,1367,30,3,2022-01-02,2025-12-31
SKU00845,43571,27537486.080000002,23194,30,3,2022-01-01,2025-12-31
SKU00846,2515,1622782.67,1337,30,3,2022-01-03,2025-12-30
SKU00847,4836,1818233.06,2608,30,3,2022-01-01,2025-12-31
SKU00848,1341,888988.07,722,30,3,2022-01-03,2025-12-31
SKU00849,2473,245679.52,1320,30,3,2022-01-01,2025-12-31
SKU00850,1506,1202532.44,810,30,3,2022-01-01,2025-12-31
SKU00851,2561,5185040.52,1374,30,3,2022-01-01,2025-12-31
SKU00852,1766,1440561.49,930,30,3,2022-01-03,2025-12-31
SKU00853,1427,1073839.46,755,30,3,2022-01-18,2025-12-29
SKU00854,4092,5499689.3100000005,2179,30,3,2022-01-01,2025-12-31
SKU00855,1188,158528.00999999998,640,30,3,2022-01-02,2025-12-28
SKU00856,1683,202134.21,877,30,3,2022-01-01,2025-12-31
SKU00857,2236,948419.9400000001,1187,30,3,2022-01-04,2025-12-30
SKU00858,1244,822373.54,667,30,3,2022-01-05,2025-12-31
SKU00859,1575,3337128.71,831,30,3,2022-01-05,2025-12-31
SKU00860,1214,785546.07,640,30,3,2022-01-06,2025-12-30
SKU00861,7215,1318773.83,3799,30,3,2022-01-01,2025-12-31
SKU00862,4446,7157724.54,2379,30,3,2022-01-01,2025-12-31
SKU00863,1669,290102.4,918,30,3,2022-01-01,2025-12-31
SKU00864,4766,993700.5199999999,2531,30,3,2022-01-01,2025-12-31
SKU00865,3140,1064898.0,1681,30,3,2022-01-02,2025-12-30
SKU00866,2102,2593029.86,1131,30,3,2022-01-02,2025-12-31
SKU00867,1584,286868.44,843,30,3,2022-01-01,2025-12-29
SKU00868,1628,214838.75999999998,874,30,3,2022-01-02,2025-12-30
SKU00869,1603,300916.35,831,30,3,2022-01-04,2025-12-30
SKU00870,2252,573478.88,1202,30,3,2022-01-06,2025-12-31
SKU00871,1651,621918.46,891,30,3,2022-01-01,2025-12-31
SKU00872,3239,649492.97,1733,30,3,2022-01-01,2025-12-31
SKU00873,1579,2542976.88,857,30,3,2022-01-01,2025-12-31
SKU00874,1315,1059374.53,698,30,3,2022-01-03,2025-12-31
SKU00875,4371,6296771.15,2290,30,3,2022-01-01,2025-12-31
SKU00876,1379,120731.48,719,30,3,2022-01-01,2025-12-31
SKU00877,2703,396211.63,1462,30,3,2022-01-02,2025-12-31
SKU00878,1974,169854.59,1033,30,3,2022-01-05,2025-12-31
SKU00879,1679,1015322.2,851,30,3,2022-01-02,2025-12-31
SKU00880,1396,727932.4,775,30,3,2022-01-05,2025-12-31
SKU00881,2100,792486.83,1093,30,3,2022-01-03,2025-12-31
SKU00882,4274,292105.75,2269,30,3,2022-01-01,2025-12-31
SKU00883,2803,8225290.08,1532,30,3,2022-01-01,2025-12-31
SKU00884,2084,391698.62,1082,30,3,2022-01-06,2025-12-29
SKU00885,3253,567625.52,1740,30,3,2022-01-02,2025-12-31
SKU00886,7159,10177821.75,3805,30,3,2022-01-01,2025-12-31
SKU00887,3190,1386971.77,1649,30,3,2022-01-03,2025-12-28
SKU00888,3516,803455.9099999999,1849,30,3,2022-01-01,2025-12-31
SKU00889,1932,794930.39,1013,30,3,2022-01-01,2025-12-31
SKU00890,1248,632320.1799999999,665,30,3,2022-01-02,2025-12-31
SKU00891,6008,5072565.42,3201,30,3,2022-01-01,2025-12-31
SKU00892,1422,2244288.1999999997,747,30,3,2022-01-08,2025-12-31
SKU00893,27768,18033504.6,14727,30,3,2022-01-01,2025-12-31
SKU00894,1310,431496.14999999997,680,30,3,2022-01-02,2025-12-27
SKU00895,1375,2641489.11,724,30,3,2022-01-03,2025-12-31
SKU00896,7719,1395452.36,4109,30,3,2022-01-01,2025-12-31
SKU00897,1791,149328.80000000002,941,30,3,2022-01-04,2025-12-31
SKU00898,2435,2207019.0500000003,1305,30,3,2022-01-04,2025-12-31
SKU00899,1796,3425326.93,979,30,3,2022-01-01,2025-12-31
SKU00900,1725,137231.57,893,30,3,2022-01-04,2025-12-30
SKU00901,5408,3340904.91,2874,30,3,2022-01-01,2025-12-31
SKU00902,3501,1768875.7,1861,30,3,2022-01-04,2025-12-31
SKU00903,5944,2327771.77,3154,30,3,2022-01-03,2025-12-31
SKU00904,2200,335444.13,1157,30,3,2022-01-04,2025-12-30
SKU00905,2045,473947.38,1077,30,3,2022-01-03,2025-12-31
SKU00906,1212,114282.23,646,30,3,2022-01-02,2025-12-31
SKU00907,1474,507184.92000000004,779,30,3,2022-01-08,2025-12-31
SKU00908,5498,10854988.36,2959,30,3,2022-01-01,2025-12-31
SKU00909,2869,1098673.88,1561,30,3,2022-01-04,2025-12-31
SKU00910,8277,2432909.08,4426,30,3,2022-01-01,2025-12-31
SKU00911,1965,2850025.79,1016,30,3,2022-01-02,2025-12-31
SKU00912,4369,5066357.36,2286,30,3,2022-01-01,2025-12-31
SKU00913,2462,177505.49,1324,30,3,2022-01-01,2025-12-31
SKU00914,1488,4782573.02,804,30,3,2022-01-03,2025-12-28
SKU00915,2669,1912678.58,1419,30,3,2022-01-01,2025-12-31
SKU00916,1417,357478.07999999996,755,30,3,2022-01-05,2025-12-30
SKU00917,7781,1334757.89,4139,30,3,2022-01-01,2025-12-31
SKU00918,3357,4828544.97,1799,30,3,2022-01-01,2025-12-31
SKU00919,3769,2041833.78,1989,30,3,2022-01-04,2025-12-31
SKU00920,29499,3151613.13,15600,30,3,2022-01-01,2025-12-31
SKU00921,8159,25799063.37,4306,30,3,2022-01-01,2025-12-31
SKU00922,2179,122017.75,1146,30,3,2022-01-01,2025-12-31
SKU00923,1311,1485451.29,714,30,3,2022-01-01,2025-12-30
SKU00924,2795,1057283.3,1499,30,3,2022-01-04,2025-12-31
SKU00925,2538,473432.56,1319,30,3,2022-01-01,2025-12-31
SKU00926,3117,836330.55,1683,30,3,2022-01-02,2025-12-31
SKU00927,1781,2665296.59,938,30,3,2022-01-02,2025-12-30
SKU00928,2010,238475.01,1031,30,3,2022-01-02,2025-12-30
SKU00929,17764,2637525.31,9425,30,3,2022-01-01,2025-12-31
SKU00930,1688,871655.41,876,30,3,2022-01-02,2025-12-31
SKU00931,2099,731310.1699999999,1107,30,3,2022-01-01,2025-12-31
SKU00932,1279,238827.16,706,30,3,2022-01-19,2025-12-31
SKU00933,1803,183454.03,946,30,3,2022-01-03,2025-12-30
SKU00934,3098,3006256.67,1654,30,3,2022-01-04,2025-12-31
SKU00935,1245,126434.37999999999,676,30,3,2022-01-04,2025-12-31
SKU00936,1180,1967454.23,647,30,3,2022-01-10,2025-12-27
SKU00937,3359,2389989.6,1779,30,3,2022-01-03,2025-12-31
SKU00938,3850,171268.9,2052,30,3,2022-01-01,2025-12-31
SKU00939,1516,1070306.32,832,30,3,2022-01-01,2025-12-31
SKU00940,4653,641537.79,2483,30,3,2022-01-02,2025-12-30
SKU00941,1676,1075263.38,919,30,3,2022-01-04,2025-12-31
SKU00942,72378,11852105.52,38236,30,3,2022-01-01,2025-12-31
SKU00943,1432,2783962.08,771,30,3,2022-01-08,2025-12-31
SKU00944,1404,952486.71,753,30,3,2022-01-01,2025-12-30
SKU00945,11093,1368213.52,5874,30,3,2022-01-01,2025-12-31
SKU00946,1510,579381.34,805,30,3,2022-01-08,2025-12-27
SKU00947,2236,1322555.5,1177,30,3,2022-01-05,2025-12-30
SKU00948,1524,2942507.75,814,30,3,2022-01-02,2025-12-31
SKU00949,2592,506340.64,1420,30,3,2022-01-01,2025-12-31
SKU00950,1437,310809.73,747,30,3,2022-01-02,2025-12-31
SKU00951,1883,905858.21,972,30,3,2022-01-04,2025-12-28
SKU00952,9578,2619234.81,5066,30,3,2022-01-01,2025-12-31
SKU00953,115660,29733996.37,61300,30,3,2022-01-01,2025-12-31
SKU00954,1181,234412.37,632,30,3,2022-01-01,2025-12-29
SKU00955,1333,455021.05,707,30,3,2022-01-03,2025-12-30
SKU00956,1367,99559.35,727,30,3,2022-01-01,2025-12-31
SKU00957,1463,219356.86000000002,778,30,3,2022-01-05,2025-12-29
SKU00958,1303,378359.54,650,30,3,2022-01-01,2025-12-31
SKU00959,3039,94224.06999999999,1651,30,3,2022-01-01,2025-12-31
SKU00960,2005,325147.44,1058,30,3,2022-01-02,2025-12-31
SKU00961,1462,826399.07,752,30,3,2022-01-02,2025-12-30
SKU00962,1841,210161.0,975,30,3,2022-01-01,2025-12-31
SKU00963,1301,133491.25,686,30,3,2022-01-10,2025-12-30
SKU00964,2321,498403.01,1217,30,3,2022-01-01,2025-12-29
SKU00965,1216,105000.43000000001,665,30,3,2022-01-02,2025-12-28
SKU00966,3576,1219830.71,1892,30,3,2022-01-01,2025-12-31
SKU00967,1359,81445.71,719,30,3,2022-01-02,2025-12-31
SKU00968,1526,255870.4,844,30,3,2022-01-01,2025-12-27
SKU00969,1627,3010754.55,863,30,3,2022-01-03,2025-12-31
SKU00970,4393,1459312.4,2351,30,3,2022-01-02,2025-12-31
SKU00971,1709,264379.96,896,30,3,2022-01-05,2025-12-30
SKU00972,1191,259949.57,646,30,3,2022-01-11,2025-12-28
SKU00973,1325,187050.69999999998,696,30,3,2022-01-03,2025-12-28
SKU00974,16511,723977.67,8744,30,3,2022-01-01,2025-12-31
SKU00975,2097,4004947.27,1104,30,3,2022-01-06,2025-12-31
SKU00976,17472,4374643.0200000005,9216,30,3,2022-01-01,2025-12-31
SKU00977,2137,1833690.11,1144,30,3,2022-01-03,2025-12-31
SKU00978,1285,632505.0,681,30,3,2022-01-01,2025-12-30
SKU00979,1984,735790.38,1034,30,3,2022-01-04,2025-12-30
SKU00980,8222,5619712.61,4403,30,3,2022-01-01,2025-12-31
SKU00981,1917,594846.12,1019,30,3,2022-01-02,2025-12-31
SKU00982,10837,15029675.049999999,5792,30,3,2022-01-01,2025-12-31
SKU00983,2219,2664253.35,1193,30,3,2022-01-06,2025-12-31
SKU00984,1672,2800125.58,891,30,3,2022-01-02,2025-12-31
SKU00985,1475,1396361.02,811,30,3,2022-01-04,2025-12-31
SKU00986,1203,114489.04,652,30,3,2022-01-01,2025-12-31
SKU00987,1290,1962314.96,654,30,3,2022-01-03,2025-12-30
SKU00988,3770,805138.6699999999,2034,30,3,2022-01-03,2025-12-30
SKU00989,1815,3019794.5,973,30,3,2022-01-01,2025-12-30
SKU00990,3362,1540357.11,1811,30,3,2022-01-03,2025-12-31
SKU00991,1335,283885.25,713,30,3,2022-01-02,2025-12-31
SKU00992,1949,344584.6,1019,30,3,2022-01-03,2025-12-31
SKU00993,2892,630356.54,1551,30,3,2022-01-02,2025-12-31
SKU00994,95979,53854051.53,50839,30,3,2022-01-01,2025-12-31
SKU00995,2653,590835.1799999999,1406,30,3,2022-01-03,2025-12-31
SKU00996,15884,1770361.6199999999,8482,30,3,2022-01-01,2025-12-31
SKU00997,2878,760453.4099999999,1534,30,3,2022-01-01,2025-12-31
SKU00998,2701,5788172.07,1421,30,3,2022-01-05,2025-12-31
SKU00999,1932,1523317.59,1034,30,3,2022-01-07,2025-12-26
SKU01000,2127,820082.43,1144,30,3,2022-01-01,2025-12-31
SKU01001,1846,864398.38,986,30,3,2022-01-05,2025-12-28
SKU01002,1636,392770.92000000004,871,30,3,2022-01-03,2025-12-31
SKU01003,3566,1097200.43,1888,30,3,2022-01-01,2025-12-31
SKU01004,2143,4678446.9399999995,1131,30,3,2022-01-04,2025-12-31
SKU01005,1328,266341.69,694,30,3,2022-01-01,2025-12-31
SKU01006,2527,991139.75,1377,30,3,2022-01-02,2025-12-31
SKU01007,3170,316959.20999999996,1693,30,3,2022-01-02,2025-12-31
SKU01008,2016,1560205.0,1081,30,3,2022-01-05,2025-12-31
SKU01009,19361,4060771.31,10297,30,3,2022-01-01,2025-12-31
SKU01010,3328,1378022.0,1786,30,3,2022-01-01,2025-12-31
SKU01011,2958,1528174.4400000002,1575,30,3,2022-01-01,2025-12-30
SKU01012,1452,135042.41999999998,777,30,3,2022-01-01,2025-12-28
SKU01013,2237,2005532.15,1184,30,3,2022-01-05,2025-12-31
SKU01014,8008,2077043.24,4306,30,3,2022-01-01,2025-12-31
SKU01015,2090,838548.16,1122,30,3,2022-01-05,2025-12-30
SKU01016,2168,199109.45,1176,30,3,2022-01-03,2025-12-31
SKU01017,1282,488040.48,697,30,3,2022-01-03,2025-12-31
SKU01018,7481,1706653.59,3986,30,3,2022-01-02,2025-12-31
SKU01019,1917,517398.36000000004,1001,30,3,2022-01-01,2025-12-31
SKU01020,1676,238531.5,917,30,3,2022-01-03,2025-12-31
SKU01021,13305,15506172.39,7089,30,3,2022-01-01,2025-12-31
SKU01022,1501,1212001.58,814,30,3,2022-01-01,2025-12-30
SKU01023,1340,660021.9299999999,707,30,3,2022-01-18,2025-12-31
SKU01024,1706,249824.69999999998,905,30,3,2022-01-01,2025-12-30
SKU01025,1479,162063.91,790,30,3,2022-01-01,2025-12-28
SKU01026,1618,606875.57,843,30,3,2022-01-07,2025-12-31
SKU01027,10987,848891.13,5829,30,3,2022-01-01,2025-12-31
SKU01028,1585,176702.08,844,30,3,2022-01-02,2025-12-29
SKU01029,1365,116231.18,715,30,3,2022-01-01,2025-12-30
SKU01030,21957,4586552.19,11692,30,3,2022-01-01,2025-12-31
SKU01031,1190,748431.62,654,30,3,2022-01-04,2025-12-31
SKU01032,1275,289732.60000000003,662,30,3,2022-01-04,2025-12-30
SKU01033,1742,2667775.82,910,30,3,2022-01-02,2025-12-31
SKU01034,1333,400192.37,692,30,3,2022-01-06,2025-12-31
SKU01035,3391,1166946.89,1777,30,3,2022-01-02,2025-12-31
SKU01036,2107,261206.50999999998,1126,30,3,2022-01-01,2025-12-31
SKU01037,28993,4825698.04,15479,30,3,2022-01-01,2025-12-31
SKU01038,1232,1539244.5999999999,648,30,3,2022-01-03,2025-12-31
SKU01039,2033,802590.7000000001,1081,30,3,2022-01-04,2025-12-29
SKU01040,1664,590736.03,849,30,3,2022-01-02,2025-12-28
SKU01041,6619,2463467.65,3588,30,3,2022-01-01,2025-12-31
SKU01042,1227,89172.36,652,30,3,2022-01-01,2025-12-31
SKU01043,1990,166680.69999999998,1058,30,3,2022-01-02,2025-12-31
SKU01044,2198,5353119.319999999,1168,30,3,2022-01-04,2025-12-31
SKU01045,57354,24438230.79,30445,30,3,2022-01-01,2025-12-31
SKU01046,1235,814337.66,647,30,3,2022-01-05,2025-12-30
SKU01047,1541,1115952.25,814,30,3,2022-01-01,2025-12-30
SKU01048,21700,1959181.52,11626,30,3,2022-01-01,2025-12-31
SKU01049,1360,1122699.77,743,30,3,2022-01-01,2025-12-31
SKU01050,1585,1862820.1099999999,838,30,3,2022-01-04,2025-12-31
SKU01051,2218,2314443.32,1182,30,3,2022-01-01,2025-12-30
SKU01052,1257,244029.88,670,30,3,2022-01-07,2025-12-28
SKU01053,1628,79963.41,864,30,3,2022-01-02,2025-12-29
SKU01054,2488,1340113.27,1310,30,3,2022-01-02,2025-12-31
SKU01055,1314,1133443.9,702,30,3,2022-01-02,2025-12-31
SKU01056,2098,4783122.2,1083,30,3,2022-01-01,2025-12-31
SKU01057,2657,630070.1900000001,1389,30,3,2022-01-02,2025-12-31
SKU01058,1586,951348.7,818,30,3,2022-01-01,2025-12-25
SKU01059,3040,505976.78,1613,30,3,2022-01-01,2025-12-31
SKU01060,1908,310384.02,993,30,3,2022-01-02,2025-12-31
SKU01061,1486,1108334.59,777,30,3,2022-01-02,2025-12-30
SKU01062,1376,755776.5700000001,751,30,3,2022-01-01,2025-12-29
SKU01063,1182,114015.17,649,30,3,2022-01-03,2025-12-28
SKU01064,2255,442627.26,1200,30,3,2022-01-01,2025-12-30
SKU01065,1530,146549.69,825,30,3,2022-01-04,2025-12-31
SKU01066,2225,105050.29,1206,30,3,2022-01-05,2025-12-31
SKU01067,3979,1609429.54,2141,30,3,2022-01-01,2025-12-31
SKU01068,1237,2549221.5,670,30,3,2022-01-01,2025-12-29
SKU01069,1648,2757915.46,898,30,3,2022-01-01,2025-12-30
SKU01070,1329,255707.24,676,30,3,2022-01-04,2025-12-31
SKU01071,3914,2472678.93,2042,30,3,2022-01-01,2025-12-31
SKU01072,2327,1818135.56,1260,30,3,2022-01-01,2025-12-30
SKU01073,1492,465118.66,798,30,3,2022-01-01,2025-12-31
SKU01074,1430,384300.69999999995,762,30,3,2022-01-01,2025-12-30
SKU01075,1402,505120.19,725,30,3,2022-01-01,2025-12-29
SKU01076,1953,318776.1,1037,30,3,2022-01-09,2025-12-30
SKU01077,2636,312500.32,1400,30,3,2022-01-01,2025-12-31
SKU01078,2397,547891.41,1263,30,3,2022-01-02,2025-12-31
SKU01079,7735,910138.26,4171,30,3,2022-01-01,2025-12-31
SKU01080,1978,313102.32,1040,30,3,2022-01-03,2025-12-31
SKU01081,1865,4675989.359999999,989,30,3,2022-01-02,2025-12-29
SKU01082,2242,1075406.81,1184,30,3,2022-01-01,2025-12-30
SKU01083,3218,1274342.4,1685,30,3,2022-01-01,2025-12-31
SKU01084,4167,8843939.809999999,2243,30,3,2022-01-04,2025-12-31
SKU01085,6076,1494276.73,3216,30,3,2022-01-01,2025-12-31
SKU01086,1419,167462.61,752,30,3,2022-01-04,2025-12-31
SKU01087,3248,698280.4400000001,1755,30,3,2022-01-01,2025-12-29
SKU01088,7571,1304031.6500000001,4022,30,3,2022-01-01,2025-12-31
SKU01089,3626,457857.10000000003,1923,30,3,2022-01-01,2025-12-31
SKU01090,1355,328779.64999999997,717,30,3,2022-01-09,2025-12-31
SKU01091,1358,834298.69,730,30,3,2022-01-10,2025-12-29
SKU01092,4958,8750417.69,2633,30,3,2022-01-01,2025-12-31
SKU01093,2837,241677.79,1503,30,3,2022-01-01,2025-12-31
SKU01094,1844,369769.5,982,30,3,2022-01-01,2025-12-29
SKU01095,1842,2190077.76,999,30,3,2022-01-01,2025-12-31
SKU01096,2101,158341.36,1133,30,3,2022-01-04,2025-12-31
SKU01097,1549,1947649.8699999999,831,30,3,2022-01-02,2025-12-29
SKU01098,2299,152609.09,1219,30,3,2022-01-01,2025-12-30
SKU01099,1672,303066.58,894,30,3,2022-01-02,2025-12-31
SKU01100,1496,240324.36,802,30,3,2022-01-03,2025-12-30
SKU01101,3627,432366.22000000003,1930,30,3,2022-01-01,2025-12-31
SKU01102,1945,619300.96,1049,30,3,2022-01-01,2025-12-30
SKU01103,2008,410221.54,1064,30,3,2022-01-02,2025-12-30
SKU01104,1255,1273577.4200000002,653,30,3,2022-01-01,2025-12-31
SKU01105,1395,938744.44,750,30,3,2022-01-06,2025-12-30
SKU01106,2567,277428.01,1384,30,3,2022-01-01,2025-12-31
SKU01107,1344,83995.75,736,30,3,2022-01-04,2025-12-26
SKU01108,2370,1078633.56,1229,30,3,2022-01-02,2025-12-31
SKU01109,1460,669617.37,768,30,3,2022-01-04,2025-12-30
SKU01110,3829,5750258.43,2040,30,3,2022-01-04,2025-12-31
SKU01111,1702,479114.53,921,30,3,2022-01-04,2025-12-30
SKU01112,1255,173056.61000000002,689,30,3,2022-01-03,2025-12-30
SKU01113,1366,387829.56,714,30,3,2022-01-06,2025-12-30
SKU01114,1355,700132.4299999999,712,30,3,2022-01-02,2025-12-31
SKU01115,9180,1077601.31,4897,30,3,2022-01-01,2025-12-31
SKU01116,2143,592643.74,1154,30,3,2022-01-02,2025-12-31
SKU01117,5723,834902.77,3027,30,3,2022-01-01,2025-12-31
SKU01118,1395,667274.38,720,30,3,2022-01-01,2025-12-30
SKU01119,1354,232499.22,728,30,3,2022-01-10,2025-12-31
SKU01120,2606,521480.76,1359,30,3,2022-01-02,2025-12-31
SKU01121,2502,742977.0900000001,1343,30,3,2022-01-01,2025-12-31
SKU01122,3625,494004.74000000005,1948,30,3,2022-01-01,2025-12-31
SKU01123,1348,123563.83,746,30,3,2022-01-02,2025-12-30
SKU01124,1565,2432688.89,836,30,3,2022-01-02,2025-12-31
SKU01125,2275,2434749.91,1224,30,3,2022-01-02,2025-12-31
SKU01126,3647,5888592.76,1953,30,3,2022-01-01,2025-12-31
SKU01127,6634,5106923.2299999995,3496,30,3,2022-01-01,2025-12-31
SKU01128,2036,5356546.89,1087,30,3,2022-01-04,2025-12-31
SKU01129,2392,730517.61,1257,30,3,2022-01-01,2025-12-31
SKU01130,1877,3046319.84,993,30,3,2022-01-01,2025-12-31
SKU01131,2035,3342736.38,1124,30,3,2022-01-02,2025-12-31
SKU01132,1350,413918.89,728,30,3,2022-01-03,2025-12-31
SKU01133,1196,389882.31,633,30,3,2022-01-03,2025-12-29
SKU01134,2469,3030442.4,1299,30,3,2022-01-04,2025-12-31
SKU01135,2107,365839.25,1084,30,3,2022-01-01,2025-12-30
SKU01136,7024,2001464.89,3736,30,3,2022-01-01,2025-12-31
SKU01137,5738,6912095.8,3023,30,3,2022-01-01,2025-12-30
SKU01138,17048,2916305.5900000003,9016,30,3,2022-01-01,2025-12-31
SKU01139,1593,203400.51,879,30,3,2022-01-01,2025-12-31
SKU01140,2619,1137592.24,1368,30,3,2022-01-01,2025-12-31
SKU01141,1838,192468.22,972,30,3,2022-01-07,2025-12-31
SKU01142,3697,1457785.65,1936,30,3,2022-01-01,2025-12-31
SKU01143,2174,857467.57,1144,30,3,2022-01-03,2025-12-31
SKU01144,1564,310366.25,859,30,3,2022-01-02,2025-12-31
SKU01145,1704,53948.13,900,30,3,2022-01-01,2025-12-30
SKU01146,1373,275401.6,712,30,3,2022-01-01,2025-12-30
SKU01147,1573,372620.14,806,30,3,2022-01-06,2025-12-30
SKU01148,1553,2512931.7399999998,838,30,3,2022-01-02,2025-12-30
SKU01149,1545,733419.63,787,30,3,2022-01-02,2025-12-29
SKU01150,1413,367571.41,738,30,3,2022-01-02,2025-12-30
SKU01151,3085,5298397.38,1616,30,3,2022-01-01,2025-12-31
SKU01152,19568,8952387.91,10345,30,3,2022-01-01,2025-12-31
SKU01153,11819,9957693.78,6209,30,3,2022-01-01,2025-12-31
SKU01154,1499,2127096.2,784,30,3,2022-01-04,2025-12-31
SKU01155,4875,4530138.01,2615,30,3,2022-01-02,2025-12-31
SKU01156,2363,4607786.640000001,1241,30,3,2022-01-02,2025-12-29
SKU01157,2124,453037.76,1119,30,3,2022-01-01,2025-12-31
SKU01158,1266,106513.15,682,30,3,2022-01-05,2025-12-31
SKU01159,6803,2304555.98,3593,30,3,2022-01-02,2025-12-31
SKU01160,1404,1010107.74,752,30,3,2022-01-05,2025-12-31
SKU01161,1568,660017.0700000001,829,30,3,2022-01-02,2025-12-28
SKU01162,2349,341579.13,1276,30,3,2022-01-01,2025-12-31
SKU01163,1735,5563221.359999999,918,30,3,2022-01-03,2025-12-31
SKU01164,20105,4526725.04,10738,30,3,2022-01-01,2025-12-31
SKU01165,6463,6018734.42,3429,30,3,2022-01-01,2025-12-31
SKU01166,3945,1444149.26,2121,30,3,2022-01-02,2025-12-31
SKU01167,1207,2077890.13,624,30,3,2022-01-02,2025-12-25
SKU01168,1729,440634.13,897,30,3,2022-01-01,2025-12-30
SKU01169,1966,272604.85000000003,1044,30,3,2022-01-02,2025-12-31
SKU01170,12370,4255177.32,6606,30,3,2022-01-01,2025-12-31
SKU01171,1247,96767.52,659,30,3,2022-01-03,2025-12-31
SKU01172,2088,587097.38,1084,30,3,2022-01-03,2025-12-30
SKU01173,1725,562752.05,910,30,3,2022-01-06,2025-12-31
SKU01174,1245,2273294.2,657,30,3,2022-01-03,2025-12-31
SKU01175,1427,823600.64,761,30,3,2022-01-01,2025-12-31
SKU01176,2144,192726.22,1169,30,3,2022-01-01,2025-12-31
SKU01177,1366,1767006.03,732,30,3,2022-01-02,2025-12-31
SKU01178,1753,158203.53,918,30,3,2022-01-04,2025-12-31
SKU01179,1287,1600941.27,676,30,3,2022-01-01,2025-12-31
SKU01180,1679,714189.2,892,30,3,2022-01-02,2025-12-31
SKU01181,1804,741318.05,977,30,3,2022-01-02,2025-12-31
SKU01182,4605,10255932.45,2443,30,3,2022-01-02,2025-12-31
SKU01183,3000,651146.79,1614,30,3,2022-01-03,2025-12-31
SKU01184,3015,2530947.29,1593,30,3,2022-01-01,2025-12-31
SKU01185,1681,711380.5,891,30,3,2022-01-05,2025-12-31
SKU01186,1365,141381.76,737,30,3,2022-01-03,2025-12-31
SKU01187,1178,688248.55,664,30,3,2022-01-04,2025-12-29
SKU01188,3448,908309.66,1828,30,3,2022-01-03,2025-12-31
SKU01189,32627,70293714.29,17287,30,3,2022-01-01,2025-12-31
SKU01190,6574,2127017.7800000003,3513,30,3,2022-01-01,2025-12-31
SKU01191,1192,755168.87,658,30,3,2022-01-06,2025-12-27
SKU01192,2952,412936.14,1551,30,3,2022-01-01,2025-12-31
SKU01193,3325,788738.0399999999,1744,30,3,2022-01-01,2025-12-31
SKU01194,4019,2356429.54,2155,30,3,2022-01-02,2025-12-31
SKU01195,3328,602048.78,1789,30,3,2022-01-01,2025-12-31
SKU01196,2997,346538.4,1602,30,3,2022-01-01,2025-12-29
SKU01197,3736,7701125.11,2002,30,3,2022-01-02,2025-12-31
SKU01198,1866,6408529.399999999,1019,30,3,2022-01-01,2025-12-31
SKU01199,2156,5143719.18,1159,30,3,2022-01-01,2025-12-31
SKU01200,1396,1275911.73,720,30,3,2022-01-01,2025-12-29
SKU01201,3152,392387.41,1663,30,3,2022-01-01,2025-12-30
SKU01202,2007,624592.57,1087,30,3,2022-01-02,2025-12-31
SKU01203,2239,1069286.36,1174,30,3,2022-01-03,2025-12-31
SKU01204,1443,3180514.66,777,30,3,2022-01-03,2025-12-31
SKU01205,3144,211716.66,1677,30,3,2022-01-01,2025-12-31
SKU01206,1359,527820.53,743,30,3,2022-01-01,2025-12-28
SKU01207,1510,617784.87,815,30,3,2022-01-03,2025-12-30
SKU01208,2018,216426.63,1072,30,3,2022-01-02,2025-12-31
SKU01209,3664,340162.91000000003,1969,30,3,2022-01-01,2025-12-31
SKU01210,3406,896689.35,1791,30,3,2022-01-02,2025-12-31
SKU01211,2427,590310.02,1303,30,3,2022-01-02,2025-12-29
SKU01212,2233,499301.44,1173,30,3,2022-01-02,2025-12-31
SKU01213,1846,737739.74,959,30,3,2022-01-02,2025-12-28
SKU01214,3577,311586.26,1884,30,3,2022-01-02,2025-12-30
SKU01215,1400,356761.14999999997,750,30,3,2022-01-05,2025-12-30
SKU01216,1435,813753.43,761,30,3,2022-01-08,2025-12-31
SKU01217,2823,481772.62,1484,30,3,2022-01-01,2025-12-31
SKU01218,1720,611214.7999999999,923,30,3,2022-01-02,2025-12-29
SKU01219,1471,435384.89999999997,774,30,3,2022-01-02,2025-12-30
SKU01220,2517,2061483.3499999999,1353,30,3,2022-01-03,2025-12-31
SKU01221,3483,6596543.62,1816,30,3,2022-01-03,2025-12-30
SKU01222,1484,934631.95,790,30,3,2022-01-01,2025-12-30
SKU01223,3127,795806.01,1663,30,3,2022-01-01,2025-12-31
SKU01224,1279,337937.79,684,30,3,2022-01-02,2025-12-31
SKU01225,1636,2692983.9,879,30,3,2022-01-01,2025-12-31
SKU01226,3344,462236.85000000003,1776,30,3,2022-01-01,2025-12-30
SKU01227,3046,1156257.81,1646,30,3,2022-01-03,2025-12-31
SKU01228,1512,1949914.1199999999,807,30,3,2022-01-02,2025-12-29
SKU01229,1271,585907.55,666,30,3,2022-01-01,2025-12-29
SKU01230,2231,1460237.43,1168,30,3,2022-01-04,2025-12-29
SKU01231,1580,448830.66,832,30,3,2022-01-02,2025-12-31
SKU01232,9477,3689544.3899999997,5026,30,3,2022-01-01,2025-12-31
SKU01233,1959,863253.8,1013,30,3,2022-01-08,2025-12-30
SKU01234,1886,4307204.55,993,30,3,2022-01-03,2025-12-30
SKU01235,1778,476689.42,941,30,3,2022-01-04,2025-12-30
SKU01236,1535,156851.48,805,30,3,2022-01-07,2025-12-30
SKU01237,2524,2311816.19,1392,30,3,2022-01-01,2025-12-31
SKU01238,2749,454284.3,1481,30,3,2022-01-01,2025-12-31
SKU01239,2321,4665649.33,1235,30,3,2022-01-02,2025-12-31
SKU01240,1316,1369697.6600000001,713,30,3,2022-01-01,2025-12-30
SKU01241,2228,402331.57999999996,1189,30,3,2022-01-01,2025-12-28
SKU01242,3473,1357634.73,1836,30,3,2022-01-01,2025-12-31
SKU01243,3700,720313.17,2012,30,3,2022-01-02,2025-12-31
SKU01244,4201,8825167.2,2273,30,3,2022-01-01,2025-12-31
SKU01245,4406,157618.07,2299,30,3,2022-01-01,2025-12-29
SKU01246,2411,1196864.89,1327,30,3,2022-01-01,2025-12-31
SKU01247,1363,1056204.44,723,30,3,2022-01-11,2025-12-29
SKU01248,9306,3332133.57,4918,30,3,2022-01-01,2025-12-31
SKU01249,3200,331504.57999999996,1690,30,3,2022-01-02,2025-12-31
SKU01250,1632,86502.83,840,30,3,2022-01-03,2025-12-24
SKU01251,1595,3843684.61,837,30,3,2022-01-01,2025-12-31
SKU01252,2935,260591.81,1516,30,3,2022-01-02,2025-12-31
SKU01253,1826,394188.62,982,30,3,2022-01-02,2025-12-31
SKU01254,2278,246241.57,1217,30,3,2022-01-03,2025-12-31
SKU01255,7517,1294554.07,3971,30,3,2022-01-01,2025-12-31
SKU01256,1268,187726.65,696,30,3,2022-01-03,2025-12-31
SKU01257,2171,743599.63,1123,30,3,2022-01-03,2025-12-31
SKU01258,1641,3238926.49,869,30,3,2022-01-07,2025-12-30
SKU01259,2047,703356.69,1115,30,3,2022-01-02,2025-12-31
SKU01260,1394,463014.31000000006,760,30,3,2022-01-03,2025-12-30
SKU01261,3633,1101948.44,1915,30,3,2022-01-03,2025-12-31
SKU01262,2623,1457362.53,1362,30,3,2022-01-02,2025-12-28
SKU01263,3704,636774.65,1917,30,3,2022-01-05,2025-12-30
SKU01264,1366,1416244.49,730,30,3,2022-01-04,2025-12-27
SKU01265,1945,2005417.75,1013,30,3,2022-01-01,2025-12-31
SKU01266,1550,1269479.93,838,30,3,2022-01-03,2025-12-30
SKU01267,2246,2074837.83,1163,30,3,2022-01-03,2025-12-30
SKU01268,1578,500594.4,846,30,3,2022-01-02,2025-12-31
SKU01269,2252,6021965.91,1193,30,3,2022-01-03,2025-12-30
SKU01270,3136,839765.46,1703,30,3,2022-01-02,2025-12-31
SKU01271,3536,764499.69,1873,30,3,2022-01-02,2025-12-31
SKU01272,3647,1328002.06,1923,30,3,2022-01-01,2025-12-30
SKU01273,2382,1501458.43,1242,30,3,2022-01-06,2025-12-31
SKU01274,27374,14217774.08,14615,30,3,2022-01-01,2025-12-31
SKU01275,1514,137856.32,799,30,3,2022-01-01,2025-12-30
SKU01276,2936,5464645.68,1587,30,3,2022-01-01,2025-12-31
SKU01277,2594,3779242.6599999997,1403,30,3,2022-01-01,2025-12-31
SKU01278,7297,7875943.35,3873,30,3,2022-01-01,2025-12-31
SKU01279,1379,207892.41,741,30,3,2022-01-12,2025-12-31
SKU01280,8422,4668459.23,4485,30,3,2022-01-01,2025-12-31
SKU01281,5524,942941.2899999999,2953,30,3,2022-01-01,2025-12-31
SKU01282,2050,75648.16,1109,30,3,2022-01-03,2025-12-30
SKU01283,1791,117236.37999999999,914,30,3,2022-01-04,2025-12-30
SKU01284,2534,634763.05,1336,30,3,2022-01-05,2025-12-29
SKU01285,1299,448603.9,696,30,3,2022-01-08,2025-12-31
SKU01286,1876,151753.66,1020,30,3,2022-01-01,2025-12-30
SKU01287,1171,441074.1,620,30,3,2022-01-01,2025-12-30
SKU01288,2076,760881.71,1090,30,3,2022-01-04,2025-12-28
SKU01289,2607,627630.1900000001,1350,30,3,2022-01-01,2025-12-30
SKU01290,1370,112764.05,718,30,3,2022-01-09,2025-12-31
SKU01291,1741,1015271.9500000001,907,30,3,2022-01-01,2025-12-31
SKU01292,2264,1282166.73,1186,30,3,2022-01-01,2025-12-30
SKU01293,9790,2100960.62,5269,30,3,2022-01-01,2025-12-31
SKU01294,2822,1180920.51,1493,30,3,2022-01-04,2025-12-31
SKU01295,4237,591000.78,2306,30,3,2022-01-01,2025-12-31
SKU01296,1361,107126.36,714,30,3,2022-01-01,2025-12-30
SKU01297,7513,1978519.31,3968,30,3,2022-01-01,2025-12-31
SKU01298,1395,245436.92,726,30,3,2022-01-02,2025-12-30
SKU01299,1610,3851822.23,843,30,3,2022-01-08,2025-12-30
SKU01300,2374,296747.44,1275,30,3,2022-01-01,2025-12-30
SKU01301,3677,1651653.3,1943,30,3,2022-01-04,2025-12-31
SKU01302,2203,517428.63999999996,1162,30,3,2022-01-01,2025-12-30
SKU01303,1264,480769.32,663,30,3,2022-01-03,2025-12-30
SKU01304,3318,237062.28,1742,30,3,2022-01-01,2025-12-31
SKU01305,1823,1278384.0799999998,961,30,3,2022-01-05,2025-12-31
SKU01306,1480,375240.86,815,30,3,2022-01-04,2025-12-31
SKU01307,1436,191422.47,779,30,3,2022-01-03,2025-12-28
SKU01308,1651,164110.5,870,30,3,2022-01-07,2025-12-30
SKU01309,1378,616241.28,747,30,3,2022-01-02,2025-12-30
SKU01310,1306,914527.76,671,30,3,2022-01-04,2025-12-26
SKU01311,1337,1104301.17,713,30,3,2022-01-04,2025-12-30
SKU01312,1507,218110.43,812,30,3,2022-01-02,2025-12-31
SKU01313,2083,853869.16,1106,30,3,2022-01-02,2025-12-30
SKU01314,2034,615611.52,1044,30,3,2022-01-03,2025-12-31
SKU01315,6793,10641762.95,3544,30,3,2022-01-01,2025-12-31
SKU01316,1669,298768.25,893,30,3,2022-01-01,2025-12-31
SKU01317,20508,12335339.23,10935,30,3,2022-01-01,2025-12-31
SKU01318,1220,397879.1,656,30,3,2022-01-06,2025-12-31
SKU01319,2656,5035759.859999999,1385,30,3,2022-01-06,2025-12-31
SKU01320,1326,280093.71,712,30,3,2022-01-01,2025-12-30
SKU01321,1964,2021536.64,1032,30,3,2022-01-05,2025-12-31
SKU01322,2884,2434945.3,1528,30,3,2022-01-01,2025-12-31
SKU01323,1541,439979.08,826,30,3,2022-01-01,2025-12-31
SKU01324,1371,82495.52,753,30,3,2022-01-03,2025-12-31
SKU01325,1781,448538.72,969,30,3,2022-01-07,2025-12-30
SKU01326,2871,670109.36,1526,30,3,2022-01-02,2025-12-31
SKU01327,1739,685220.64,922,30,3,2022-01-01,2025-12-31
SKU01328,1562,631938.22,840,30,3,2022-01-03,2025-12-29
SKU01329,1503,87903.59,768,30,3,2022-01-03,2025-12-31
SKU01330,3275,565287.5700000001,1692,30,3,2022-01-01,2025-12-31
SKU01331,6615,543291.74,3545,30,3,2022-01-01,2025-12-31
SKU01332,2267,140193.37,1241,30,3,2022-01-01,2025-12-31
SKU01333,1705,140481.32,901,30,3,2022-01-01,2025-12-31
SKU01334,2085,224933.74,1108,30,3,2022-01-05,2025-12-31
SKU01335,1723,378612.62,917,30,3,2022-01-01,2025-12-31
SKU01336,2636,1964603.8699999999,1379,30,3,2022-01-02,2025-12-30
SKU01337,1195,254348.25,639,30,3,2022-01-03,2025-12-30
SKU01338,3580,1184468.83,1861,30,3,2022-01-04,2025-12-31
SKU01339,1264,282161.6,681,30,3,2022-01-02,2025-12-30
SKU01340,1252,828202.15,674,30,3,2022-01-01,2025-12-31
SKU01341,3990,194572.38,2108,30,3,2022-01-01,2025-12-31
SKU01342,2089,699751.86,1098,30,3,2022-01-02,2025-12-31
SKU01343,10281,3170286.64,5443,30,3,2022-01-01,2025-12-31
SKU01344,1936,399727.14,1028,30,3,2022-01-01,2025-12-31
SKU01345,1539,500502.38999999996,797,30,3,2022-01-02,2025-12-29
SKU01346,1507,436537.32,808,30,3,2022-01-05,2025-12-31
SKU01347,1266,588298.1799999999,666,30,3,2022-01-01,2025-12-31
SKU01348,1409,1558709.76,730,30,3,2022-01-01,2025-12-30
SKU01349,1891,610918.57,969,30,3,2022-01-03,2025-12-31
SKU01350,1760,2307490.4,927,30,3,2022-01-03,2025-12-30
SKU01351,3575,1650521.46,1940,30,3,2022-01-02,2025-12-31
SKU01352,2885,405773.48000000004,1525,30,3,2022-01-02,2025-12-30
SKU01353,3270,244703.98,1722,30,3,2022-01-02,2025-12-30
SKU01354,3475,325267.85,1869,30,3,2022-01-01,2025-12-31
SKU01355,2036,2520979.81,1078,30,3,2022-01-02,2025-12-31
SKU01356,1231,214832.0,675,30,3,2022-01-02,2025-12-29
SKU01357,6784,6691495.76,3592,30,3,2022-01-01,2025-12-31
SKU01358,2156,366192.79,1156,30,3,2022-01-01,2025-12-31
SKU01359,7387,2092614.89,3931,30,3,2022-01-01,2025-12-31
SKU01360,1630,1970337.08,864,30,3,2022-01-01,2025-12-31
SKU01361,1727,1196151.3800000001,910,30,3,2022-01-02,2025-12-30
SKU01362,1743,92708.23,915,30,3,2022-01-01,2025-12-30
SKU01363,16786,50092477.74,8982,30,3,2022-01-01,2025-12-31
SKU01364,1759,212358.14,952,30,3,2022-01-01,2025-12-31
SKU01365,4973,268741.02,2618,30,3,2022-01-01,2025-12-31
SKU01366,1976,408951.14,1024,30,3,2022-01-01,2025-12-31
SKU01367,2133,1357257.34,1146,30,3,2022-01-02,2025-12-31
SKU01368,1745,870306.96,936,30,3,2022-01-02,2025-12-31
SKU01369,1391,181055.34,752,30,3,2022-01-02,2025-12-31
SKU01370,11528,2124888.05,6086,30,3,2022-01-01,2025-12-31
SKU01371,70611,84082475.28,37725,30,3,2022-01-01,2025-12-31
SKU01372,1330,1939506.24,708,30,3,2022-01-04,2025-12-31
SKU01373,1594,111139.76,839,30,3,2022-01-01,2025-12-30
SKU01374,2897,209426.32,1505,30,3,2022-01-05,2025-12-31
SKU01375,1789,637155.75,935,30,3,2022-01-01,2025-12-30
SKU01376,2118,870470.78,1143,30,3,2022-01-01,2025-12-31
SKU01377,7651,927477.56,4072,30,3,2022-01-01,2025-12-31
SKU01378,1444,207669.64,797,30,3,2022-01-04,2025-12-31
SKU01379,4989,891624.02,2662,30,3,2022-01-01,2025-12-31
SKU01380,1915,469024.99,1061,30,3,2022-01-02,2025-12-31
SKU01381,1692,468551.0,884,30,3,2022-01-01,2025-12-31
SKU01382,1404,466025.08,746,30,3,2022-01-01,2025-12-29
SKU01383,2234,424516.70999999996,1204,30,3,2022-01-01,2025-12-31
SKU01384,1480,307624.89,798,30,3,2022-01-01,2025-12-31
SKU01385,1347,1240462.06,736,30,3,2022-01-02,2025-12-30
SKU01386,1767,458730.85,913,30,3,2022-01-01,2025-12-31
SKU01387,1418,316328.09,751,30,3,2022-01-04,2025-12-29
SKU01388,2673,398131.69,1429,30,3,2022-01-05,2025-12-30
SKU01389,2032,6823297.19,1083,30,3,2022-01-08,2025-12-30
SKU01390,1744,1128189.55,908,30,3,2022-01-01,2025-12-30
SKU01391,1323,436510.65,702,30,3,2022-01-03,2025-12-30
SKU01392,1267,153700.87,686,30,3,2022-01-01,2025-12-31
SKU01393,2050,240153.76,1095,30,3,2022-01-01,2025-12-30
SKU01394,1831,968019.24,976,30,3,2022-01-02,2025-12-31
SKU01395,6257,720436.36,3284,30,3,2022-01-01,2025-12-31
SKU01396,1251,156067.69999999998,659,30,3,2022-01-02,2025-12-30
SKU01397,2080,8123312.9,1111,30,3,2022-01-01,2025-12-31
SKU01398,3699,2226452.96,1958,30,3,2022-01-01,2025-12-30
SKU01399,2576,681465.71,1399,30,3,2022-01-02,2025-12-31
SKU01400,1901,319335.92,1056,30,3,2022-01-03,2025-12-31
SKU01401,1508,278822.35,808,30,3,2022-01-07,2025-12-30
SKU01402,1667,1944694.75,868,30,3,2022-01-05,2025-12-31
SKU01403,3001,2078664.12,1569,30,3,2022-01-01,2025-12-31
SKU01404,1766,2010560.18,932,30,3,2022-01-01,2025-12-31
SKU01405,2072,1134865.09,1087,30,3,2022-01-02,2025-12-30
SKU01406,2265,284551.08,1197,30,3,2022-01-03,2025-12-29
SKU01407,1264,1571332.02,672,30,3,2022-01-01,2025-12-27
SKU01408,1934,4395328.11,1061,30,3,2022-01-03,2025-12-31
SKU01409,1912,354790.72,1035,30,3,2022-01-04,2025-12-30
SKU01410,3711,4581840.33,1995,30,3,2022-01-01,2025-12-31
SKU01411,2890,586521.5,1509,30,3,2022-01-03,2025-12-30
SKU01412,2219,401687.69,1170,30,3,2022-01-01,2025-12-28
SKU01413,1268,217896.38,685,30,3,2022-01-04,2025-12-30
SKU01414,22593,4120114.9,11996,30,3,2022-01-01,2025-12-31
SKU01415,1438,853224.9199999999,769,30,3,2022-01-01,2025-12-31
SKU01416,2591,448092.87,1396,30,3,2022-01-04,2025-12-31
SKU01417,1835,320613.77,960,30,3,2022-01-01,2025-12-28
SKU01418,3275,3357517.4,1693,30,3,2022-01-01,2025-12-31
SKU01419,3233,2105135.8899999997,1724,30,3,2022-01-02,2025-12-31
SKU01420,67886,13614456.75,35967,30,3,2022-01-01,2025-12-31
SKU01421,1579,360242.02,873,30,3,2022-01-01,2025-12-31
SKU01422,2577,747072.9700000001,1364,30,3,2022-01-01,2025-12-31
SKU01423,1279,3466014.09,684,30,3,2022-01-04,2025-12-31
SKU01424,1675,923943.2,899,30,3,2022-01-01,2025-12-30
SKU01425,1474,59989.47,802,30,3,2022-01-02,2025-12-28
SKU01426,1658,432018.20999999996,854,30,3,2022-01-02,2025-12-30
SKU01427,2184,1975981.0,1172,30,3,2022-01-03,2025-12-31
SKU01428,1258,3251004.28,657,30,3,2022-01-08,2025-12-28
SKU01429,1871,127178.28,959,30,3,2022-01-05,2025-12-31
SKU01430,1321,794263.66,696,30,3,2022-01-01,2025-12-30
SKU01431,1792,513668.06,964,30,3,2022-01-13,2025-12-28
SKU01432,6358,471804.01,3377,30,3,2022-01-01,2025-12-30
SKU01433,1303,994689.38,660,30,3,2022-01-02,2025-12-31
SKU01434,1668,1135752.09,889,30,3,2022-01-01,2025-12-29
SKU01435,9931,9523611.39,5210,30,3,2022-01-01,2025-12-31
SKU01436,2195,344943.29,1160,30,3,2022-01-03,2025-12-31
SKU01437,1578,2293680.18,844,30,3,2022-01-03,2025-12-31
SKU01438,12584,3507740.56,6680,30,3,2022-01-01,2025-12-31
SKU01439,8083,7447419.54,4303,30,3,2022-01-01,2025-12-31
SKU01440,2451,421498.11,1307,30,3,2022-01-01,2025-12-31
SKU01441,1265,917978.55,683,30,3,2022-01-02,2025-12-28
SKU01442,1657,581878.36,835,30,3,2022-01-02,2025-12-31
SKU01443,4701,775960.76,2473,30,3,2022-01-01,2025-12-31
SKU01444,1609,520937.12,827,30,3,2022-01-02,2025-12-31
SKU01445,1842,6031354.66,955,30,3,2022-01-01,2025-12-29
SKU01446,7434,1340268.75,3920,30,3,2022-01-03,2025-12-31
SKU01447,1458,1541825.62,767,30,3,2022-01-03,2025-12-29
SKU01448,1411,894738.84,728,30,3,2022-01-03,2025-12-30
SKU01449,3945,8205491.76,2116,30,3,2022-01-01,2025-12-31
SKU01450,2966,5650289.350000001,1588,30,3,2022-01-01,2025-12-31
SKU01451,2543,283953.69,1344,30,3,2022-01-01,2025-12-30
SKU01452,1667,2378770.34,849,30,3,2022-01-01,2025-12-31
SKU01453,2766,3243525.76,1470,30,3,2022-01-01,2025-12-31
SKU01454,1378,150935.08,728,30,3,2022-01-01,2025-12-31
SKU01455,1390,127857.04000000001,718,30,3,2022-01-01,2025-12-31
SKU01456,3766,3767650.31,2018,30,3,2022-01-01,2025-12-31
SKU01457,1255,126807.21,678,30,3,2022-01-02,2025-12-30
SKU01458,2186,1129768.67,1187,30,3,2022-01-01,2025-12-29
SKU01459,1871,165067.87,971,30,3,2022-01-04,2025-12-31
SKU01460,2077,168683.32,1121,30,3,2022-01-02,2025-12-31
SKU01461,1988,1317883.1199999999,1078,30,3,2022-01-02,2025-12-29
SKU01462,6077,367421.61,3228,30,3,2022-01-01,2025-12-31
SKU01463,2413,3714581.39,1288,30,3,2022-01-03,2025-12-31
SKU01464,1434,3176514.22,768,30,3,2022-01-01,2025-12-30
SKU01465,1479,354910.66,788,30,3,2022-01-03,2025-12-30
SKU01466,11817,379989.56,6226,30,3,2022-01-01,2025-12-31
SKU01467,1574,2227464.03,823,30,3,2022-01-01,2025-12-31
SKU01468,3463,2125418.7800000003,1828,30,3,2022-01-02,2025-12-31
SKU01469,9730,622172.27,5137,30,3,2022-01-01,2025-12-31
SKU01470,3305,431956.54000000004,1762,30,3,2022-01-02,2025-12-30
SKU01471,1358,125556.76,729,30,3,2022-01-02,2025-12-31
SKU01472,1400,590752.01,765,30,3,2022-01-01,2025-12-31
SKU01473,1308,83405.63,691,30,3,2022-01-03,2025-12-31
SKU01474,1306,290971.14999999997,701,30,3,2022-01-01,2025-12-30
SKU01475,2442,1828081.47,1317,30,3,2022-01-04,2025-12-30
SKU01476,1473,354374.31,774,30,3,2022-01-04,2025-12-31
SKU01477,1324,369507.4,716,30,3,2022-01-02,2025-12-31
SKU01478,3825,3032339.33,2029,30,3,2022-01-01,2025-12-30
SKU01479,2496,1003993.9500000001,1308,30,3,2022-01-04,2025-12-31
SKU01480,3161,403650.0,1720,30,3,2022-01-01,2025-12-31
SKU01481,2278,1605514.59,1220,30,3,2022-01-05,2025-12-30
SKU01482,2131,3136051.37,1122,30,3,2022-01-01,2025-12-30
SKU01483,4226,602692.96,2228,30,3,2022-01-01,2025-12-31
SKU01484,1638,875618.5599999999,893,30,3,2022-01-01,2025-12-31
SKU01485,12082,5386382.8,6443,30,3,2022-01-01,2025-12-31
SKU01486,3744,2024468.24,1980,30,3,2022-01-01,2025-12-31
SKU01487,3690,215923.21,1939,30,3,2022-01-01,2025-12-31
SKU01488,2187,1250512.39,1142,30,3,2022-01-03,2025-12-31
SKU01489,5593,581729.34,2944,30,3,2022-01-01,2025-12-31
SKU01490,7055,544423.29,3721,30,3,2022-01-01,2025-12-31
SKU01491,3102,2475609.6599999997,1627,30,3,2022-01-04,2025-12-31
SKU01492,1423,156681.18,738,30,3,2022-01-03,2025-12-31
SKU01493,2357,441443.67,1269,30,3,2022-01-01,2025-12-30
SKU01494,1998,2137477.68,1047,30,3,2022-01-01,2025-12-30
SKU01495,1338,121879.24,686,30,3,2022-01-02,2025-12-26
SKU01496,3285,314143.92,1731,30,3,2022-01-01,2025-12-31
SKU01497,1919,797696.78,1047,30,3,2022-01-03,2025-12-31
SKU01498,1345,491498.14999999997,724,30,3,2022-01-01,2025-12-31
SKU01499,1476,444630.69,812,30,3,2022-01-01,2025-12-30
SKU01500,1634,1592231.12,896,30,3,2022-01-08,2025-12-28
SKU01501,6805,641023.74,3640,30,3,2022-01-03,2025-12-31
SKU01502,1639,442512.86,864,30,3,2022-01-02,2025-12-31
SKU01503,2420,759483.47,1312,30,3,2022-01-02,2025-12-29
SKU01504,2703,3269999.52,1415,30,3,2022-01-01,2025-12-31
SKU01505,1417,129608.0,745,30,3,2022-01-02,2025-12-29
SKU01506,1521,229985.31,806,30,3,2022-01-06,2025-12-31
SKU01507,25306,5136237.21,13460,30,3,2022-01-01,2025-12-31
SKU01508,3084,6596637.46,1614,30,3,2022-01-01,2025-12-31
SKU01509,1592,1882480.9200000002,869,30,3,2022-01-02,2025-12-31
SKU01510,1407,117396.61,715,30,3,2022-01-04,2025-12-31
SKU01511,1381,646105.89,745,30,3,2022-01-02,2025-12-31
SKU01512,1310,463747.8,710,30,3,2022-01-04,2025-12-30
SKU01513,1322,74237.53,733,30,3,2022-01-01,2025-12-30
SKU01514,5694,4677445.25,3070,30,3,2022-01-01,2025-12-31
SKU01515,1605,718935.68,836,30,3,2022-01-03,2025-12-31
SKU01516,2741,800323.16,1437,30,3,2022-01-01,2025-12-30
SKU01517,2630,1924263.16,1405,30,3,2022-01-01,2025-12-30
SKU01518,1992,5436294.07,1044,30,3,2022-01-03,2025-12-31
SKU01519,4735,1968488.8800000001,2484,30,3,2022-01-01,2025-12-31
SKU01520,2829,2903134.58,1490,30,3,2022-01-03,2025-12-29
SKU01521,1868,4211550.319999999,985,30,3,2022-01-01,2025-12-30
SKU01522,3329,2667376.56,1779,30,3,2022-01-02,2025-12-31
SKU01523,2152,590863.7100000001,1126,30,3,2022-01-02,2025-12-31
SKU01524,2348,4077331.31,1259,30,3,2022-01-05,2025-12-30
SKU01525,2444,4347389.51,1306,30,3,2022-01-01,2025-12-31
SKU01526,3605,674987.53,1932,30,3,2022-01-01,2025-12-31
SKU01527,2265,175268.17,1218,30,3,2022-01-02,2025-12-30
SKU01528,2197,324371.35000000003,1182,30,3,2022-01-03,2025-12-31
SKU01529,1778,185731.33000000002,965,30,3,2022-01-02,2025-12-31
SKU01530,1565,434144.34,829,30,3,2022-01-02,2025-12-31
SKU01531,2357,509771.49,1277,30,3,2022-01-01,2025-12-31
SKU01532,1314,242246.28,720,30,3,2022-01-01,2025-12-31
SKU01533,2367,607115.7200000001,1263,30,3,2022-01-01,2025-12-31
SKU01534,4783,13260228.3,2503,30,3,2022-01-01,2025-12-31
SKU01535,7374,2050213.86,3931,30,3,2022-01-01,2025-12-31
SKU01536,1313,551862.53,695,30,3,2022-01-09,2025-12-31
SKU01537,1593,756482.2200000001,839,30,3,2022-01-02,2025-12-28
SKU01538,1234,444026.04,655,30,3,2022-01-01,2025-12-31
SKU01539,1826,592133.76,932,30,3,2022-01-01,2025-12-31
SKU01540,1894,203595.88,1017,30,3,2022-01-01,2025-12-30
SKU01541,1576,1374003.79,823,30,3,2022-01-05,2025-12-29
SKU01542,1247,3034212.91,664,30,3,2022-01-01,2025-12-30
SKU01543,1943,2401732.2800000003,1007,30,3,2022-01-02,2025-12-31
SKU01544,4204,521849.04,2164,30,3,2022-01-01,2025-12-30
SKU01545,7099,1239933.3900000001,3796,30,3,2022-01-02,2025-12-31
SKU01546,2851,1502315.84,1534,30,3,2022-01-01,2025-12-31
SKU01547,12233,1923548.43,6468,30,3,2022-01-01,2025-12-31
SKU01548,2075,286034.16000000003,1093,30,3,2022-01-01,2025-12-31
SKU01549,7859,1739346.46,4191,30,3,2022-01-01,2025-12-31
SKU01550,1707,55205.56,902,30,3,2022-01-01,2025-12-30
SKU01551,5269,886183.39,2789,30,3,2022-01-01,2025-12-31
SKU01552,1350,273404.17,712,30,3,2022-01-03,2025-12-23
SKU01553,1432,1587689.3,767,30,3,2022-01-05,2025-12-31
SKU01554,2493,536090.48,1322,30,3,2022-01-01,2025-12-31
SKU01555,7008,728727.24,3726,30,3,2022-01-03,2025-12-31
SKU01556,7519,11940084.38,4033,30,3,2022-01-01,2025-12-31
SKU01557,1775,154841.12,922,30,3,2022-01-02,2025-12-27
SKU01558,1274,645678.05,704,30,3,2022-01-03,2025-12-31
SKU01559,1605,123095.45,826,30,3,2022-01-02,2025-12-31
SKU01560,1305,50819.53,705,30,3,2022-01-02,2025-12-30
SKU01561,1623,990909.09,816,30,3,2022-01-01,2025-12-31
SKU01562,1862,836365.64,999,30,3,2022-01-01,2025-12-30
SKU01563,4192,9676198.75,2208,30,3,2022-01-01,2025-12-31
SKU01564,1851,1510031.42,966,30,3,2022-01-06,2025-12-30
SKU01565,1333,1339612.63,701,30,3,2022-01-01,2025-12-31
SKU01566,1743,597574.17,940,30,3,2022-01-07,2025-12-31
SKU01567,1291,1147236.8900000001,685,30,3,2022-01-01,2025-12-31
SKU01568,1235,419982.26,669,30,3,2022-01-03,2025-12-27
SKU01569,2228,922668.64,1174,30,3,2022-01-02,2025-12-31
SKU01570,2057,1486223.62,1086,30,3,2022-01-01,2025-12-31
SKU01571,1562,159448.37,841,30,3,2022-01-02,2025-12-29
SKU01572,2483,2757252.35,1322,30,3,2022-01-02,2025-12-31
SKU01573,1589,1267797.51,850,30,3,2022-01-03,2025-12-31
SKU01574,1923,2468536.6100000003,1009,30,3,2022-01-01,2025-12-31
SKU01575,2248,1064658.5,1225,30,3,2022-01-01,2025-12-27
SKU01576,5414,3583687.5799999996,2881,30,3,2022-01-04,2025-12-31
SKU01577,1596,102774.32,854,30,3,2022-01-03,2025-12-30
SKU01578,22539,11432562.200000001,11929,30,3,2022-01-01,2025-12-31
SKU01579,1768,644359.0399999999,939,30,3,2022-01-02,2025-12-28
SKU01580,1335,165774.94999999998,710,30,3,2022-01-06,2025-12-31
SKU01581,1742,1289118.79,942,30,3,2022-01-04,2025-12-31
SKU01582,1285,1770521.53,704,30,3,2022-01-01,2025-12-31
SKU01583,1349,1475759.36,727,30,3,2022-01-09,2025-12-30
SKU01584,1344,1682770.44,719,30,3,2022-01-02,2025-12-31
SKU01585,1826,1960211.2000000002,947,30,3,2022-01-05,2025-12-30
SKU01586,1896,6508436.95,1020,30,3,2022-01-06,2025-12-31
SKU01587,2808,2476744.2600000002,1538,30,3,2022-01-01,2025-12-31
SKU01588,2060,397969.61,1079,30,3,2022-01-02,2025-12-31
SKU01589,2635,334876.63,1439,30,3,2022-01-01,2025-12-31
SKU01590,2804,243298.28,1467,30,3,2022-01-02,2025-12-31
SKU01591,1390,314883.36,758,30,3,2022-01-01,2025-12-30
SKU01592,1271,2089530.65,677,30,3,2022-01-02,2025-12-31
SKU01593,1565,333454.37,804,30,3,2022-01-03,2025-12-30
SKU01594,1393,275038.22000000003,727,30,3,2022-01-01,2025-12-31
SKU01595,6119,983087.79,3248,30,3,2022-01-01,2025-12-31
SKU01596,1787,419439.91,951,30,3,2022-01-01,2025-12-31
SKU01597,1397,429144.27,741,30,3,2022-01-03,2025-12-31
SKU01598,3834,1203414.47,2003,30,3,2022-01-01,2025-12-31
SKU01599,1664,2555938.02,869,30,3,2022-01-03,2025-12-31
SKU01600,5744,2248272.58,3043,30,3,2022-01-01,2025-12-30
SKU01601,9121,1180934.42,4837,30,3,2022-01-02,2025-12-31
SKU01602,3276,1888226.42,1708,30,3,2022-01-01,2025-12-31
SKU01603,3417,4958688.02,1814,30,3,2022-01-01,2025-12-31
SKU01604,1542,186831.34,822,30,3,2022-01-05,2025-12-30
SKU01605,1260,962264.9600000001,646,30,3,2022-01-08,2025-12-30
SKU01606,2223,391330.41000000003,1174,30,3,2022-01-03,2025-12-31
SKU01607,1940,491272.94,1004,30,3,2022-01-05,2025-12-31
SKU01608,2765,443928.47,1439,30,3,2022-01-01,2025-12-31
SKU01609,1890,1068473.18,1008,30,3,2022-01-02,2025-12-30
SKU01610,2701,1469851.43,1447,30,3,2022-01-01,2025-12-31
SKU01611,1398,832502.7000000001,755,30,3,2022-01-05,2025-12-31
SKU01612,1332,191344.66,728,30,3,2022-01-03,2025-12-28
SKU01613,2565,426287.32,1378,30,3,2022-01-01,2025-12-29
SKU01614,1771,2035594.68,946,30,3,2022-01-01,2025-12-31
SKU01615,1707,721230.15,899,30,3,2022-01-01,2025-12-30
SKU01616,2603,156165.44999999998,1409,30,3,2022-01-01,2025-12-30
SKU01617,3070,528486.52,1598,30,3,2022-01-01,2025-12-31
SKU01618,1786,477157.87000000005,948,30,3,2022-01-02,2025-12-30
SKU01619,1383,300862.33,733,30,3,2022-01-03,2025-12-30
SKU01620,3272,611291.03,1734,30,3,2022-01-02,2025-12-31
SKU01621,1569,1291019.5,836,30,3,2022-01-01,2025-12-30
SKU01622,1900,1005604.4299999999,1007,30,3,2022-01-02,2025-12-30
SKU01623,1562,647108.41,820,30,3,2022-01-01,2025-12-30
SKU01624,2048,961918.24,1082,30,3,2022-01-02,2025-12-31
SKU01625,2127,3329305.9299999997,1157,30,3,2022-01-01,2025-12-31
SKU01626,2226,285091.91000000003,1176,30,3,2022-01-04,2025-12-31
SKU01627,3049,315932.7,1663,30,3,2022-01-01,2025-12-31
SKU01628,4982,730296.9,2659,30,3,2022-01-03,2025-12-31
SKU01629,3302,291358.81,1725,30,3,2022-01-03,2025-12-31
SKU01630,1533,2865111.64,827,30,3,2022-01-06,2025-12-31
SKU01631,2062,579320.64,1090,30,3,2022-01-02,2025-12-31
SKU01632,1639,549388.86,874,30,3,2022-01-03,2025-12-26
SKU01633,2203,1056046.6700000002,1203,30,3,2022-01-02,2025-12-30
SKU01634,2762,451736.58,1439,30,3,2022-01-01,2025-12-31
SKU01635,1342,1322582.23,714,30,3,2022-01-04,2025-12-31
SKU01636,1609,270736.74,844,30,3,2022-01-06,2025-12-31
SKU01637,2065,372303.16,1096,30,3,2022-01-02,2025-12-31
SKU01638,4901,435140.04,2596,30,3,2022-01-01,2025-12-31
SKU01639,2236,773950.0499999999,1193,30,3,2022-01-01,2025-12-30
SKU01640,2160,2701664.7600000002,1157,30,3,2022-01-01,2025-12-30
SKU01641,1357,970955.29,716,30,3,2022-01-03,2025-12-30
SKU01642,2251,6108596.09,1180,30,3,2022-01-01,2025-12-31
SKU01643,1362,863447.9500000001,693,30,3,2022-01-01,2025-12-29
SKU01644,6491,415995.7,3412,30,3,2022-01-02,2025-12-31
SKU01645,1208,512204.05,646,30,3,2022-01-01,2025-12-31
SKU01646,1597,83304.36,886,30,3,2022-01-04,2025-12-28
SKU01647,1855,429522.64,993,30,3,2022-01-01,2025-12-28
SKU01648,1428,62635.53,762,30,3,2022-01-10,2025-12-30
SKU01649,1278,529595.37,647,30,3,2022-01-06,2025-12-31
SKU01650,3593,622233.83,1861,30,3,2022-01-03,2025-12-31
SKU01651,1266,125894.74,697,30,3,2022-01-02,2025-12-31
SKU01652,6346,1153514.91,3392,30,3,2022-01-01,2025-12-31
SKU01653,2507,1286515.92,1304,30,3,2022-01-03,2025-12-31
SKU01654,3519,483810.99,1881,30,3,2022-01-01,2025-12-30
SKU01655,4153,242836.88,2195,30,3,2022-01-01,2025-12-31
SKU01656,1472,745623.33,773,30,3,2022-01-07,2025-12-31
SKU01657,2412,518330.60000000003,1258,30,3,2022-01-05,2025-12-31
SKU01658,2326,528911.88,1227,30,3,2022-01-01,2025-12-31
SKU01659,1411,51320.29,762,30,3,2022-01-06,2025-12-30
SKU01660,5386,694879.46,2823,30,3,2022-01-01,2025-12-30
SKU01661,2120,128611.75,1104,30,3,2022-01-06,2025-12-30
SKU01662,13387,6242604.74,7046,30,3,2022-01-01,2025-12-31
SKU01663,1395,3510668.8000000003,735,30,3,2022-01-01,2025-12-31
SKU01664,6207,2565363.6599999997,3275,30,3,2022-01-01,2025-12-31
SKU01665,1590,3360824.5700000003,874,30,3,2022-01-01,2025-12-31
SKU01666,3326,293503.67,1759,30,3,2022-01-05,2025-12-31
SKU01667,2737,414047.9,1467,30,3,2022-01-02,2025-12-30
SKU01668,1419,280739.07,757,30,3,2022-01-02,2025-12-31
SKU01669,1477,187260.73,779,30,3,2022-01-01,2025-12-31
SKU01670,1309,344790.88,692,30,3,2022-01-04,2025-12-31
SKU01671,3389,324914.72000000003,1769,30,3,2022-01-01,2025-12-31
SKU01672,1373,3185424.31,744,30,3,2022-01-01,2025-12-29
SKU01673,3384,473686.58999999997,1796,30,3,2022-01-01,2025-12-31
SKU01674,1267,2022005.09,683,30,3,2022-01-06,2025-12-31
SKU01675,1243,1068590.23,665,30,3,2022-01-01,2025-12-29
SKU01676,1735,3579120.21,928,30,3,2022-01-01,2025-12-31
SKU01677,24091,2847226.16,12773,30,3,2022-01-01,2025-12-31
SKU01678,1222,264627.82,657,30,3,2022-01-03,2025-12-27
SKU01679,4657,7637104.93,2477,30,3,2022-01-01,2025-12-30
SKU01680,4561,698528.24,2443,30,3,2022-01-01,2025-12-31
SKU01681,1821,924778.79,958,30,3,2022-01-01,2025-12-30
SKU01682,4275,1014749.97,2291,30,3,2022-01-02,2025-12-31
SKU01683,4143,2008009.0,2167,30,3,2022-01-04,2025-12-30
SKU01684,1218,193882.94999999998,658,30,3,2022-01-05,2025-12-31
SKU01685,11729,1489979.46,6207,30,3,2022-01-02,2025-12-31
SKU01686,1543,78581.93000000001,829,30,3,2022-01-05,2025-12-28
SKU01687,1403,376913.26,746,30,3,2022-01-02,2025-12-31
SKU01688,5880,877537.9,3209,30,3,2022-01-01,2025-12-31
SKU01689,1800,290157.64,929,30,3,2022-01-03,2025-12-31
SKU01690,3351,2267955.42,1761,30,3,2022-01-01,2025-12-30
SKU01691,2017,461757.31,1025,30,3,2022-01-06,2025-12-28
SKU01692,1745,120945.06999999999,941,30,3,2022-01-01,2025-12-30
SKU01693,2737,3762612.84,1468,30,3,2022-01-05,2025-12-31
SKU01694,1746,1600950.77,956,30,3,2022-01-01,2025-12-31
SKU01695,4122,5103711.13,2196,30,3,2022-01-01,2025-12-31
SKU01696,1216,282293.46,642,30,3,2022-01-02,2025-12-28
SKU01697,1453,416206.96,763,30,3,2022-01-02,2025-12-30
SKU01698,1641,536283.43,870,30,3,2022-01-04,2025-12-31
SKU01699,1671,361270.5,894,30,3,2022-01-02,2025-12-31
SKU01700,3627,549177.29,1889,30,3,2022-01-02,2025-12-30
SKU01701,7218,2828741.73,3851,30,3,2022-01-01,2025-12-31
SKU01702,1614,378999.4,838,30,3,2022-01-03,2025-12-30
SKU01703,2026,744615.25,1088,30,3,2022-01-01,2025-12-30
SKU01704,3803,426276.33,1982,30,3,2022-01-01,2025-12-30
SKU01705,1603,235778.24,858,30,3,2022-01-04,2025-12-31
SKU01706,2920,2885422.4,1541,30,3,2022-01-01,2025-12-31
SKU01707,3897,1289442.21,2076,30,3,2022-01-01,2025-12-31
SKU01708,2067,1411865.96,1096,30,3,2022-01-01,2025-12-31
SKU01709,1591,698450.73,818,30,3,2022-01-02,2025-12-31
SKU01710,1848,3650520.04,987,30,3,2022-01-02,2025-12-30
SKU01711,1451,1186084.59,759,30,3,2022-01-03,2025-12-31
SKU01712,1921,471392.54000000004,1046,30,3,2022-01-05,2025-12-28
SKU01713,4037,2784542.1999999997,2181,30,3,2022-01-01,2025-12-31
SKU01714,10130,3219434.29,5387,30,3,2022-01-01,2025-12-31
SKU01715,2346,5090084.41,1225,30,3,2022-01-03,2025-12-31
SKU01716,2209,1288915.96,1174,30,3,2022-01-03,2025-12-31
SKU01717,1303,355120.34,686,30,3,2022-01-02,2025-12-27
SKU01718,2039,3310234.58,1097,30,3,2022-01-01,2025-12-31
SKU01719,1435,613454.22,775,30,3,2022-01-03,2025-12-31
SKU01720,2374,5299441.92,1249,30,3,2022-01-01,2025-12-31
SKU01721,1633,768592.83,860,30,3,2022-01-07,2025-12-31
SKU01722,1485,223141.32,816,30,3,2022-01-03,2025-12-31
SKU01723,3110,456443.76,1679,30,3,2022-01-01,2025-12-31
SKU01724,3604,986253.34,1883,30,3,2022-01-01,2025-12-31
SKU01725,5388,1202995.84,2872,30,3,2022-01-01,2025-12-31
SKU01726,1553,182275.96,829,30,3,2022-01-02,2025-12-30
SKU01727,2068,210907.84,1115,30,3,2022-01-02,2025-12-31
SKU01728,1682,2999303.52,869,30,3,2022-01-01,2025-12-31
SKU01729,1433,3301737.5100000002,768,30,3,2022-01-03,2025-12-30
SKU01730,10152,961939.15,5379,30,3,2022-01-01,2025-12-31
SKU01731,4097,863513.93,2145,30,3,2022-01-01,2025-12-31
SKU01732,3579,1353545.81,1916,30,3,2022-01-02,2025-12-31
SKU01733,1287,49930.51,678,30,3,2022-01-01,2025-12-31
SKU01734,1977,5271126.62,1027,30,3,2022-01-07,2025-12-31
SKU01735,1580,1488134.6700000002,855,30,3,2022-01-02,2025-12-31
SKU01736,2239,155070.87,1187,30,3,2022-01-01,2025-12-31
SKU01737,4404,3201790.08,2333,30,3,2022-01-01,2025-12-31
SKU01738,2680,1698963.21,1415,30,3,2022-01-01,2025-12-31
SKU01739,1949,906772.9099999999,1041,30,3,2022-01-02,2025-12-30
SKU01740,2276,1156451.85,1228,30,3,2022-01-03,2025-12-31
SKU01741,1505,218030.57,811,30,3,2022-01-11,2025-12-30
SKU01742,1775,110203.18999999999,955,30,3,2022-01-01,2025-12-31
SKU01743,6792,8868130.629999999,3599,30,3,2022-01-01,2025-12-31
SKU01744,1734,1854891.25,935,30,3,2022-01-03,2025-12-31
SKU01745,1437,163024.85,782,30,3,2022-01-02,2025-12-28
SKU01746,5073,5095341.99,2738,30,3,2022-01-01,2025-12-30
SKU01747,3187,2118527.31,1706,30,3,2022-01-01,2025-12-31
SKU01748,1687,1184219.31,881,30,3,2022-01-02,2025-12-31
SKU01749,1830,2910228.4899999998,953,30,3,2022-01-01,2025-12-31
SKU01750,1724,364170.74,919,30,3,2022-01-01,2025-12-31
SKU01751,14288,6198852.14,7571,30,3,2022-01-01,2025-12-31
SKU01752,3977,1698333.58,2145,30,3,2022-01-02,2025-12-30
SKU01753,2247,4474680.08,1190,30,3,2022-01-01,2025-12-31
SKU01754,1153,91950.62999999999,595,30,3,2022-01-03,2025-12-31
SKU01755,3082,456101.01,1609,30,3,2022-01-01,2025-12-30
SKU01756,2891,402353.47,1509,30,3,2022-01-01,2025-12-31
SKU01757,2033,175408.18,1072,30,3,2022-01-03,2025-12-31
SKU01758,1591,189802.7,883,30,3,2022-01-01,2025-12-29
SKU01759,1382,121053.67,736,30,3,2022-01-03,2025-12-31
SKU01760,1873,449738.92,1013,30,3,2022-01-03,2025-12-31
SKU01761,3298,944646.06,1762,30,3,2022-01-01,2025-12-31
SKU01762,1272,2661490.74,679,30,3,2022-01-10,2025-12-27
SKU01763,2361,597313.36,1241,30,3,2022-01-02,2025-12-30
SKU01764,3438,6429518.12,1841,30,3,2022-01-01,2025-12-31
SKU01765,2188,376650.64,1181,30,3,2022-01-05,2025-12-30
SKU01766,1179,1152010.8699999999,642,30,3,2022-01-07,2025-12-28
SKU01767,2156,443471.83,1127,30,3,2022-01-01,2025-12-31
SKU01768,1982,673908.83,1063,30,3,2022-01-02,2025-12-31
SKU01769,3951,2158817.06,2112,30,3,2022-01-02,2025-12-31
SKU01770,1266,383973.64999999997,686,30,3,2022-01-02,2025-12-31
SKU01771,2120,674949.19,1101,30,3,2022-01-01,2025-12-31
SKU01772,1884,453742.37,994,30,3,2022-01-01,2025-12-31
SKU01773,1505,4140656.33,824,30,3,2022-01-01,2025-12-31
SKU01774,7730,942545.78,4129,30,3,2022-01-01,2025-12-31
SKU01775,80820,15536970.520000001,42887,30,3,2022-01-01,2025-12-31
SKU01776,1986,279124.42,1036,30,3,2022-01-01,2025-12-31
SKU01777,1459,662873.11,774,30,3,2022-01-01,2025-12-29
SKU01778,4649,541932.3099999999,2513,30,3,2022-01-01,2025-12-30
SKU01779,2146,263642.1,1158,30,3,2022-01-01,2025-12-31
SKU01780,3993,1417770.05,2123,30,3,2022-01-01,2025-12-31
SKU01781,1278,308806.17,664,30,3,2022-01-03,2025-12-28
SKU01782,1364,318792.7,723,30,3,2022-01-01,2025-12-31
SKU01783,2279,843005.53,1212,30,3,2022-01-01,2025-12-31
SKU01784,18580,2945963.45,9958,30,3,2022-01-01,2025-12-31
SKU01785,2392,248440.32,1288,30,3,2022-01-02,2025-12-31
SKU01786,2508,703870.22,1338,30,3,2022-01-01,2025-12-31
SKU01787,1959,810278.98,1043,30,3,2022-01-03,2025-12-31
SKU01788,1929,1152276.18,1010,30,3,2022-01-02,2025-12-31
SKU01789,1684,265419.4,874,30,3,2022-01-01,2025-12-31
SKU01790,1287,156301.6,711,30,3,2022-01-02,2025-12-31
SKU01791,1834,220479.7,997,30,3,2022-01-03,2025-12-30
SKU01792,1257,474320.92,679,30,3,2022-01-02,2025-12-28
SKU01793,1779,3728913.8200000003,942,30,3,2022-01-04,2025-12-31
SKU01794,4234,1564134.02,2263,30,3,2022-01-01,2025-12-31
SKU01795,1465,358939.07,794,30,3,2022-01-03,2025-12-31
SKU01796,2212,154848.12,1162,30,3,2022-01-02,2025-12-31
SKU01797,2214,152530.93,1191,30,3,2022-01-02,2025-12-31
SKU01798,1366,189984.35,738,30,3,2022-01-12,2025-12-30
SKU01799,1415,319172.91,745,30,3,2022-01-01,2025-12-31
SKU01800,1941,263435.42,1022,30,3,2022-01-01,2025-12-31
SKU01801,1570,1368441.64,857,30,3,2022-01-02,2025-12-31
SKU01802,1700,1305019.5999999999,951,30,3,2022-01-06,2025-12-31
SKU01803,1219,358801.38,640,30,3,2022-01-05,2025-12-31
SKU01804,6889,1427722.05,3634,30,3,2022-01-01,2025-12-31
SKU01805,1256,181523.03,682,30,3,2022-01-01,2025-12-31
SKU01806,1309,377580.86,721,30,3,2022-01-01,2025-12-31
SKU01807,1683,455172.07,906,30,3,2022-01-03,2025-12-31
SKU01808,3166,672333.0,1642,30,3,2022-01-02,2025-12-31
SKU01809,1599,1612277.44,856,30,3,2022-01-02,2025-12-31
SKU01810,1394,170656.23,733,30,3,2022-01-04,2025-12-31
SKU01811,3294,4157700.7600000002,1734,30,3,2022-01-03,2025-12-31
SKU01812,1472,482308.06,781,30,3,2022-01-02,2025-12-31
SKU01813,1389,202840.22,757,30,3,2022-01-08,2025-12-31
SKU01814,2469,2041046.38,1322,30,3,2022-01-03,2025-12-30
SKU01815,3686,4300494.7,1918,30,3,2022-01-01,2025-12-31
SKU01816,2326,7263932.41,1208,30,3,2022-01-03,2025-12-31
SKU01817,1351,411616.01,718,30,3,2022-01-03,2025-12-31
SKU01818,1250,552006.55,672,30,3,2022-01-06,2025-12-31
SKU01819,6001,5869039.850000001,3183,30,3,2022-01-01,2025-12-31
SKU01820,2297,191291.94999999998,1222,30,3,2022-01-03,2025-12-31
SKU01821,1514,3587677.13,823,30,3,2022-01-01,2025-12-31
SKU01822,1277,223827.07,663,30,3,2022-01-01,2025-12-28
SKU01823,6906,8074088.03,3648,30,3,2022-01-01,2025-12-30
SKU01824,1618,500202.44,859,30,3,2022-01-03,2025-12-31
SKU01825,2227,1429862.03,1181,30,3,2022-01-03,2025-12-31
SKU01826,1694,247742.94,909,30,3,2022-01-01,2025-12-29
SKU01827,1270,321073.51,688,30,3,2022-01-02,2025-12-31
SKU01828,1294,639055.6,687,30,3,2022-01-04,2025-12-28
SKU01829,7489,2688526.82,4057,30,3,2022-01-01,2025-12-31
SKU01830,1317,1913806.87,697,30,3,2022-01-03,2025-12-31
SKU01831,1642,527885.69,873,30,3,2022-01-01,2025-12-31
SKU01832,2075,376574.0,1098,30,3,2022-01-06,2025-12-31
SKU01833,5356,311838.31,2822,30,3,2022-01-01,2025-12-31
SKU01834,1227,2487999.2600000002,636,30,3,2022-01-07,2025-12-31
SKU01835,3235,3267962.64,1706,30,3,2022-01-01,2025-12-31
SKU01836,11013,17172093.03,5899,30,3,2022-01-01,2025-12-31
SKU01837,2369,3796103.85,1254,30,3,2022-01-01,2025-12-31
SKU01838,1299,153931.88,695,30,3,2022-01-01,2025-12-31
SKU01839,2283,329230.17,1201,30,3,2022-01-01,2025-12-30
SKU01840,1416,156265.69,772,30,3,2022-01-01,2025-12-31
SKU01841,1459,650586.5,767,30,3,2022-01-08,2025-12-29
SKU01842,4415,1455577.84,2367,30,3,2022-01-02,2025-12-31
SKU01843,6142,2330481.42,3258,30,3,2022-01-01,2025-12-31
SKU01844,1598,1345165.98,886,30,3,2022-01-05,2025-12-31
SKU01845,3908,2288407.9099999997,2055,30,3,2022-01-03,2025-12-31
SKU01846,2039,361824.54,1076,30,3,2022-01-03,2025-12-31
SKU01847,1412,973473.01,756,30,3,2022-01-04,2025-12-30
SKU01848,1909,492697.3,986,30,3,2022-01-02,2025-12-31
SKU01849,2228,300389.05,1186,30,3,2022-01-02,2025-12-31
SKU01850,1969,402866.44,1062,30,3,2022-01-02,2025-12-31
SKU01851,1263,1516239.4,683,30,3,2022-01-04,2025-12-31
SKU01852,1499,196376.63,802,30,3,2022-01-01,2025-12-31
SKU01853,1508,288966.44,791,30,3,2022-01-02,2025-12-28
SKU01854,1386,297512.07,705,30,3,2022-01-03,2025-12-31
SKU01855,1776,3196168.03,933,30,3,2022-01-01,2025-12-31
SKU01856,3569,651412.64,1924,30,3,2022-01-01,2025-12-31
SKU01857,1260,297475.71,682,30,3,2022-01-03,2025-12-29
SKU01858,2082,144106.04,1104,30,3,2022-01-06,2025-12-31
SKU01859,1637,2900551.0,874,30,3,2022-01-01,2025-12-30
SKU01860,6904,1369526.03,3645,30,3,2022-01-01,2025-12-31
SKU01861,1442,864417.75,732,30,3,2022-01-03,2025-12-28
SKU01862,3233,1337112.82,1714,30,3,2022-01-01,2025-12-31
SKU01863,1105,58456.07,622,30,3,2022-01-07,2025-12-31
SKU01864,1637,351136.4,888,30,3,2022-01-03,2025-12-30
SKU01865,2215,3462179.13,1183,30,3,2022-01-01,2025-12-31
SKU01866,4508,1119848.92,2469,30,3,2022-01-01,2025-12-31
SKU01867,1354,129654.33,741,30,3,2022-01-04,2025-12-31
SKU01868,1830,1603278.3,955,30,3,2022-01-05,2025-12-31
SKU01869,1601,2620837.15,855,30,3,2022-01-02,2025-12-31
SKU01870,9705,2085124.95,5207,30,3,2022-01-01,2025-12-31
SKU01871,1580,231770.92,820,30,3,2022-01-03,2025-12-30
SKU01872,2479,1343639.43,1316,30,3,2022-01-02,2025-12-30
SKU01873,1720,1209064.03,919,30,3,2022-01-06,2025-12-31
SKU01874,1271,484821.16,680,30,3,2022-01-07,2025-12-31
SKU01875,1823,497873.38,962,30,3,2022-01-04,2025-12-31
SKU01876,1522,406229.02999999997,810,30,3,2022-01-06,2025-12-31
SKU01877,1278,1570558.69,663,30,3,2022-01-06,2025-12-28
SKU01878,6675,620547.9400000001,3507,30,3,2022-01-01,2025-12-31
SKU01879,1993,778951.3,1057,30,3,2022-01-01,2025-12-31
SKU01880,1215,587928.9,636,30,3,2022-01-05,2025-12-31
SKU01881,1369,339105.12,710,30,3,2022-01-04,2025-12-31
SKU01882,5951,389676.91,3180,30,3,2022-01-01,2025-12-31
SKU01883,1734,102170.13,903,30,3,2022-01-02,2025-12-31
SKU01884,4312,4559144.859999999,2281,30,3,2022-01-01,2025-12-31
SKU01885,1628,471460.3,851,30,3,2022-01-06,2025-12-31
SKU01886,3100,5749319.73,1644,30,3,2022-01-03,2025-12-30
SKU01887,1899,2178032.78,981,30,3,2022-01-01,2025-12-31
SKU01888,1321,128903.24,699,30,3,2022-01-03,2025-12-31
SKU01889,4188,327048.7,2241,30,3,2022-01-01,2025-12-31
SKU01890,7785,875850.5,4098,30,3,2022-01-01,2025-12-31
SKU01891,1650,96355.09,867,30,3,2022-01-07,2025-12-31
SKU01892,2353,503843.98000000004,1277,30,3,2022-01-05,2025-12-31
SKU01893,1418,3881021.02,762,30,3,2022-01-03,2025-12-29
SKU01894,2127,1250907.17,1150,30,3,2022-01-01,2025-12-30
SKU01895,1976,175684.85,1064,30,3,2022-01-02,2025-12-29
SKU01896,1511,117697.37,787,30,3,2022-01-03,2025-12-31
SKU01897,3355,1557800.05,1777,30,3,2022-01-01,2025-12-29
SKU01898,2537,735665.4500000001,1343,30,3,2022-01-01,2025-12-31
SKU01899,2026,1421357.53,1107,30,3,2022-01-03,2025-12-30
SKU01900,1803,560675.23,946,30,3,2022-01-03,2025-12-30
SKU01901,1764,171944.77,947,30,3,2022-01-01,2025-12-31
SKU01902,6186,378944.66000000003,3299,30,3,2022-01-01,2025-12-31
SKU01903,1294,437551.34,700,30,3,2022-01-03,2025-12-30
SKU01904,7011,1843992.57,3711,30,3,2022-01-01,2025-12-30
SKU01905,1345,2548385.23,754,30,3,2022-01-01,2025-12-29
SKU01906,1197,172516.43,643,30,3,2022-01-02,2025-12-30
SKU01907,1689,2743631.22,907,30,3,2022-01-11,2025-12-31
SKU01908,2582,5133019.31,1347,30,3,2022-01-02,2025-12-30
SKU01909,2078,627377.9,1079,30,3,2022-01-01,2025-12-31
SKU01910,1767,500898.81,928,30,3,2022-01-01,2025-12-31
SKU01911,1149,1194740.82,623,30,3,2022-01-04,2025-12-31
SKU01912,1566,1194742.2,798,30,3,2022-01-01,2025-12-31
SKU01913,1299,255761.54,679,30,3,2022-01-01,2025-12-31
SKU01914,1424,2046510.59,760,30,3,2022-01-01,2025-12-31
SKU01915,1197,755394.7000000001,662,30,3,2022-01-03,2025-12-31
SKU01916,2650,1430827.1300000001,1404,30,3,2022-01-02,2025-12-30
SKU01917,2466,2277001.8,1288,30,3,2022-01-01,2025-12-30
SKU01918,1946,964272.68,1055,30,3,2022-01-01,2025-12-30
SKU01919,1237,101375.31999999999,665,30,3,2022-01-02,2025-12-31
SKU01920,5191,1547653.27,2824,30,3,2022-01-01,2025-12-31
SKU01921,1840,111968.13,985,30,3,2022-01-02,2025-12-30
SKU01922,1642,1250974.8900000001,877,30,3,2022-01-01,2025-12-30
SKU01923,2597,984347.1499999999,1341,30,3,2022-01-01,2025-12-31
SKU01924,1390,136236.82,740,30,3,2022-01-02,2025-12-30
SKU01925,2912,3181683.14,1561,30,3,2022-01-03,2025-12-31
SKU01926,3038,1824835.53,1606,30,3,2022-01-01,2025-12-31
SKU01927,2561,564306.77,1350,30,3,2022-01-01,2025-12-31
SKU01928,3174,597454.57,1733,30,3,2022-01-02,2025-12-31
SKU01929,1659,124066.76999999999,887,30,3,2022-01-03,2025-12-31
SKU01930,1905,107007.37,1018,30,3,2022-01-01,2025-12-31
SKU01931,2541,3399961.16,1318,30,3,2022-01-01,2025-12-31
SKU01932,1771,299774.42,925,30,3,2022-01-06,2025-12-31
SKU01933,1779,378986.32,950,30,3,2022-01-05,2025-12-31
SKU01934,2484,1566369.3499999999,1306,30,3,2022-01-01,2025-12-31
SKU01935,1483,225057.25,775,30,3,2022-01-01,2025-12-31
SKU01936,1615,822888.85,862,30,3,2022-01-02,2025-12-31
SKU01937,3971,6193532.05,2082,30,3,2022-01-01,2025-12-30
SKU01938,4466,4506620.11,2353,30,3,2022-01-01,2025-12-30
SKU01939,1399,394515.97000000003,727,30,3,2022-01-04,2025-12-30
SKU01940,4159,493878.25,2228,30,3,2022-01-01,2025-12-31
SKU01941,3772,1936649.1199999999,1989,30,3,2022-01-01,2025-12-31
SKU01942,1699,136481.5,886,30,3,2022-01-04,2025-12-31
SKU01943,1649,1607967.09,850,30,3,2022-01-04,2025-12-30
SKU01944,1312,44714.33,699,30,3,2022-01-01,2025-12-30
SKU01945,1791,355864.23000000004,969,30,3,2022-01-02,2025-12-31
SKU01946,2247,6405338.49,1161,30,3,2022-01-03,2025-12-31
SKU01947,1902,238602.25,1027,30,3,2022-01-01,2025-12-31
SKU01948,1754,2594034.06,944,30,3,2022-01-03,2025-12-29
SKU01949,1382,1605828.93,732,30,3,2022-01-02,2025-12-31
SKU01950,4201,414368.01,2227,30,3,2022-01-01,2025-12-31
SKU01951,1422,1333327.27,742,30,3,2022-01-03,2025-12-26
SKU01952,1968,2448286.32,1047,30,3,2022-01-03,2025-12-30
SKU01953,11255,3269359.83,5995,30,3,2022-01-01,2025-12-31
SKU01954,1871,363675.79,980,30,3,2022-01-01,2025-12-30
SKU01955,2181,762752.78,1154,30,3,2022-01-07,2025-12-30
SKU01956,1863,453573.08999999997,1005,30,3,2022-01-01,2025-12-29
SKU01957,4223,2168134.84,2275,30,3,2022-01-02,2025-12-31
SKU01958,1513,133830.13999999998,834,30,3,2022-01-05,2025-12-30
SKU01959,1632,163762.61000000002,867,30,3,2022-01-04,2025-12-30
SKU01960,3299,301208.56,1797,30,3,2022-01-02,2025-12-31
SKU01961,2974,686888.93,1595,30,3,2022-01-01,2025-12-31
SKU01962,1908,3168333.16,1042,30,3,2022-01-02,2025-12-29
SKU01963,1741,853862.4700000001,897,30,3,2022-01-02,2025-12-31
SKU01964,2105,2255992.7800000003,1107,30,3,2022-01-01,2025-12-30
SKU01965,2523,2983209.63,1360,30,3,2022-01-02,2025-12-31
SKU01966,3482,365204.56,1813,30,3,2022-01-01,2025-12-31
SKU01967,1304,252387.06,703,30,3,2022-01-03,2025-12-31
SKU01968,5465,3095246.05,2895,30,3,2022-01-01,2025-12-31
SKU01969,2370,1094881.81,1247,30,3,2022-01-01,2025-12-31
SKU01970,1292,1800755.82,696,30,3,2022-01-04,2025-12-29
SKU01971,1270,2924949.61,652,30,3,2022-01-01,2025-12-28
SKU01972,3167,241862.56,1715,30,3,2022-01-02,2025-12-31
SKU01973,2201,657907.4199999999,1165,30,3,2022-01-04,2025-12-31
SKU01974,2207,2061802.49,1157,30,3,2022-01-04,2025-12-31
SKU01975,1920,4606527.21,988,30,3,2022-01-01,2025-12-31
SKU01976,1358,452901.96,719,30,3,2022-01-01,2025-12-31
SKU01977,1607,164065.33,844,30,3,2022-01-02,2025-12-31
SKU01978,3019,885841.35,1631,30,3,2022-01-03,2025-12-31
SKU01979,1482,238954.27,765,30,3,2022-01-03,2025-12-30
SKU01980,1534,262880.72000000003,829,30,3,2022-01-01,2025-12-31
SKU01981,1290,950587.04,669,30,3,2022-01-03,2025-12-31
SKU01982,8707,724717.21,4650,30,3,2022-01-01,2025-12-31
SKU01983,4671,2330737.1599999997,2501,30,3,2022-01-01,2025-12-31
SKU01984,5325,1275073.78,2768,30,3,2022-01-01,2025-12-31
SKU01985,1576,426632.91000000003,851,30,3,2022-01-01,2025-12-31
SKU01986,1293,2490369.7199999997,684,30,3,2022-01-03,2025-12-28
SKU01987,9617,9771285.63,5138,30,3,2022-01-01,2025-12-31
SKU01988,13978,4301905.7700000005,7417,30,3,2022-01-01,2025-12-31
SKU01989,1324,455415.21,733,30,3,2022-01-14,2025-12-27
SKU01990,3581,542710.57,1896,30,3,2022-01-01,2025-12-30
SKU01991,1533,3887642.3699999996,815,30,3,2022-01-02,2025-12-31
SKU01992,2700,999707.56,1450,30,3,2022-01-01,2025-12-31
SKU01993,20267,2682908.79,10719,30,3,2022-01-01,2025-12-31
SKU01994,1565,1906663.3499999999,861,30,3,2022-01-02,2025-12-29
SKU01995,1515,418259.3,805,30,3,2022-01-01,2025-12-30
SKU01996,2002,631677.66,1091,30,3,2022-01-02,2025-12-31
SKU01997,2734,202153.13,1443,30,3,2022-01-01,2025-12-31
SKU01998,1423,123750.54000000001,746,30,3,2022-01-08,2025-12-30
SKU01999,1481,2566816.15,750,30,3,2022-01-06,2025-12-31
SKU02000,1362,3582984.33,716,30,3,2022-01-02,2025-12-30
SKU02001,2768,206235.63,1454,30,3,2022-01-01,2025-12-30
SKU02002,4088,964817.7,2207,30,3,2022-01-01,2025-12-31
SKU02003,4258,2424204.31,2309,30,3,2022-01-01,2025-12-31
SKU02004,8047,7029698.11,4267,30,3,2022-01-01,2025-12-31
SKU02005,1863,1379523.47,1024,30,3,2022-01-01,2025-12-30
SKU02006,2266,170135.13,1221,30,3,2022-01-01,2025-12-31
SKU02007,2970,667742.98,1538,30,3,2022-01-01,2025-12-31
SKU02008,3655,3175271.54,1944,30,3,2022-01-01,2025-12-31
SKU02009,1614,2963132.48,837,30,3,2022-01-03,2025-12-30
SKU02010,2316,658381.89,1217,30,3,2022-01-01,2025-12-31
SKU02011,2141,2443088.43,1135,30,3,2022-01-02,2025-12-31
SKU02012,2029,137016.85,1072,30,3,2022-01-02,2025-12-31
SKU02013,1646,369882.08,892,30,3,2022-01-01,2025-12-30
SKU02014,1212,765886.36,663,30,3,2022-01-03,2025-12-28
SKU02015,4730,460009.7,2534,30,3,2022-01-01,2025-12-31
SKU02016,3883,706725.5,2057,30,3,2022-01-02,2025-12-31
SKU02017,2993,297178.64,1605,30,3,2022-01-01,2025-12-31
SKU02018,5370,5208558.550000001,2860,30,3,2022-01-01,2025-12-31
SKU02019,2154,666146.5,1096,30,3,2022-01-04,2025-12-30
SKU02020,1938,257556.38,1033,30,3,2022-01-02,2025-12-31
SKU02021,1439,397462.65,783,30,3,2022-01-04,2025-12-29
SKU02022,3887,4840734.38,2012,30,3,2022-01-01,2025-12-31
SKU02023,1436,179983.52000000002,755,30,3,2022-01-02,2025-12-31
SKU02024,4271,6451890.9799999995,2253,30,3,2022-01-01,2025-12-31
SKU02025,1427,282010.82,783,30,3,2022-01-01,2025-12-31
SKU02026,1887,3206494.7399999998,1029,30,3,2022-01-03,2025-12-28
SKU02027,4081,584458.72,2143,30,3,2022-01-01,2025-12-31
SKU02028,2548,823860.28,1361,30,3,2022-01-01,2025-12-30
SKU02029,5262,2303120.96,2848,30,3,2022-01-01,2025-12-31
SKU02030,2401,773703.6,1268,30,3,2022-01-02,2025-12-31
SKU02031,3147,5364796.2,1675,30,3,2022-01-01,2025-12-31
SKU02032,1414,120963.35,713,30,3,2022-01-07,2025-12-29
SKU02033,4060,3594044.65,2147,30,3,2022-01-01,2025-12-30
SKU02034,7296,5157935.28,3839,30,3,2022-01-01,2025-12-31
SKU02035,3487,2960180.5,1868,30,3,2022-01-05,2025-12-31
SKU02036,6107,1188675.8,3250,30,3,2022-01-01,2025-12-31
SKU02037,2724,572360.28,1430,30,3,2022-01-01,2025-12-31
SKU02038,1197,95178.52,645,30,3,2022-01-04,2025-12-30
SKU02039,1527,510197.03,816,30,3,2022-01-03,2025-12-30
SKU02040,5841,8568100.51,3069,30,3,2022-01-02,2025-12-31
SKU02041,1630,363362.74,856,30,3,2022-01-01,2025-12-31
SKU02042,1419,172787.87,787,30,3,2022-01-04,2025-12-31
SKU02043,1821,359949.32,972,30,3,2022-01-02,2025-12-31
SKU02044,1479,236581.9,777,30,3,2022-01-03,2025-12-31
SKU02045,1673,1696922.32,904,30,3,2022-01-03,2025-12-31
SKU02046,13220,24681426.97,6989,30,3,2022-01-01,2025-12-31
SKU02047,2650,792912.99,1442,30,3,2022-01-02,2025-12-31
SKU02048,2940,1423102.8699999999,1541,30,3,2022-01-01,2025-12-31
SKU02049,1457,973141.1799999999,774,30,3,2022-01-01,2025-12-31
SKU02050,5929,502946.17,3195,30,3,2022-01-02,2025-12-31
SKU02051,1575,673715.48,840,30,3,2022-01-03,2025-12-31
SKU02052,9520,2436774.52,5075,30,3,2022-01-01,2025-12-31
SKU02053,1767,375566.97000000003,957,30,3,2022-01-01,2025-12-31
SKU02054,4278,597044.48,2280,30,3,2022-01-01,2025-12-31
SKU02055,1222,511958.22,646,30,3,2022-01-07,2025-12-30
SKU02056,2478,3251842.12,1290,30,3,2022-01-01,2025-12-31
SKU02057,1366,212038.99,694,30,3,2022-01-06,2025-12-27
SKU02058,1774,853594.95,935,30,3,2022-01-01,2025-12-29
SKU02059,1324,57479.99,719,30,3,2022-01-08,2025-12-28
SKU02060,2508,499642.36000000004,1342,30,3,2022-01-02,2025-12-30
SKU02061,2561,10682951.09,1331,30,3,2022-01-01,2025-12-31
SKU02062,1833,3159572.14,958,30,3,2022-01-02,2025-12-31
SKU02063,2330,942931.61,1237,30,3,2022-01-02,2025-12-31
SKU02064,1274,54711.36,693,30,3,2022-01-04,2025-12-31
SKU02065,2489,163107.69,1279,30,3,2022-01-04,2025-12-29
SKU02066,2105,574508.86,1129,30,3,2022-01-01,2025-12-30
SKU02067,3645,1004639.8099999999,1934,30,3,2022-01-02,2025-12-28
SKU02068,12117,2844457.03,6433,30,3,2022-01-01,2025-12-31
SKU02069,1423,142040.19,768,30,3,2022-01-04,2025-12-30
SKU02070,1343,196502.83000000002,707,30,3,2022-01-01,2025-12-31
SKU02071,11189,1892388.46,5962,30,3,2022-01-01,2025-12-31
SKU02072,2234,188078.35,1181,30,3,2022-01-01,2025-12-31
SKU02073,1416,606604.75,758,30,3,2022-01-05,2025-12-29
SKU02074,1568,164528.84,827,30,3,2022-01-01,2025-12-31
SKU02075,1181,658601.83,650,30,3,2022-01-01,2025-12-31
SKU02076,1457,1392808.72,788,30,3,2022-01-03,2025-12-30
SKU02077,3415,1424743.01,1793,30,3,2022-01-01,2025-12-31
SKU02078,1455,219922.34,783,30,3,2022-01-06,2025-12-26
SKU02079,13883,1994276.4000000001,7337,30,3,2022-01-01,2025-12-31
SKU02080,2184,204795.16,1134,30,3,2022-01-01,2025-12-31
SKU02081,2528,1431590.6400000001,1298,30,3,2022-01-01,2025-12-30
SKU02082,2938,591703.15,1561,30,3,2022-01-01,2025-12-31
SKU02083,1448,180714.0,777,30,3,2022-01-01,2025-12-28
SKU02084,1458,161842.28,778,30,3,2022-01-01,2025-12-31
SKU02085,1830,2076259.56,956,30,3,2022-01-01,2025-12-31
SKU02086,4248,8797866.4,2246,30,3,2022-01-02,2025-12-31
SKU02087,8164,484513.14999999997,4383,30,3,2022-01-01,2025-12-31
SKU02088,14207,924075.85,7460,30,3,2022-01-01,2025-12-31
SKU02089,1325,516822.9,727,30,3,2022-01-07,2025-12-30
SKU02090,1984,1087648.92,1029,30,3,2022-01-04,2025-12-31
SKU02091,3167,150887.1,1698,30,3,2022-01-01,2025-12-31
SKU02092,1594,626922.66,859,30,3,2022-01-03,2025-12-31
SKU02093,2053,323400.39999999997,1070,30,3,2022-01-02,2025-12-31
SKU02094,1353,303617.93,722,30,3,2022-01-04,2025-12-30
SKU02095,1568,682520.5499999999,844,30,3,2022-01-05,2025-12-30
SKU02096,2288,1444472.76,1220,30,3,2022-01-03,2025-12-28
SKU02097,1868,1574470.83,1016,30,3,2022-01-01,2025-12-31
SKU02098,3381,358718.97,1801,30,3,2022-01-01,2025-12-31
SKU02099,2426,363589.88,1310,30,3,2022-01-02,2025-12-31
SKU02100,4980,1690932.82,2631,30,3,2022-01-01,2025-12-31
SKU02101,1553,1501930.98,794,30,3,2022-01-01,2025-12-31
SKU02102,1773,586480.84,979,30,3,2022-01-01,2025-12-30
SKU02103,1290,135711.58000000002,706,30,3,2022-01-03,2025-12-29
SKU02104,1289,318881.76,688,30,3,2022-01-02,2025-12-30
SKU02105,3241,454536.71,1710,30,3,2022-01-02,2025-12-31
SKU02106,2605,1169124.3800000001,1378,30,3,2022-01-04,2025-12-31
SKU02107,5893,4492870.68,3153,30,3,2022-01-01,2025-12-30
SKU02108,2568,1466451.1500000001,1376,30,3,2022-01-10,2025-12-31
SKU02109,2116,824741.27,1135,30,3,2022-01-02,2025-12-31
SKU02110,1456,342007.24,797,30,3,2022-01-03,2025-12-30
SKU02111,6667,1088844.98,3454,30,3,2022-01-02,2025-12-31
SKU02112,1237,191123.19,651,30,3,2022-01-02,2025-12-28
SKU02113,1937,555819.65,1025,30,3,2022-01-04,2025-12-28
SKU02114,1231,825922.03,640,30,3,2022-01-01,2025-12-31
SKU02115,1468,154400.08,778,30,3,2022-01-02,2025-12-30
SKU02116,1412,197083.39,746,30,3,2022-01-02,2025-12-26
SKU02117,1495,4806181.51,808,30,3,2022-01-01,2025-12-31
SKU02118,1771,3194391.5300000003,948,30,3,2022-01-02,2025-12-29
SKU02119,1315,198509.73,730,30,3,2022-01-01,2025-12-31
SKU02120,1359,103019.98,718,30,3,2022-01-02,2025-12-30
SKU02121,2191,450103.81,1202,30,3,2022-01-02,2025-12-30
SKU02122,1609,231037.02000000002,864,30,3,2022-01-02,2025-12-31
SKU02123,1448,293793.51,776,30,3,2022-01-02,2025-12-31
SKU02124,1740,274713.13,931,30,3,2022-01-05,2025-12-30
SKU02125,1930,205768.06,1028,30,3,2022-01-05,2025-12-29
SKU02126,2086,614633.8,1114,30,3,2022-01-01,2025-12-31
SKU02127,1726,206443.86,934,30,3,2022-01-01,2025-12-29
SKU02128,1374,235310.88999999998,747,30,3,2022-01-02,2025-12-31
SKU02129,1270,269753.67,692,30,3,2022-01-05,2025-12-31
SKU02130,6133,4340741.0,3252,30,3,2022-01-01,2025-12-31
SKU02131,2100,2181366.88,1125,30,3,2022-01-01,2025-12-31
SKU02132,5048,2035763.01,2698,30,3,2022-01-01,2025-12-31
SKU02133,1932,380574.31,983,30,3,2022-01-02,2025-12-31
SKU02134,1913,1176367.69,1049,30,3,2022-01-01,2025-12-31
SKU02135,1883,2146716.54,986,30,3,2022-01-07,2025-12-31
SKU02136,2064,6155587.2,1110,30,3,2022-01-01,2025-12-31
SKU02137,2090,3660697.92,1127,30,3,2022-01-02,2025-12-31
SKU02138,2097,1578604.12,1134,30,3,2022-01-01,2025-12-31
SKU02139,1456,379224.26999999996,763,30,3,2022-01-07,2025-12-30
SKU02140,1604,422780.15,842,30,3,2022-01-02,2025-12-31
SKU02141,100338,44579842.24,53014,30,3,2022-01-01,2025-12-31
SKU02142,1349,190004.7,700,30,3,2022-01-02,2025-12-27
SKU02143,4464,371567.35,2378,30,3,2022-01-01,2025-12-31
SKU02144,1958,4991461.74,1045,30,3,2022-01-02,2025-12-31
SKU02145,1499,1011951.5399999999,796,30,3,2022-01-01,2025-12-27
SKU02146,3507,7642371.6,1836,30,3,2022-01-01,2025-12-31
SKU02147,1376,175562.26,733,30,3,2022-01-01,2025-12-31
SKU02148,2775,699517.96,1468,30,3,2022-01-02,2025-12-31
SKU02149,1371,94426.06999999999,730,30,3,2022-01-02,2025-12-31
SKU02150,1600,2061061.03,854,30,3,2022-01-02,2025-12-27
SKU02151,1824,389822.98000000004,998,30,3,2022-01-05,2025-12-30
SKU02152,1636,204616.38,884,30,3,2022-01-02,2025-12-31
SKU02153,1759,1120422.3,947,30,3,2022-01-01,2025-12-30
SKU02154,3789,6597857.06,1977,30,3,2022-01-01,2025-12-31
SKU02155,16717,17264761.66,8995,30,3,2022-01-01,2025-12-31
SKU02156,3111,530189.74,1678,30,3,2022-01-01,2025-12-30
SKU02157,1580,270443.23,846,30,3,2022-01-11,2025-12-30
SKU02158,1674,151390.57,907,30,3,2022-01-04,2025-12-31
SKU02159,2985,619480.27,1616,30,3,2022-01-01,2025-12-31
SKU02160,3220,919282.21,1655,30,3,2022-01-03,2025-12-30
SKU02161,3194,394919.97000000003,1704,30,3,2022-01-01,2025-12-30
SKU02162,5595,2075934.55,2975,30,3,2022-01-01,2025-12-30
SKU02163,4235,3143927.77,2209,30,3,2022-01-02,2025-12-30
SKU02164,1267,399074.68,680,30,3,2022-01-04,2025-12-30
SKU02165,5270,746529.39,2830,30,3,2022-01-01,2025-12-31
SKU02166,2139,864700.0199999999,1158,30,3,2022-01-04,2025-12-30
SKU02167,7587,1346580.26,4032,30,3,2022-01-01,2025-12-31
SKU02168,2337,1061151.78,1248,30,3,2022-01-02,2025-12-31
SKU02169,4066,4231114.73,2178,30,3,2022-01-02,2025-12-31
SKU02170,1337,881741.01,731,30,3,2022-01-06,2025-12-31
SKU02171,1460,76492.86,789,30,3,2022-01-06,2025-12-31
SKU02172,1288,181467.47,687,30,3,2022-01-01,2025-12-31
SKU02173,2283,1022611.26,1172,30,3,2022-01-03,2025-12-31
SKU02174,1825,874329.94,935,30,3,2022-01-03,2025-12-30
SKU02175,1298,1969346.06,698,30,3,2022-01-04,2025-12-30
SKU02176,17947,16388799.47,9562,30,3,2022-01-01,2025-12-31
SKU02177,2451,1124877.54,1311,30,3,2022-01-03,2025-12-31
SKU02178,6191,1099578.93,3270,30,3,2022-01-01,2025-12-31
SKU02179,3018,550144.02,1614,30,3,2022-01-02,2025-12-31
SKU02180,3608,330468.77999999997,1898,30,3,2022-01-01,2025-12-31
SKU02181,1378,211589.44,727,30,3,2022-01-02,2025-12-30
SKU02182,1499,1371617.89,790,30,3,2022-01-01,2025-12-31
SKU02183,7125,1700686.6300000001,3826,30,3,2022-01-02,2025-12-31
SKU02184,1612,3399221.08,892,30,3,2022-01-07,2025-12-30
SKU02185,2223,1336894.28,1153,30,3,2022-01-09,2025-12-31
SKU02186,1764,919690.58,941,30,3,2022-01-01,2025-12-31
SKU02187,2918,667336.03,1534,30,3,2022-01-02,2025-12-31
SKU02188,2145,5403860.45,1156,30,3,2022-01-02,2025-12-31
SKU02189,5793,546441.93,3046,30,3,2022-01-01,2025-12-31
SKU02190,1950,493164.75,1027,30,3,2022-01-04,2025-12-31
SKU02191,6521,2232021.45,3429,30,3,2022-01-01,2025-12-31
SKU02192,2401,1394617.45,1255,30,3,2022-01-02,2025-12-31
SKU02193,1326,344825.35,716,30,3,2022-01-04,2025-12-31
SKU02194,1276,1287714.1199999999,649,30,3,2022-01-05,2025-12-29
SKU02195,1428,648370.6900000001,761,30,3,2022-01-08,2025-12-31
SKU02196,2930,834415.44,1523,30,3,2022-01-01,2025-12-31
SKU02197,1524,190472.63,797,30,3,2022-01-01,2025-12-31
SKU02198,4339,2978842.68,2301,30,3,2022-01-01,2025-12-31
SKU02199,2003,202477.21,1046,30,3,2022-01-03,2025-12-30
SKU02200,1409,1130498.4000000001,767,30,3,2022-01-04,2025-12-31
SKU02201,8501,8543856.22,4476,30,3,2022-01-01,2025-12-31
SKU02202,1335,2640902.6,737,30,3,2022-01-06,2025-12-31
SKU02203,1536,1276279.79,808,30,3,2022-01-06,2025-12-31
SKU02204,3277,1909868.14,1746,30,3,2022-01-01,2025-12-31
SKU02205,1256,77918.40999999999,641,30,3,2022-01-02,2025-12-31
SKU02206,1831,388480.82,958,30,3,2022-01-01,2025-12-31
SKU02207,1501,451813.3,784,30,3,2022-01-01,2025-12-29
SKU02208,2592,394455.08999999997,1388,30,3,2022-01-02,2025-12-31
SKU02209,1322,1208595.31,714,30,3,2022-01-01,2025-12-30
SKU02210,1882,181100.98,1034,30,3,2022-01-01,2025-12-31
SKU02211,1389,1592399.45,702,30,3,2022-01-03,2025-12-29
SKU02212,1327,712608.13,715,30,3,2022-01-09,2025-12-31
SKU02213,1482,256470.83000000002,765,30,3,2022-01-02,2025-12-31
SKU02214,1868,342044.49,978,30,3,2022-01-03,2025-12-28
SKU02215,5146,3522322.6,2769,30,3,2022-01-01,2025-12-30
SKU02216,4561,868187.0800000001,2433,30,3,2022-01-01,2025-12-31
SKU02217,1244,533230.1699999999,645,30,3,2022-01-01,2025-12-26
SKU02218,3011,375661.04,1615,30,3,2022-01-04,2025-12-30
SKU02219,5744,880856.98,3052,30,3,2022-01-01,2025-12-31
SKU02220,2713,373473.86,1460,30,3,2022-01-02,2025-12-31
SKU02221,1209,138801.37,650,30,3,2022-01-06,2025-12-31
SKU02222,1609,3631509.75,870,30,3,2022-01-02,2025-12-31
SKU02223,1282,303634.57,662,30,3,2022-01-08,2025-12-31
SKU02224,1356,205421.3,718,30,3,2022-01-01,2025-12-31
SKU02225,1637,1674218.3,863,30,3,2022-01-04,2025-12-31
SKU02226,1363,130050.68000000001,744,30,3,2022-01-01,2025-12-31
SKU02227,2592,2663841.29,1343,30,3,2022-01-01,2025-12-31
SKU02228,1576,270959.92,848,30,3,2022-01-01,2025-12-31
SKU02229,2269,280674.66,1207,30,3,2022-01-04,2025-12-29
SKU02230,2421,2212306.0100000002,1295,30,3,2022-01-02,2025-12-31
SKU02231,7158,340127.88,3848,30,3,2022-01-01,2025-12-31
SKU02232,1517,587385.55,808,30,3,2022-01-01,2025-12-27
SKU02233,3932,964925.3999999999,2056,30,3,2022-01-01,2025-12-31
SKU02234,1426,409992.43,769,30,3,2022-01-01,2025-12-31
SKU02235,1863,314339.48,978,30,3,2022-01-03,2025-12-31
SKU02236,2226,2384294.63,1151,30,3,2022-01-03,2025-12-31
SKU02237,1504,134935.42,806,30,3,2022-01-03,2025-12-31
SKU02238,1814,282108.92,929,30,3,2022-01-02,2025-12-30
SKU02239,1621,362403.13,864,30,3,2022-01-02,2025-12-30
SKU02240,2824,4928537.51,1529,30,3,2022-01-01,2025-12-31
SKU02241,1579,283777.04,834,30,3,2022-01-06,2025-12-31
SKU02242,1697,226875.82,914,30,3,2022-01-01,2025-12-30
SKU02243,3788,2103060.59,2011,30,3,2022-01-03,2025-12-31
SKU02244,1746,86375.24,938,30,3,2022-01-02,2025-12-29
SKU02245,1546,233274.57,835,30,3,2022-01-04,2025-12-30
SKU02246,1949,1386350.2,1015,30,3,2022-01-01,2025-12-28
SKU02247,21215,3568017.47,11301,30,3,2022-01-01,2025-12-31
SKU02248,1261,151958.59,672,30,3,2022-01-01,2025-12-31
SKU02249,1483,215877.98,803,30,3,2022-01-05,2025-12-31
SKU02250,2427,4753636.45,1281,30,3,2022-01-02,2025-12-31
SKU02251,4784,810915.54,2526,30,3,2022-01-01,2025-12-31
SKU02252,1362,678212.48,739,30,3,2022-01-01,2025-12-30
SKU02253,1245,1650182.29,656,30,3,2022-01-03,2025-12-31
SKU02254,2252,1182982.47,1208,30,3,2022-01-01,2025-12-31
SKU02255,1285,283160.4,711,30,3,2022-01-02,2025-12-31
SKU02256,1524,4324983.51,827,30,3,2022-01-04,2025-12-29
SKU02257,1506,1139155.4,805,30,3,2022-01-01,2025-12-26
SKU02258,4486,11092630.78,2435,30,3,2022-01-01,2025-12-31
SKU02259,2676,622180.76,1449,30,3,2022-01-01,2025-12-31
SKU02260,3520,833725.91,1825,30,3,2022-01-01,2025-12-31
SKU02261,2463,1085850.24,1291,30,3,2022-01-01,2025-12-31
SKU02262,3408,621563.41,1852,30,3,2022-01-01,2025-12-31
SKU02263,1698,280059.61,911,30,3,2022-01-01,2025-12-30
SKU02264,1488,952646.84,775,30,3,2022-01-10,2025-12-30
SKU02265,4060,3210272.6,2096,30,3,2022-01-02,2025-12-31
SKU02266,1520,744977.51,813,30,3,2022-01-04,2025-12-31
SKU02267,1236,688751.74,670,30,3,2022-01-02,2025-12-30
SKU02268,12274,2359438.56,6547,30,3,2022-01-01,2025-12-31
SKU02269,1552,192794.72999999998,811,30,3,2022-01-05,2025-12-28
SKU02270,3410,498107.23000000004,1809,30,3,2022-01-01,2025-12-31
SKU02271,4408,1384029.21,2370,30,3,2022-01-02,2025-12-31
SKU02272,4690,11003808.81,2444,30,3,2022-01-01,2025-12-31
SKU02273,1885,376552.11,1008,30,3,2022-01-03,2025-12-28
SKU02274,1621,3592858.17,824,30,3,2022-01-01,2025-12-31
SKU02275,1845,321755.81,972,30,3,2022-01-05,2025-12-31
SKU02276,1353,869784.24,723,30,3,2022-01-02,2025-12-28
SKU02277,1250,144254.55,660,30,3,2022-01-01,2025-12-31
SKU02278,2315,1153969.31,1220,30,3,2022-01-01,2025-12-31
SKU02279,1301,2229315.44,699,30,3,2022-01-01,2025-12-31
SKU02280,1484,466544.05,808,30,3,2022-01-02,2025-12-31
SKU02281,1565,135075.95,839,30,3,2022-01-01,2025-12-30
SKU02282,3648,683774.09,1946,30,3,2022-01-01,2025-12-31
SKU02283,6081,500540.66,3250,30,3,2022-01-02,2025-12-31
SKU02284,2170,482049.94,1139,30,3,2022-01-01,2025-12-31
SKU02285,3272,652386.25,1754,30,3,2022-01-01,2025-12-31
SKU02286,3003,1379243.78,1549,30,3,2022-01-01,2025-12-31
SKU02287,1962,1227112.95,1062,30,3,2022-01-03,2025-12-29
SKU02288,1895,4990796.94,1005,30,3,2022-01-02,2025-12-31
SKU02289,1766,1312841.57,938,30,3,2022-01-03,2025-12-31
SKU02290,1290,208918.13,700,30,3,2022-01-06,2025-12-31
SKU02291,1671,461688.02999999997,889,30,3,2022-01-01,2025-12-31
SKU02292,1355,356008.83,725,30,3,2022-01-03,2025-12-29
SKU02293,1646,261098.9,856,30,3,2022-01-01,2025-12-29
SKU02294,2469,142015.08,1354,30,3,2022-01-01,2025-12-31
SKU02295,1590,1531329.77,851,30,3,2022-01-03,2025-12-29
SKU02296,1463,1384772.55,775,30,3,2022-01-03,2025-12-31
SKU02297,6924,8277169.38,3651,30,3,2022-01-01,2025-12-31
SKU02298,11323,8059101.609999999,5911,30,3,2022-01-01,2025-12-31
SKU02299,1757,4430704.29,957,30,3,2022-01-01,2025-12-31
SKU02300,6647,599373.68,3577,30,3,2022-01-01,2025-12-31
SKU02301,2500,2380631.9,1316,30,3,2022-01-01,2025-12-31
SKU02302,1213,1971871.26,647,30,3,2022-01-02,2025-12-29
SKU02303,6039,1019966.75,3258,30,3,2022-01-01,2025-12-31
SKU02304,2459,940898.51,1297,30,3,2022-01-01,2025-12-30
SKU02305,1943,3509353.17,1037,30,3,2022-01-04,2025-12-30
SKU02306,1871,348676.03,983,30,3,2022-01-03,2025-12-31
SKU02307,2567,4971006.45,1378,30,3,2022-01-01,2025-12-31
SKU02308,4659,407542.33999999997,2453,30,3,2022-01-01,2025-12-31
SKU02309,2431,631071.36,1292,30,3,2022-01-01,2025-12-31
SKU02310,1539,272792.69,829,30,3,2022-01-01,2025-12-31
SKU02311,1799,1096441.85,974,30,3,2022-01-02,2025-12-31
SKU02312,2016,166583.3,1063,30,3,2022-01-02,2025-12-31
SKU02313,1519,255212.2,819,30,3,2022-01-06,2025-12-29
SKU02314,10644,4726036.7299999995,5668,30,3,2022-01-01,2025-12-31
SKU02315,1851,991218.64,987,30,3,2022-01-02,2025-12-30
SKU02316,2402,366072.89999999997,1284,30,3,2022-01-01,2025-12-31
SKU02317,8022,2164517.08,4324,30,3,2022-01-01,2025-12-31
SKU02318,3380,7684423.95,1855,30,3,2022-01-01,2025-12-31
SKU02319,1653,172845.79,890,30,3,2022-01-01,2025-12-30
SKU02320,4393,440511.27,2338,30,3,2022-01-01,2025-12-31
SKU02321,3162,3498877.23,1693,30,3,2022-01-01,2025-12-30
SKU02322,2453,128911.69,1285,30,3,2022-01-01,2025-12-31
SKU02323,2322,920870.1000000001,1201,30,3,2022-01-01,2025-12-30
SKU02324,2269,217362.98,1202,30,3,2022-01-02,2025-12-31
SKU02325,3241,501934.96,1684,30,3,2022-01-01,2025-12-31
SKU02326,1600,785837.4299999999,834,30,3,2022-01-15,2025-12-29
SKU02327,1480,1054487.83,794,30,3,2022-01-01,2025-12-30
SKU02328,2416,133301.84,1286,30,3,2022-01-04,2025-12-29
SKU02329,1282,198051.15,672,30,3,2022-01-04,2025-12-31
SKU02330,9104,1872794.1199999999,4859,30,3,2022-01-01,2025-12-31
SKU02331,1293,771478.37,703,30,3,2022-01-01,2025-12-30
SKU02332,1489,2888614.4299999997,816,30,3,2022-01-03,2025-12-30
SKU02333,11449,572167.99,6139,30,3,2022-01-02,2025-12-31
SKU02334,2466,557938.61,1283,30,3,2022-01-01,2025-12-31
SKU02335,8762,3232781.04,4698,30,3,2022-01-01,2025-12-31
SKU02336,4153,1318894.59,2187,30,3,2022-01-02,2025-12-31
SKU02337,1470,86307.88,760,30,3,2022-01-02,2025-12-30
SKU02338,7795,2283085.26,4139,30,3,2022-01-01,2025-12-31
SKU02339,1629,600710.29,855,30,3,2022-01-04,2025-12-28
SKU02340,20093,4428414.2299999995,10678,30,3,2022-01-01,2025-12-31
SKU02341,1917,731059.03,1031,30,3,2022-01-01,2025-12-29
SKU02342,6660,885408.78,3542,30,3,2022-01-01,2025-12-31
SKU02343,2449,481690.25,1282,30,3,2022-01-02,2025-12-31
SKU02344,1436,724065.82,746,30,3,2022-01-01,2025-12-28
SKU02345,4083,1301048.91,2140,30,3,2022-01-02,2025-12-31
SKU02346,1837,128763.8,979,30,3,2022-01-01,2025-12-29
SKU02347,1547,1443824.64,833,30,3,2022-01-03,2025-12-31
SKU02348,2697,3659552.73,1452,30,3,2022-01-01,2025-12-31
SKU02349,1999,685392.97,1042,30,3,2022-01-04,2025-12-31
SKU02350,3918,715908.53,2067,30,3,2022-01-01,2025-12-31
SKU02351,1182,2036496.68,634,30,3,2022-01-09,2025-12-31
SKU02352,1441,115999.2,808,30,3,2022-01-06,2025-12-31
SKU02353,8799,6157015.23,4678,30,3,2022-01-01,2025-12-31
SKU02354,4746,402654.51,2529,30,3,2022-01-01,2025-12-31
SKU02355,17169,5122472.42,9107,30,3,2022-01-01,2025-12-31
SKU02356,1685,253516.49000000002,891,30,3,2022-01-01,2025-12-30
SKU02357,1305,213718.91,699,30,3,2022-01-03,2025-12-30
SKU02358,1352,958174.44,732,30,3,2022-01-01,2025-12-31
SKU02359,1883,1086967.97,1001,30,3,2022-01-02,2025-12-31
SKU02360,2916,179846.66999999998,1593,30,3,2022-01-02,2025-12-31
SKU02361,1982,132306.39,1070,30,3,2022-01-04,2025-12-31
SKU02362,5187,2937320.77,2747,30,3,2022-01-01,2025-12-31
SKU02363,1552,70702.47,839,30,3,2022-01-01,2025-12-29
SKU02364,1491,1345389.11,804,30,3,2022-01-05,2025-12-30
SKU02365,1255,159474.1,696,30,3,2022-01-01,2025-12-31
SKU02366,2360,3149588.01,1233,30,3,2022-01-03,2025-12-29
SKU02367,1666,3144835.9499999997,875,30,3,2022-01-01,2025-12-30
SKU02368,40033,32094327.82,21340,30,3,2022-01-01,2025-12-31
SKU02369,4307,654528.8,2296,30,3,2022-01-01,2025-12-31
SKU02370,1946,391520.57,1003,30,3,2022-01-01,2025-12-31
SKU02371,2636,1226300.62,1368,30,3,2022-01-01,2025-12-29
SKU02372,4534,1697283.43,2443,30,3,2022-01-02,2025-12-31
SKU02373,1503,159294.03,777,30,3,2022-01-01,2025-12-31
SKU02374,3743,1115971.84,2026,30,3,2022-01-01,2025-12-31
SKU02375,1320,104552.61,720,30,3,2022-01-05,2025-12-31
SKU02376,1210,151606.69,673,30,3,2022-01-05,2025-12-29
SKU02377,2024,178917.04,1094,30,3,2022-01-01,2025-12-31
SKU02378,1455,443571.39,751,30,3,2022-01-04,2025-12-31
SKU02379,2058,231460.59,1094,30,3,2022-01-01,2025-12-31
SKU02380,2252,2171918.39,1194,30,3,2022-01-02,2025-12-30
SKU02381,12013,11100897.23,6443,30,3,2022-01-01,2025-12-31
SKU02382,5080,5858339.81,2727,30,3,2022-01-01,2025-12-31
SKU02383,2793,856266.6799999999,1473,30,3,2022-01-03,2025-12-31
SKU02384,1417,144556.00999999998,754,30,3,2022-01-03,2025-12-31
SKU02385,2041,4310309.0,1087,30,3,2022-01-01,2025-12-31
SKU02386,1275,209183.22,685,30,3,2022-01-04,2025-12-31
SKU02387,1273,222313.96,645,30,3,2022-01-01,2025-12-29
SKU02388,1320,181265.98,692,30,3,2022-01-01,2025-12-31
SKU02389,3988,3139265.68,2118,30,3,2022-01-01,2025-12-31
SKU02390,2283,585820.0800000001,1225,30,3,2022-01-02,2025-12-31
SKU02391,2211,246241.79,1170,30,3,2022-01-04,2025-12-31
SKU02392,3501,434034.07,1818,30,3,2022-01-02,2025-12-31
SKU02393,2211,561191.96,1169,30,3,2022-01-02,2025-12-31
SKU02394,1843,847070.17,974,30,3,2022-01-02,2025-12-31
SKU02395,1990,1541031.6300000001,1062,30,3,2022-01-03,2025-12-31
SKU02396,1829,1149531.51,944,30,3,2022-01-02,2025-12-31
SKU02397,4130,6842688.03,2197,30,3,2022-01-01,2025-12-29
SKU02398,3341,2135287.03,1767,30,3,2022-01-02,2025-12-31
SKU02399,1742,292946.45,903,30,3,2022-01-01,2025-12-29
SKU02400,1695,271264.13,885,30,3,2022-01-01,2025-12-30
SKU02401,15221,7501982.65,8139,30,3,2022-01-01,2025-12-31
SKU02402,1503,300113.46,791,30,3,2022-01-03,2025-12-29
SKU02403,2347,440870.82999999996,1225,30,3,2022-01-01,2025-12-31
SKU02404,6563,174770.36000000002,3521,30,3,2022-01-01,2025-12-31
SKU02405,3121,448558.89,1623,30,3,2022-01-01,2025-12-30
SKU02406,2171,426728.15,1183,30,3,2022-01-01,2025-12-31
SKU02407,7307,3410305.48,3900,30,3,2022-01-01,2025-12-31
SKU02408,1191,1791884.75,636,30,3,2022-01-01,2025-12-30
SKU02409,8356,1529177.75,4502,30,3,2022-01-01,2025-12-31
SKU02410,1324,751403.39,714,30,3,2022-01-03,2025-12-31
SKU02411,2394,1177621.6400000001,1297,30,3,2022-01-01,2025-12-31
SKU02412,7777,5294794.75,4149,30,3,2022-01-01,2025-12-31
SKU02413,1559,1573662.99,804,30,3,2022-01-03,2025-12-31
SKU02414,4894,1741733.1500000001,2604,30,3,2022-01-02,2025-12-31
SKU02415,10885,4512141.12,5744,30,3,2022-01-01,2025-12-31
SKU02416,4487,449727.77999999997,2371,30,3,2022-01-05,2025-12-31
SKU02417,7450,7765022.65,3979,30,3,2022-01-01,2025-12-31
SKU02418,1636,399976.31,875,30,3,2022-01-01,2025-12-31
SKU02419,1386,253801.49,730,30,3,2022-01-03,2025-12-27
SKU02420,2299,264240.46,1209,30,3,2022-01-01,2025-12-31
SKU02421,1257,3105505.81,678,30,3,2022-01-02,2025-12-31
SKU02422,2418,860250.1599999999,1282,30,3,2022-01-01,2025-12-31
SKU02423,3507,12063361.59,1914,30,3,2022-01-01,2025-12-31
SKU02424,1688,1145853.75,895,30,3,2022-01-01,2025-12-31
SKU02425,1256,1170111.68,683,30,3,2022-01-03,2025-12-31
SKU02426,2238,403379.86,1189,30,3,2022-01-02,2025-12-29
SKU02427,1693,187231.61,888,30,3,2022-01-01,2025-12-28
SKU02428,4028,570293.27,2152,30,3,2022-01-01,2025-12-31
SKU02429,1625,86957.34999999999,857,30,3,2022-01-04,2025-12-31
SKU02430,3610,2349308.43,1901,30,3,2022-01-02,2025-12-31
SKU02431,8913,3626747.6,4746,30,3,2022-01-01,2025-12-31
SKU02432,2247,690030.55,1160,30,3,2022-01-03,2025-12-27
SKU02433,3169,266057.91,1716,30,3,2022-01-01,2025-12-31
SKU02434,9892,6796455.69,5232,30,3,2022-01-01,2025-12-31
SKU02435,1458,421750.95,787,30,3,2022-01-01,2025-12-30
SKU02436,1286,495455.42,698,30,3,2022-01-02,2025-12-31
SKU02437,1548,412683.49,822,30,3,2022-01-08,2025-12-30
SKU02438,2111,359554.99,1117,30,3,2022-01-02,2025-12-30
SKU02439,2021,583474.11,1087,30,3,2022-01-02,2025-12-29
SKU02440,1576,197743.85,833,30,3,2022-01-02,2025-12-29
SKU02441,1601,202949.02,853,30,3,2022-01-02,2025-12-31
SKU02442,7960,3802614.33,4301,30,3,2022-01-01,2025-12-31
SKU02443,3159,3515104.5,1695,30,3,2022-01-02,2025-12-30
SKU02444,1809,127724.17,980,30,3,2022-01-02,2025-12-31
SKU02445,1635,189510.55,871,30,3,2022-01-01,2025-12-31
SKU02446,1283,214183.45,707,30,3,2022-01-01,2025-12-31
SKU02447,2298,607850.29,1218,30,3,2022-01-01,2025-12-31
SKU02448,2471,5032610.89,1300,30,3,2022-01-02,2025-12-31
SKU02449,20177,2608498.0900000003,10676,30,3,2022-01-01,2025-12-31
SKU02450,5824,1381061.27,3110,30,3,2022-01-01,2025-12-31
SKU02451,1969,968061.45,1043,30,3,2022-01-01,2025-12-29
SKU02452,1915,55116.29,1004,30,3,2022-01-01,2025-12-28
SKU02453,3387,6850702.15,1801,30,3,2022-01-01,2025-12-31
SKU02454,1380,1381739.13,756,30,3,2022-01-05,2025-12-30
SKU02455,1724,1051083.64,931,30,3,2022-01-03,2025-12-30
SKU02456,1624,1532775.48,879,30,3,2022-01-03,2025-12-30
SKU02457,1759,1373900.12,937,30,3,2022-01-06,2025-12-31
SKU02458,1547,158096.17,816,30,3,2022-01-03,2025-12-30
SKU02459,1373,412223.28,714,30,3,2022-01-03,2025-12-31
SKU02460,3256,4991497.39,1717,30,3,2022-01-04,2025-12-31
SKU02461,1604,346950.83999999997,850,30,3,2022-01-02,2025-12-31
SKU02462,17270,2764867.6799999997,9110,30,3,2022-01-01,2025-12-31
SKU02463,1258,79771.45,687,30,3,2022-01-01,2025-12-28
SKU02464,2216,1521583.54,1204,30,3,2022-01-01,2025-12-31
SKU02465,2922,296580.48,1527,30,3,2022-01-01,2025-12-31
SKU02466,1685,3120000.01,907,30,3,2022-01-10,2025-12-31
SKU02467,1609,384294.77,852,30,3,2022-01-03,2025-12-31
SKU02468,2160,347385.27999999997,1150,30,3,2022-01-02,2025-12-31
SKU02469,1506,2119330.85,779,30,3,2022-01-02,2025-12-28
SKU02470,4794,735874.17,2573,30,3,2022-01-01,2025-12-31
SKU02471,1268,1619413.0999999999,687,30,3,2022-01-02,2025-12-25
SKU02472,1258,355484.21,680,30,3,2022-01-05,2025-12-31
SKU02473,2630,357409.71,1395,30,3,2022-01-02,2025-12-31
SKU02474,1659,226490.25,899,30,3,2022-01-04,2025-12-29
SKU02475,2659,508737.7,1427,30,3,2022-01-01,2025-12-31
SKU02476,3382,2417524.7,1802,30,3,2022-01-02,2025-12-31
SKU02477,2397,529988.78,1261,30,3,2022-01-01,2025-12-31
SKU02478,5981,410585.41000000003,3141,30,3,2022-01-02,2025-12-31
SKU02479,5406,4399823.54,2835,30,3,2022-01-02,2025-12-30
SKU02480,1869,280770.69,953,30,3,2022-01-01,2025-12-31
SKU02481,1649,203283.03,833,30,3,2022-01-02,2025-12-31
SKU02482,15996,19446932.330000002,8486,30,3,2022-01-01,2025-12-31
SKU02483,2518,2749228.29,1343,30,3,2022-01-05,2025-12-30
SKU02484,14459,7743066.24,7627,30,3,2022-01-01,2025-12-31
SKU02485,1380,286187.0,719,30,3,2022-01-07,2025-12-30
SKU02486,5763,1495996.1600000001,3057,30,3,2022-01-02,2025-12-31
SKU02487,1437,490011.73,759,30,3,2022-01-02,2025-12-30
SKU02488,5028,16607592.6,2668,30,3,2022-01-01,2025-12-31
SKU02489,2522,179659.38,1380,30,3,2022-01-03,2025-12-31
SKU02490,1655,2982473.6,890,30,3,2022-01-01,2025-12-31
SKU02491,1439,93742.56,738,30,3,2022-01-04,2025-12-31
SKU02492,1314,254063.64,726,30,3,2022-01-03,2025-12-27
SKU02493,3048,610474.8300000001,1658,30,3,2022-01-01,2025-12-31
SKU02494,2315,223942.33,1220,30,3,2022-01-01,2025-12-31
SKU02495,1728,545636.92,943,30,3,2022-01-06,2025-12-30
SKU02496,1502,452937.36,795,30,3,2022-01-01,2025-12-31
SKU02497,2344,1035099.1799999999,1263,30,3,2022-01-01,2025-12-31
SKU02498,2292,5123165.86,1218,30,3,2022-01-03,2025-12-31
SKU02499,2069,248114.37999999998,1080,30,3,2022-01-10,2025-12-31
SKU02500,1221,231837.47,653,30,3,2022-01-05,2025-12-31
SKU02501,1305,601894.7,690,30,3,2022-01-07,2025-12-31
SKU02502,2521,1489226.63,1360,30,3,2022-01-01,2025-12-30
SKU02503,12400,3275876.21,6580,30,3,2022-01-01,2025-12-31
SKU02504,2313,1610199.46,1185,30,3,2022-01-02,2025-12-30
SKU02505,1335,1638084.93,699,30,3,2022-01-01,2025-12-30
SKU02506,1307,570569.0,714,30,3,2022-01-02,2025-12-31
SKU02507,1958,283810.37,1037,30,3,2022-01-01,2025-12-31
SKU02508,1955,264147.79,1026,30,3,2022-01-01,2025-12-31
SKU02509,2476,3089739.88,1308,30,3,2022-01-02,2025-12-31
SKU02510,4556,618611.61,2400,30,3,2022-01-03,2025-12-30
SKU02511,1904,306979.13,996,30,3,2022-01-01,2025-12-28
SKU02512,2192,3289926.16,1182,30,3,2022-01-02,2025-12-31
SKU02513,2654,249927.63999999998,1409,30,3,2022-01-02,2025-12-31
SKU02514,1277,545712.85,665,30,3,2022-01-01,2025-12-31
SKU02515,4801,559969.2,2544,30,3,2022-01-01,2025-12-31
SKU02516,4561,2019665.65,2449,30,3,2022-01-01,2025-12-31
SKU02517,1624,129209.08,896,30,3,2022-01-01,2025-12-31
SKU02518,2386,293881.17,1254,30,3,2022-01-02,2025-12-31
SKU02519,1349,529558.46,704,30,3,2022-01-04,2025-12-30
SKU02520,1200,177947.89,641,30,3,2022-01-04,2025-12-26
SKU02521,3369,5672442.149999999,1813,30,3,2022-01-01,2025-12-31
SKU02522,1394,2551656.81,744,30,3,2022-01-10,2025-12-26
SKU02523,1539,2085477.44,814,30,3,2022-01-05,2025-12-31
SKU02524,1383,140232.09,734,30,3,2022-01-01,2025-12-31
SKU02525,1875,443226.44,1019,30,3,2022-01-02,2025-12-31
SKU02526,22578,14533450.69,11910,30,3,2022-01-01,2025-12-31
SKU02527,1744,399963.26,930,30,3,2022-01-02,2025-12-31
SKU02528,1748,3206689.68,931,30,3,2022-01-05,2025-12-28
SKU02529,3682,2003369.51,1974,30,3,2022-01-03,2025-12-31
SKU02530,2677,1279544.28,1425,30,3,2022-01-01,2025-12-30
SKU02531,18187,2433729.08,9686,30,3,2022-01-01,2025-12-31
SKU02532,11736,1268672.99,6206,30,3,2022-01-01,2025-12-31
SKU02533,1302,629032.97,706,30,3,2022-01-03,2025-12-31
SKU02534,1262,993053.99,672,30,3,2022-01-06,2025-12-31
SKU02535,1511,1390149.6,805,30,3,2022-01-06,2025-12-29
SKU02536,8457,3255527.95,4529,30,3,2022-01-01,2025-12-31
SKU02537,8609,1290953.45,4583,30,3,2022-01-01,2025-12-31
SKU02538,25570,5230552.46,13613,30,3,2022-01-01,2025-12-31
SKU02539,1356,239205.16999999998,708,30,3,2022-01-01,2025-12-29
SKU02540,2567,744761.34,1383,30,3,2022-01-01,2025-12-30
SKU02541,1258,3304750.6,654,30,3,2022-01-05,2025-12-31
SKU02542,1371,423473.35000000003,730,30,3,2022-01-02,2025-12-30
SKU02543,17216,31354473.73,9169,30,3,2022-01-01,2025-12-31
SKU02544,5484,1207872.26,2903,30,3,2022-01-01,2025-12-31
SKU02545,2200,246521.92,1206,30,3,2022-01-02,2025-12-31
SKU02546,1243,618006.4,668,30,3,2022-01-01,2025-12-30
SKU02547,1642,220780.32,877,30,3,2022-01-02,2025-12-31
SKU02548,2049,515586.44,1069,30,3,2022-01-03,2025-12-31
SKU02549,2542,479507.05000000005,1365,30,3,2022-01-02,2025-12-31
SKU02550,1864,350503.56,1014,30,3,2022-01-10,2025-12-31
SKU02551,1569,3914764.6799999997,842,30,3,2022-01-02,2025-12-31
SKU02552,2035,3124560.79,1048,30,3,2022-01-04,2025-12-31
SKU02553,1892,173557.59,1006,30,3,2022-01-01,2025-12-31
SKU02554,1884,1160115.87,1015,30,3,2022-01-02,2025-12-27
SKU02555,1874,829366.99,987,30,3,2022-01-01,2025-12-30
SKU02556,2295,524394.1,1222,30,3,2022-01-01,2025-12-30
SKU02557,2816,6045196.28,1501,30,3,2022-01-03,2025-12-30
SKU02558,1247,100787.91,655,30,3,2022-01-05,2025-12-25
SKU02559,1487,3154902.23,797,30,3,2022-01-02,2025-12-31
SKU02560,1677,2612217.9,895,30,3,2022-01-01,2025-12-30
SKU02561,1797,858839.18,932,30,3,2022-01-03,2025-12-31
SKU02562,1601,708031.75,836,30,3,2022-01-01,2025-12-29
SKU02563,1302,220168.94999999998,694,30,3,2022-01-01,2025-12-29
SKU02564,2640,716250.86,1403,30,3,2022-01-01,2025-12-31
SKU02565,2910,706480.7899999999,1586,30,3,2022-01-01,2025-12-31
SKU02566,1244,310598.43,668,30,3,2022-01-04,2025-12-31
SKU02567,1259,443557.13,683,30,3,2022-01-02,2025-12-31
SKU02568,1699,1619178.48,879,30,3,2022-01-01,2025-12-30
SKU02569,1967,1535015.46,1056,30,3,2022-01-01,2025-12-31
SKU02570,1136,191580.86,627,30,3,2022-01-10,2025-12-31
SKU02571,3844,4271215.04,2053,30,3,2022-01-01,2025-12-31
SKU02572,1786,941026.57,922,30,3,2022-01-03,2025-12-31
SKU02573,1474,173211.66999999998,791,30,3,2022-01-01,2025-12-31
SKU02574,1336,473583.29,728,30,3,2022-01-06,2025-12-31
SKU02575,2080,3199750.8,1080,30,3,2022-01-01,2025-12-30
SKU02576,1146,687783.4299999999,613,30,3,2022-01-06,2025-12-31
SKU02577,1876,210593.28999999998,983,30,3,2022-01-01,2025-12-31
SKU02578,1303,287326.96,700,30,3,2022-01-04,2025-12-30
SKU02579,1485,806257.84,836,30,3,2022-01-01,2025-12-30
SKU02580,1238,455804.36,692,30,3,2022-01-03,2025-12-31
SKU02581,1926,362394.12,1036,30,3,2022-01-01,2025-12-31
SKU02582,1863,560790.34,975,30,3,2022-01-08,2025-12-30
SKU02583,11295,2906835.12,6032,30,3,2022-01-01,2025-12-31
SKU02584,1279,192155.12,683,30,3,2022-01-04,2025-12-31
SKU02585,3948,1209442.05,2084,30,3,2022-01-02,2025-12-31
SKU02586,1712,78225.38,889,30,3,2022-01-01,2025-12-30
SKU02587,1370,641374.74,722,30,3,2022-01-03,2025-12-31
SKU02588,1505,133087.43,795,30,3,2022-01-03,2025-12-28
SKU02589,1556,368061.54000000004,822,30,3,2022-01-03,2025-12-31
SKU02590,1307,244292.62,684,30,3,2022-01-02,2025-12-29
SKU02591,1431,167339.13,748,30,3,2022-01-02,2025-12-30
SKU02592,1953,195915.51,1049,30,3,2022-01-01,2025-12-31
SKU02593,1670,1022484.23,888,30,3,2022-01-01,2025-12-27
SKU02594,3756,254283.44999999998,1980,30,3,2022-01-02,2025-12-31
SKU02595,2177,285076.0,1145,30,3,2022-01-02,2025-12-31
SKU02596,3961,986667.46,2133,30,3,2022-01-01,2025-12-31
SKU02597,1371,158137.76,715,30,3,2022-01-01,2025-12-31
SKU02598,1880,2346752.28,1011,30,3,2022-01-02,2025-12-31
SKU02599,1888,1073177.58,1007,30,3,2022-01-02,2025-12-30
SKU02600,1606,105368.20999999999,874,30,3,2022-01-02,2025-12-29
SKU02601,2822,92365.42,1519,30,3,2022-01-01,2025-12-31
SKU02602,2770,570475.36,1424,30,3,2022-01-01,2025-12-31
SKU02603,1541,458992.51,860,30,3,2022-01-02,2025-12-30
SKU02604,1354,826770.36,717,30,3,2022-01-01,2025-12-31
SKU02605,3844,241013.66,2034,30,3,2022-01-02,2025-12-31
SKU02606,1690,2471316.82,924,30,3,2022-01-01,2025-12-29
SKU02607,1730,1761137.77,910,30,3,2022-01-02,2025-12-28
SKU02608,1732,1760963.99,907,30,3,2022-01-02,2025-12-31
SKU02609,4914,1807886.18,2595,30,3,2022-01-03,2025-12-31
SKU02610,1971,878215.54,1078,30,3,2022-01-01,2025-12-29
SKU02611,9904,1775986.49,5277,30,3,2022-01-01,2025-12-31
SKU02612,2708,1150003.35,1436,30,3,2022-01-01,2025-12-31
SKU02613,1641,422701.97000000003,886,30,3,2022-01-01,2025-12-31
SKU02614,13976,1535030.27,7419,30,3,2022-01-01,2025-12-31
SKU02615,2436,268829.31,1306,30,3,2022-01-01,2025-12-31
SKU02616,2796,1486543.08,1504,30,3,2022-01-01,2025-12-31
SKU02617,2855,2037614.22,1535,30,3,2022-01-03,2025-12-30
SKU02618,4488,1032934.76,2435,30,3,2022-01-01,2025-12-31
SKU02619,2099,757838.63,1096,30,3,2022-01-02,2025-12-28
SKU02620,1547,356493.02999999997,827,30,3,2022-01-02,2025-12-29
SKU02621,1395,1172874.1500000001,730,30,3,2022-01-04,2025-12-28
SKU02622,4242,1373535.98,2265,30,3,2022-01-02,2025-12-30
SKU02623,1902,112957.59999999999,1018,30,3,2022-01-01,2025-12-28
SKU02624,5403,16165455.92,2867,30,3,2022-01-01,2025-12-31
SKU02625,1526,896549.36,848,30,3,2022-01-04,2025-12-31
SKU02626,1277,235415.8,699,30,3,2022-01-07,2025-12-31
SKU02627,2268,410629.04,1194,30,3,2022-01-02,2025-12-31
SKU02628,1671,993466.5,903,30,3,2022-01-05,2025-12-30
SKU02629,1953,966909.06,1031,30,3,2022-01-04,2025-12-30
SKU02630,1228,294316.92,657,30,3,2022-01-01,2025-12-31
SKU02631,1353,158686.51,718,30,3,2022-01-01,2025-12-29
SKU02632,1648,275590.27,876,30,3,2022-01-01,2025-12-31
SKU02633,1368,3405342.7,728,30,3,2022-01-08,2025-12-31
SKU02634,2491,5580700.04,1359,30,3,2022-01-01,2025-12-29
SKU02635,1701,863052.6799999999,891,30,3,2022-01-04,2025-12-30
SKU02636,1705,359460.22000000003,904,30,3,2022-01-03,2025-12-31
SKU02637,1323,126450.69,702,30,3,2022-01-01,2025-12-31
SKU02638,1450,660773.55,744,30,3,2022-01-02,2025-12-27
SKU02639,1262,195544.08,664,30,3,2022-01-04,2025-12-28
SKU02640,15385,22452002.65,8290,30,3,2022-01-02,2025-12-31
SKU02641,2582,153160.57,1401,30,3,2022-01-02,2025-12-31
SKU02642,5602,1003704.74,2998,30,3,2022-01-03,2025-12-31
SKU02643,1529,6001842.600000001,825,30,3,2022-01-01,2025-12-31
SKU02644,2635,1800957.76,1366,30,3,2022-01-02,2025-12-28
SKU02645,3839,973236.65,2016,30,3,2022-01-01,2025-12-27
SKU02646,2152,1118435.68,1128,30,3,2022-01-01,2025-12-31
SKU02647,2183,1314364.96,1158,30,3,2022-01-09,2025-12-31
SKU02648,23286,19244361.29,12343,30,3,2022-01-01,2025-12-31
SKU02649,3407,4846525.08,1770,30,3,2022-01-01,2025-12-31
SKU02650,2197,982107.0,1158,30,3,2022-01-04,2025-12-31
SKU02651,1501,1197474.04,795,30,3,2022-01-01,2025-12-31
SKU02652,1549,133674.54,814,30,3,2022-01-02,2025-12-30
SKU02653,2717,976346.06,1465,30,3,2022-01-01,2025-12-30
SKU02654,4763,959881.83,2495,30,3,2022-01-02,2025-12-30
SKU02655,6938,436091.37,3634,30,3,2022-01-01,2025-12-31
SKU02656,2207,389384.76999999996,1141,30,3,2022-01-01,2025-12-31
SKU02657,12845,1536479.97,6826,30,3,2022-01-01,2025-12-31
SKU02658,1525,156966.35,788,30,3,2022-01-02,2025-12-31
SKU02659,3918,2187628.38,2090,30,3,2022-01-02,2025-12-31
SKU02660,24345,1875439.48,12896,30,3,2022-01-01,2025-12-31
SKU02661,1640,1051687.84,855,30,3,2022-01-03,2025-12-30
SKU02662,1133,138312.69,618,30,3,2022-01-02,2025-12-27
SKU02663,1368,119535.56,717,30,3,2022-01-01,2025-12-30
SKU02664,1421,231527.91,746,30,3,2022-01-01,2025-12-31
SKU02665,3865,517882.71,2010,30,3,2022-01-01,2025-12-31
SKU02666,1676,89566.16,882,30,3,2022-01-01,2025-12-30
SKU02667,1669,1856806.0999999999,875,30,3,2022-01-02,2025-12-31
SKU02668,7438,7772038.9,3961,30,3,2022-01-01,2025-12-31
SKU02669,3312,208938.71,1771,30,3,2022-01-03,2025-12-31
SKU02670,1846,3874233.88,965,30,3,2022-01-07,2025-12-31
SKU02671,2155,844125.99,1125,30,3,2022-01-03,2025-12-31
SKU02672,1503,2478086.81,806,30,3,2022-01-01,2025-12-29
SKU02673,1496,141675.41,785,30,3,2022-01-03,2025-12-30
SKU02674,1377,322164.71,718,30,3,2022-01-02,2025-12-31
SKU02675,1285,718771.09,703,30,3,2022-01-03,2025-12-24
SKU02676,2688,4916255.56,1457,30,3,2022-01-04,2025-12-31
SKU02677,1540,598623.59,844,30,3,2022-01-01,2025-12-30
SKU02678,4071,609504.37,2173,30,3,2022-01-03,2025-12-31
SKU02679,1723,986568.97,909,30,3,2022-01-01,2025-12-29
SKU02680,1807,448944.12,964,30,3,2022-01-04,2025-12-31
SKU02681,1248,144294.23,669,30,3,2022-01-01,2025-12-30
SKU02682,2969,6067034.76,1604,30,3,2022-01-01,2025-12-31
SKU02683,12118,4189280.52,6378,30,3,2022-01-01,2025-12-31
SKU02684,2513,1252159.77,1352,30,3,2022-01-05,2025-12-31
SKU02685,2072,580121.97,1081,30,3,2022-01-01,2025-12-31
SKU02686,1289,445962.51,693,30,3,2022-01-03,2025-12-31
SKU02687,2300,207033.61,1241,30,3,2022-01-01,2025-12-30
SKU02688,1876,3269539.72,964,30,3,2022-01-03,2025-12-31
SKU02689,1620,75806.48,874,30,3,2022-01-01,2025-12-31
SKU02690,4523,1064220.32,2382,30,3,2022-01-01,2025-12-31
SKU02691,2477,726954.94,1340,30,3,2022-01-02,2025-12-31
SKU02692,26767,52058322.57,14297,30,3,2022-01-01,2025-12-31
SKU02693,5002,7108542.100000001,2672,30,3,2022-01-01,2025-12-31
SKU02694,3503,726992.95,1887,30,3,2022-01-01,2025-12-31
SKU02695,1583,406784.63,842,30,3,2022-01-05,2025-12-30
SKU02696,1643,241040.51,877,30,3,2022-01-03,2025-12-31
SKU02697,1414,381831.3,755,30,3,2022-01-01,2025-12-31
SKU02698,1304,500614.57999999996,696,30,3,2022-01-01,2025-12-30
SKU02699,1390,123680.93,758,30,3,2022-01-08,2025-12-30
SKU02700,1191,377584.35,655,30,3,2022-01-01,2025-12-31
SKU02701,1702,290746.23,895,30,3,2022-01-04,2025-12-30
SKU02702,1618,518381.57999999996,864,30,3,2022-01-03,2025-12-29
SKU02703,2143,110873.56,1152,30,3,2022-01-01,2025-12-31
SKU02704,1498,232186.17,790,30,3,2022-01-01,2025-12-28
SKU02705,8725,26897492.41,4613,30,3,2022-01-01,2025-12-31
SKU02706,3467,752663.52,1864,30,3,2022-01-01,2025-12-31
SKU02707,1588,978562.69,852,30,3,2022-01-01,2025-12-31
SKU02708,1855,3453766.15,974,30,3,2022-01-04,2025-12-30
SKU02709,2702,2247167.21,1432,30,3,2022-01-02,2025-12-30
SKU02710,1286,556941.27,715,30,3,2022-01-02,2025-12-30
SKU02711,1728,180194.66999999998,886,30,3,2022-01-04,2025-12-31
SKU02712,4410,694838.07,2349,30,3,2022-01-01,2025-12-31
SKU02713,1465,2815837.75,773,30,3,2022-01-04,2025-12-29
SKU02714,3907,2546152.7199999997,2085,30,3,2022-01-01,2025-12-31
SKU02715,1443,165062.13,776,30,3,2022-01-01,2025-12-31
SKU02716,1889,902470.89,975,30,3,2022-01-03,2025-12-30
SKU02717,3237,569168.67,1725,30,3,2022-01-03,2025-12-31
SKU02718,1334,169333.30000000002,695,30,3,2022-01-01,2025-12-30
SKU02719,1735,2886663.09,922,30,3,2022-01-01,2025-12-31
SKU02720,7395,976171.83,3928,30,3,2022-01-01,2025-12-31
SKU02721,1835,446268.53,988,30,3,2022-01-02,2025-12-30
SKU02722,1235,259135.65,663,30,3,2022-01-01,2025-12-31
SKU02723,1410,4026927.38,725,30,3,2022-01-02,2025-12-31
SKU02724,1743,73597.7,927,30,3,2022-01-01,2025-12-31
SKU02725,3942,502635.9,2118,30,3,2022-01-02,2025-12-31
SKU02726,2733,2142235.41,1450,30,3,2022-01-02,2025-12-31
SKU02727,1491,689873.6,785,30,3,2022-01-12,2025-12-29
SKU02728,1274,297932.67,688,30,3,2022-01-01,2025-12-28
SKU02729,1580,1292352.85,878,30,3,2022-01-02,2025-12-31
SKU02730,1460,334782.58,797,30,3,2022-01-01,2025-12-30
SKU02731,2402,293696.65,1289,30,3,2022-01-03,2025-12-31
SKU02732,2344,109124.13,1245,30,3,2022-01-02,2025-12-31
SKU02733,2662,972902.81,1400,30,3,2022-01-01,2025-12-31
SKU02734,3564,676467.53,1873,30,3,2022-01-01,2025-12-31
SKU02735,1441,804758.11,794,30,3,2022-01-02,2025-12-30
SKU02736,2441,346915.01999999996,1286,30,3,2022-01-04,2025-12-31
SKU02737,14544,4313320.57,7737,30,3,2022-01-01,2025-12-31
SKU02738,10223,2185215.03,5477,30,3,2022-01-01,2025-12-31
SKU02739,1602,102007.0,847,30,3,2022-01-01,2025-12-29
SKU02740,26422,2597097.22,14004,30,3,2022-01-01,2025-12-31
SKU02741,3825,308698.83,1989,30,3,2022-01-01,2025-12-31
SKU02742,2042,1110624.34,1066,30,3,2022-01-02,2025-12-30
SKU02743,2350,1005809.19,1249,30,3,2022-01-01,2025-12-31
SKU02744,1754,1801453.0399999998,901,30,3,2022-01-01,2025-12-31
SKU02745,6603,1490941.2,3511,30,3,2022-01-01,2025-12-31
SKU02746,1473,712009.48,784,30,3,2022-01-02,2025-12-29
SKU02747,28123,14817012.19,14879,30,3,2022-01-01,2025-12-31
SKU02748,1405,542530.05,743,30,3,2022-01-07,2025-12-31
SKU02749,1742,1786119.02,943,30,3,2022-01-01,2025-12-29
SKU02750,1975,522728.63,1023,30,3,2022-01-02,2025-12-31
SKU02751,4490,2748859.67,2370,30,3,2022-01-01,2025-12-31
SKU02752,1650,1094804.96,883,30,3,2022-01-01,2025-12-30
SKU02753,7283,5418411.12,3851,30,3,2022-01-01,2025-12-31
SKU02754,5071,3706546.53,2736,30,3,2022-01-01,2025-12-31
SKU02755,1541,1159749.82,807,30,3,2022-01-14,2025-12-31
SKU02756,2418,4286201.52,1265,30,3,2022-01-01,2025-12-31
SKU02757,1436,256458.12,781,30,3,2022-01-02,2025-12-31
SKU02758,1805,339869.45,961,30,3,2022-01-03,2025-12-31
SKU02759,1582,220421.12999999998,860,30,3,2022-01-06,2025-12-27
SKU02760,2436,982092.4400000001,1304,30,3,2022-01-02,2025-12-30
SKU02761,1648,192192.59,872,30,3,2022-01-05,2025-12-30
SKU02762,1859,314075.89,1002,30,3,2022-01-06,2025-12-31
SKU02763,1248,142175.29,663,30,3,2022-01-02,2025-12-28
SKU02764,3511,585543.31,1835,30,3,2022-01-01,2025-12-31
SKU02765,2579,1157198.45,1373,30,3,2022-01-01,2025-12-31
SKU02766,1528,325574.2,789,30,3,2022-01-01,2025-12-31
SKU02767,1581,2300607.38,839,30,3,2022-01-03,2025-12-31
SKU02768,1309,266974.38,650,30,3,2022-01-06,2025-12-31
SKU02769,2198,1478049.9,1167,30,3,2022-01-01,2025-12-31
SKU02770,2116,1498918.72,1138,30,3,2022-01-04,2025-12-31
SKU02771,2178,159936.79,1147,30,3,2022-01-01,2025-12-31
SKU02772,1571,3350651.14,838,30,3,2022-01-01,2025-12-31
SKU02773,1579,160965.13999999998,833,30,3,2022-01-01,2025-12-31
SKU02774,1506,1050048.85,763,30,3,2022-01-07,2025-12-31
SKU02775,1616,251233.34,860,30,3,2022-01-01,2025-12-28
SKU02776,14788,3264593.39,7844,30,3,2022-01-01,2025-12-31
SKU02777,1741,1150412.17,893,30,3,2022-01-01,2025-12-30
SKU02778,5376,865442.64,2831,30,3,2022-01-01,2025-12-31
SKU02779,1476,165176.7,777,30,3,2022-01-02,2025-12-30
SKU02780,1229,915436.64,650,30,3,2022-01-02,2025-12-28
SKU02781,1597,52855.36,854,30,3,2022-01-04,2025-12-30
SKU02782,1874,2744002.04,1001,30,3,2022-01-01,2025-12-31
SKU02783,1319,318253.65,690,30,3,2022-01-04,2025-12-29
SKU02784,1827,256872.99000000002,976,30,3,2022-01-01,2025-12-31
SKU02785,6886,7301078.4799999995,3649,30,3,2022-01-01,2025-12-31
SKU02786,5455,357680.7,2879,30,3,2022-01-01,2025-12-31
SKU02787,1350,2060915.25,742,30,3,2022-01-01,2025-12-29
SKU02788,1908,2613148.5,1000,30,3,2022-01-03,2025-12-30
SKU02789,1699,2121971.38,919,30,3,2022-01-02,2025-12-29
SKU02790,6126,411087.5,3249,30,3,2022-01-01,2025-12-31
SKU02791,6433,2916318.75,3455,30,3,2022-01-01,2025-12-31
SKU02792,1407,435700.75,776,30,3,2022-01-06,2025-12-31
SKU02793,1681,3010467.21,901,30,3,2022-01-02,2025-12-30
SKU02794,1160,99053.6,630,30,3,2022-01-01,2025-12-28
SKU02795,2417,4545282.18,1267,30,3,2022-01-03,2025-12-31
SKU02796,3011,347684.73,1551,30,3,2022-01-02,2025-12-31
SKU02797,1443,506119.4,773,30,3,2022-01-10,2025-12-31
SKU02798,1575,688812.2,832,30,3,2022-01-01,2025-12-31
SKU02799,1796,895526.6699999999,986,30,3,2022-01-04,2025-12-31
SKU02800,1624,491008.87,884,30,3,2022-01-01,2025-12-31
SKU02801,2357,635058.84,1265,30,3,2022-01-02,2025-12-31
SKU02802,5681,2144531.45,3026,30,3,2022-01-01,2025-12-31
SKU02803,2552,272729.79,1375,30,3,2022-01-07,2025-12-31
SKU02804,1970,676667.71,1056,30,3,2022-01-01,2025-12-31
SKU02805,3151,243660.48,1682,30,3,2022-01-01,2025-12-31
SKU02806,2897,222489.81,1541,30,3,2022-01-02,2025-12-31
SKU02807,2261,391460.48,1246,30,3,2022-01-02,2025-12-29
SKU02808,3509,1564589.98,1826,30,3,2022-01-01,2025-12-31
SKU02809,1560,785223.0499999999,834,30,3,2022-01-01,2025-12-31
SKU02810,1514,225740.48,805,30,3,2022-01-02,2025-12-31
SKU02811,1402,354399.48,747,30,3,2022-01-03,2025-12-28
SKU02812,9022,2549460.93,4780,30,3,2022-01-01,2025-12-31
SKU02813,2897,673345.26,1573,30,3,2022-01-01,2025-12-31
SKU02814,3097,442533.44,1657,30,3,2022-01-01,2025-12-31
SKU02815,1783,1156217.3900000001,905,30,3,2022-01-02,2025-12-31
SKU02816,1862,2286094.9299999997,1005,30,3,2022-01-04,2025-12-29
SKU02817,2850,383255.51999999996,1512,30,3,2022-01-01,2025-12-31
SKU02818,1679,120702.31,867,30,3,2022-01-01,2025-12-31
SKU02819,6503,7090817.23,3462,30,3,2022-01-02,2025-12-31
SKU02820,6531,5263606.649999999,3518,30,3,2022-01-02,2025-12-31
SKU02821,9878,8912031.23,5227,30,3,2022-01-01,2025-12-31
SKU02822,1271,389512.01,669,30,3,2022-01-06,2025-12-31
SKU02823,1679,947369.08,869,30,3,2022-01-01,2025-12-30
SKU02824,2683,136815.35,1448,30,3,2022-01-01,2025-12-31
SKU02825,4409,864623.83,2334,30,3,2022-01-02,2025-12-31
SKU02826,11981,4961905.86,6474,30,3,2022-01-01,2025-12-31
SKU02827,6150,752149.8200000001,3193,30,3,2022-01-01,2025-12-31
SKU02828,1635,2533008.84,861,30,3,2022-01-02,2025-12-29
SKU02829,1286,538518.87,707,30,3,2022-01-02,2025-12-31
SKU02830,5828,832442.3,3102,30,3,2022-01-02,2025-12-31
SKU02831,1791,4803750.2700000005,929,30,3,2022-01-03,2025-12-31
SKU02832,1728,631332.8,912,30,3,2022-01-01,2025-12-30
SKU02833,12695,46513549.1,6726,30,3,2022-01-01,2025-12-31
SKU02834,1741,2958996.79,917,30,3,2022-01-01,2025-12-29
SKU02835,2502,3596608.2399999998,1335,30,3,2022-01-01,2025-12-31
SKU02836,2999,3227970.77,1609,30,3,2022-01-01,2025-12-31
SKU02837,5547,13888295.6,2893,30,3,2022-01-01,2025-12-31
SKU02838,1427,864610.33,767,30,3,2022-01-04,2025-12-31
SKU02839,1922,3400534.1,1014,30,3,2022-01-03,2025-12-31
SKU02840,21391,5407310.57,11460,30,3,2022-01-01,2025-12-31
SKU02841,1655,426146.24,892,30,3,2022-01-01,2025-12-30
SKU02842,1232,614441.85,645,30,3,2022-01-03,2025-12-23
SKU02843,4084,334510.47000000003,2191,30,3,2022-01-02,2025-12-31
SKU02844,3535,4549888.8,1888,30,3,2022-01-01,2025-12-31
SKU02845,1426,4782333.04,758,30,3,2022-01-05,2025-12-31
SKU02846,2070,3661693.84,1090,30,3,2022-01-02,2025-12-31
SKU02847,1587,382628.72,864,30,3,2022-01-03,2025-12-31
SKU02848,10703,3361520.4299999997,5701,30,3,2022-01-01,2025-12-31
SKU02849,8927,620863.7,4799,30,3,2022-01-01,2025-12-31
SKU02850,3945,966264.0599999999,2134,30,3,2022-01-03,2025-12-30
SKU02851,1527,4124603.24,826,30,3,2022-01-01,2025-12-31
SKU02852,1848,3390579.13,964,30,3,2022-01-04,2025-12-30
SKU02853,1347,185633.96000000002,711,30,3,2022-01-03,2025-12-30
SKU02854,5065,819447.98,2680,30,3,2022-01-01,2025-12-31
SKU02855,1732,5117632.0200000005,881,30,3,2022-01-01,2025-12-31
SKU02856,2642,524594.44,1381,30,3,2022-01-05,2025-12-31
SKU02857,1571,777339.73,807,30,3,2022-01-02,2025-12-31
SKU02858,71499,6131111.7700000005,37799,30,3,2022-01-01,2025-12-31
SKU02859,1570,376802.99,824,30,3,2022-01-02,2025-12-31
SKU02860,3438,6021974.49,1848,30,3,2022-01-01,2025-12-31
SKU02861,1637,896165.5,883,30,3,2022-01-02,2025-12-29
SKU02862,1409,920607.8200000001,736,30,3,2022-01-01,2025-12-29
SKU02863,3301,340238.38,1765,30,3,2022-01-01,2025-12-31
SKU02864,1346,345555.87,730,30,3,2022-01-04,2025-12-31
SKU02865,1357,671872.35,741,30,3,2022-01-07,2025-12-31
SKU02866,3434,308711.23,1820,30,3,2022-01-01,2025-12-31
SKU02867,1571,1381288.64,852,30,3,2022-01-04,2025-12-30
SKU02868,1810,310432.76,959,30,3,2022-01-02,2025-12-31
SKU02869,1351,1298467.1,702,30,3,2022-01-02,2025-12-30
SKU02870,7789,5782252.73,4199,30,3,2022-01-01,2025-12-31
SKU02871,1173,418092.31,638,30,3,2022-01-01,2025-12-24
SKU02872,1427,103485.34999999999,757,30,3,2022-01-01,2025-12-30
SKU02873,1545,552953.4400000001,838,30,3,2022-01-02,2025-12-27
SKU02874,1749,278753.58999999997,933,30,3,2022-01-01,2025-12-31
SKU02875,1303,183349.99000000002,703,30,3,2022-01-03,2025-12-31
SKU02876,1871,1429433.98,987,30,3,2022-01-02,2025-12-31
SKU02877,1148,100763.59,636,30,3,2022-01-02,2025-12-31
SKU02878,2797,7623403.63,1433,30,3,2022-01-01,2025-12-30
SKU02879,1363,168252.96,708,30,3,2022-01-01,2025-12-28
SKU02880,1686,4548896.64,885,30,3,2022-01-01,2025-12-30
SKU02881,2703,4471473.7299999995,1445,30,3,2022-01-01,2025-12-31
SKU02882,1698,235226.13999999998,899,30,3,2022-01-01,2025-12-31
SKU02883,7232,7117432.52,3813,30,3,2022-01-01,2025-12-31
SKU02884,1503,245633.96000000002,799,30,3,2022-01-02,2025-12-31
SKU02885,2719,302627.21,1439,30,3,2022-01-02,2025-12-31
SKU02886,1395,361636.12,756,30,3,2022-01-01,2025-12-30
SKU02887,2114,4024914.45,1128,30,3,2022-01-01,2025-12-30
SKU02888,4467,580315.11,2385,30,3,2022-01-01,2025-12-31
SKU02889,1521,258374.94,805,30,3,2022-01-01,2025-12-31
SKU02890,1459,217306.87,778,30,3,2022-01-07,2025-12-28
SKU02891,8018,3877620.5,4222,30,3,2022-01-01,2025-12-31
SKU02892,29896,2159915.57,15859,30,3,2022-01-01,2025-12-31
SKU02893,1963,600379.05,1074,30,3,2022-01-01,2025-12-31
SKU02894,3617,941200.36,1938,30,3,2022-01-02,2025-12-31
SKU02895,1858,204904.22999999998,995,30,3,2022-01-01,2025-12-31
SKU02896,2908,4111640.54,1522,30,3,2022-01-02,2025-12-31
SKU02897,1285,2766084.67,698,30,3,2022-01-03,2025-12-28
SKU02898,12700,11759643.6,6704,30,3,2022-01-01,2025-12-31
SKU02899,2621,508083.69,1369,30,3,2022-01-01,2025-12-31
SKU02900,1531,2595322.05,820,30,3,2022-01-02,2025-12-30
SKU02901,2149,2171042.48,1147,30,3,2022-01-01,2025-12-31
SKU02902,3500,279665.35000000003,1818,30,3,2022-01-01,2025-12-31
SKU02903,3266,6592602.83,1751,30,3,2022-01-01,2025-12-31
SKU02904,4810,1410435.7,2555,30,3,2022-01-01,2025-12-31
SKU02905,1484,1198828.26,793,30,3,2022-01-04,2025-12-29
SKU02906,1733,262323.76,945,30,3,2022-01-01,2025-12-29
SKU02907,1272,1774582.93,688,30,3,2022-01-01,2025-12-30
SKU02908,1366,418601.75,742,30,3,2022-01-02,2025-12-30
SKU02909,2435,1354766.8499999999,1313,30,3,2022-01-03,2025-12-30
SKU02910,1734,232756.28,935,30,3,2022-01-01,2025-12-31
SKU02911,1285,160789.03,672,30,3,2022-01-03,2025-12-31
SKU02912,7449,1092853.46,3958,30,3,2022-01-01,2025-12-31
SKU02913,1420,461275.12,754,30,3,2022-01-05,2025-12-29
SKU02914,2160,309943.11,1106,30,3,2022-01-04,2025-12-31
SKU02915,1325,2834189.06,714,30,3,2022-01-01,2025-12-30
SKU02916,2299,1750345.8199999998,1271,30,3,2022-01-02,2025-12-31
SKU02917,1709,1709876.25,908,30,3,2022-01-05,2025-12-31
SKU02918,1967,4217890.11,1013,30,3,2022-01-01,2025-12-31
SKU02919,1830,201317.39,940,30,3,2022-01-01,2025-12-31
SKU02920,5706,361893.1,2992,30,3,2022-01-01,2025-12-31
SKU02921,3355,1014003.4500000001,1803,30,3,2022-01-02,2025-12-31
SKU02922,3213,650681.5499999999,1701,30,3,2022-01-03,2025-12-31
SKU02923,13637,1600881.33,7163,30,3,2022-01-01,2025-12-31
SKU02924,1662,2373839.57,897,30,3,2022-01-01,2025-12-31
SKU02925,1311,662166.6799999999,687,30,3,2022-01-04,2025-12-31
SKU02926,1667,3416472.75,918,30,3,2022-01-01,2025-12-31
SKU02927,2066,370957.61,1090,30,3,2022-01-03,2025-12-31
SKU02928,3978,6893061.88,2119,30,3,2022-01-01,2025-12-31
SKU02929,2024,217785.44999999998,1065,30,3,2022-01-01,2025-12-30
SKU02930,53603,8570201.94,28359,30,3,2022-01-01,2025-12-31
SKU02931,6457,782920.1900000001,3407,30,3,2022-01-01,2025-12-31
SKU02932,3137,1791587.18,1682,30,3,2022-01-02,2025-12-31
SKU02933,2542,218843.6,1346,30,3,2022-01-02,2025-12-29
SKU02934,1884,199344.63,1021,30,3,2022-01-05,2025-12-31
SKU02935,1542,624390.93,813,30,3,2022-01-03,2025-12-29
SKU02936,2045,379719.27999999997,1075,30,3,2022-01-01,2025-12-31
SKU02937,2244,369776.73000000004,1172,30,3,2022-01-02,2025-12-31
SKU02938,1325,104743.18000000001,672,30,3,2022-01-03,2025-12-31
SKU02939,2284,178020.61,1200,30,3,2022-01-01,2025-12-31
SKU02940,1897,571885.91,1033,30,3,2022-01-02,2025-12-31
SKU02941,1397,328271.25,738,30,3,2022-01-01,2025-12-30
SKU02942,1418,825954.9500000001,733,30,3,2022-01-01,2025-12-31
SKU02943,3947,3382305.46,2078,30,3,2022-01-02,2025-12-31
SKU02944,1381,218377.18,728,30,3,2022-01-07,2025-12-27
SKU02945,3632,2946439.2800000003,1950,30,3,2022-01-02,2025-12-31
SKU02946,1249,2366258.1399999997,683,30,3,2022-01-01,2025-12-31
SKU02947,3279,419071.11,1748,30,3,2022-01-01,2025-12-31
SKU02948,2571,888636.4199999999,1376,30,3,2022-01-03,2025-12-31
SKU02949,3876,576232.0800000001,2010,30,3,2022-01-01,2025-12-31
SKU02950,14575,3425229.86,7755,30,3,2022-01-01,2025-12-31
SKU02951,5509,1983461.93,2956,30,3,2022-01-01,2025-12-31
SKU02952,4855,721785.96,2572,30,3,2022-01-01,2025-12-31
SKU02953,3597,679504.07,1904,30,3,2022-01-01,2025-12-31
SKU02954,51260,29324515.52,27014,30,3,2022-01-01,2025-12-31
SKU02955,1437,870789.14,779,30,3,2022-01-01,2025-12-31
SKU02956,1914,471604.15,1056,30,3,2022-01-02,2025-12-31
SKU02957,2198,2159144.21,1177,30,3,2022-01-02,2025-12-29
SKU02958,1553,754340.75,834,30,3,2022-01-03,2025-12-31
SKU02959,1705,3053227.91,928,30,3,2022-01-03,2025-12-30
SKU02960,2447,140756.07,1307,30,3,2022-01-02,2025-12-29
SKU02961,4522,4820967.79,2506,30,3,2022-01-02,2025-12-31
SKU02962,2568,1705707.35,1344,30,3,2022-01-01,2025-12-31
SKU02963,1365,350324.27999999997,725,30,3,2022-01-11,2025-12-30
SKU02964,1228,247445.72,653,30,3,2022-01-03,2025-12-30
SKU02965,1657,236652.87,892,30,3,2022-01-01,2025-12-30
SKU02966,2029,127132.21,1098,30,3,2022-01-08,2025-12-31
SKU02967,2305,1597830.17,1192,30,3,2022-01-04,2025-12-31
SKU02968,5019,4778547.49,2685,30,3,2022-01-01,2025-12-31
SKU02969,1273,147956.7,682,30,3,2022-01-06,2025-12-31
SKU02970,1375,717368.65,725,30,3,2022-01-01,2025-12-31
SKU02971,2161,1751036.29,1147,30,3,2022-01-01,2025-12-31
SKU02972,4526,419855.3,2447,30,3,2022-01-01,2025-12-30
SKU02973,8839,2040510.6300000001,4693,30,3,2022-01-01,2025-12-31
SKU02974,2941,2231288.3,1552,30,3,2022-01-02,2025-12-30
SKU02975,1385,791238.77,752,30,3,2022-01-01,2025-12-31
SKU02976,1486,1156311.02,781,30,3,2022-01-03,2025-12-31
SKU02977,1838,3844384.6199999996,926,30,3,2022-01-03,2025-12-31
SKU02978,1941,3273586.43,1046,30,3,2022-01-05,2025-12-28
SKU02979,3700,1640876.99,1959,30,3,2022-01-01,2025-12-31
SKU02980,4825,8112184.49,2565,30,3,2022-01-01,2025-12-31
SKU02981,3785,1278391.71,1997,30,3,2022-01-02,2025-12-30
SKU02982,2343,919423.0900000001,1229,30,3,2022-01-01,2025-12-31
SKU02983,13548,13445672.51,7222,30,3,2022-01-01,2025-12-31
SKU02984,2449,837891.43,1310,30,3,2022-01-03,2025-12-30
SKU02985,1580,1064527.97,854,30,3,2022-01-01,2025-12-30
SKU02986,1581,543582.73,854,30,3,2022-01-01,2025-12-26
SKU02987,3808,2529759.64,2011,30,3,2022-01-01,2025-12-31
SKU02988,5441,1308597.96,2932,30,3,2022-01-01,2025-12-31
SKU02989,2254,394500.49000000005,1184,30,3,2022-01-01,2025-12-30
SKU02990,2298,699572.81,1248,30,3,2022-01-05,2025-12-31
SKU02991,4277,432616.18,2271,30,3,2022-01-01,2025-12-31
SKU02992,1679,581080.3200000001,885,30,3,2022-01-01,2025-12-31
SKU02993,2124,790292.32,1139,30,3,2022-01-01,2025-12-31
SKU02994,1959,1308847.01,1053,30,3,2022-01-02,2025-12-31
SKU02995,1954,1237160.55,1041,30,3,2022-01-02,2025-12-31
SKU02996,1790,920528.6,967,30,3,2022-01-02,2025-12-31
SKU02997,1384,1533187.8499999999,729,30,3,2022-01-01,2025-12-31
SKU02998,8316,6909880.39,4497,30,3,2022-01-01,2025-12-31
SKU02999,1167,333568.07,637,30,3,2022-01-03,2025-12-28
SKU03000,1759,286041.41000000003,921,30,3,2022-01-04,2025-12-31
SKU03001,1555,3988226.69,809,30,3,2022-01-01,2025-12-29
SKU03002,2622,128740.73,1413,30,3,2022-01-01,2025-12-31
SKU03003,1968,262134.17,1035,30,3,2022-01-01,2025-12-31
SKU03004,8290,16169955.15,4456,30,3,2022-01-01,2025-12-31
SKU03005,1317,162915.57,679,30,3,2022-01-02,2025-12-30
SKU03006,1475,1481338.05,778,30,3,2022-01-03,2025-12-31
SKU03007,1790,4057106.63,956,30,3,2022-01-01,2025-12-30
SKU03008,1467,388198.77999999997,768,30,3,2022-01-06,2025-12-31
SKU03009,4566,12062203.21,2482,30,3,2022-01-04,2025-12-31
SKU03010,6349,4567312.63,3325,30,3,2022-01-01,2025-12-31
SKU03011,1697,171425.15,899,30,3,2022-01-05,2025-12-31
SKU03012,1401,1467328.92,745,30,3,2022-01-09,2025-12-30
SKU03013,1632,155677.91999999998,878,30,3,2022-01-01,2025-12-31
SKU03014,1218,173040.29,634,30,3,2022-01-05,2025-12-31
SKU03015,1481,87037.3,787,30,3,2022-01-02,2025-12-31
SKU03016,3619,785347.15,1916,30,3,2022-01-01,2025-12-31
SKU03017,1297,3852363.3600000003,680,30,3,2022-01-03,2025-12-31
SKU03018,1364,218496.47,730,30,3,2022-01-01,2025-12-26
SKU03019,2432,2471092.82,1278,30,3,2022-01-02,2025-12-31
SKU03020,1900,491132.82,997,30,3,2022-01-03,2025-12-30
SKU03021,4908,5324439.04,2590,30,3,2022-01-03,2025-12-31
SKU03022,1499,121691.0,809,30,3,2022-01-04,2025-12-31
SKU03023,1320,617042.83,687,30,3,2022-01-02,2025-12-30
SKU03024,7574,1995801.53,4055,30,3,2022-01-01,2025-12-31
SKU03025,4088,1519205.74,2195,30,3,2022-01-01,2025-12-31
SKU03026,2117,1486636.75,1137,30,3,2022-01-03,2025-12-31
SKU03027,3909,2638329.48,2101,30,3,2022-01-01,2025-12-30
SKU03028,3881,879564.37,2056,30,3,2022-01-02,2025-12-30
SKU03029,2826,178691.16,1445,30,3,2022-01-05,2025-12-30
SKU03030,25744,2629820.35,13739,30,3,2022-01-01,2025-12-31
SKU03031,1333,222609.11,705,30,3,2022-01-01,2025-12-30
SKU03032,1352,139811.31,725,30,3,2022-01-07,2025-12-30
SKU03033,1835,2382150.29,978,30,3,2022-01-03,2025-12-31
SKU03034,7426,1600600.96,3918,30,3,2022-01-02,2025-12-31
SKU03035,1382,1757233.43,738,30,3,2022-01-13,2025-12-30
SKU03036,1293,261191.91999999998,698,30,3,2022-01-01,2025-12-31
SKU03037,1755,2620697.88,929,30,3,2022-01-04,2025-12-31
SKU03038,2499,480353.91000000003,1319,30,3,2022-01-01,2025-12-31
SKU03039,1320,166164.48,687,30,3,2022-01-05,2025-12-30
SKU03040,3474,7786395.77,1861,30,3,2022-01-01,2025-12-31
SKU03041,1899,565176.72,1005,30,3,2022-01-02,2025-12-30
SKU03042,2239,5501680.88,1194,30,3,2022-01-01,2025-12-30
SKU03043,1206,5023721.7,637,30,3,2022-01-02,2025-12-31
SKU03044,4907,345841.0,2585,30,3,2022-01-02,2025-12-31
SKU03045,1324,4523336.92,717,30,3,2022-01-07,2025-12-30
SKU03046,2281,235611.88,1244,30,3,2022-01-01,2025-12-31
SKU03047,1802,332425.39,990,30,3,2022-01-04,2025-12-31
SKU03048,1564,1759595.52,800,30,3,2022-01-02,2025-12-31
SKU03049,8062,2007358.15,4346,30,3,2022-01-01,2025-12-31
SKU03050,4286,1105062.22,2295,30,3,2022-01-01,2025-12-31
SKU03051,2193,414483.44,1162,30,3,2022-01-01,2025-12-31
SKU03052,4414,9263906.19,2390,30,3,2022-01-01,2025-12-31
SKU03053,21917,84076650.56,11568,30,3,2022-01-01,2025-12-31
SKU03054,2507,213620.38,1375,30,3,2022-01-03,2025-12-31
SKU03055,8488,1036593.12,4499,30,3,2022-01-01,2025-12-31
SKU03056,1798,1809129.8399999999,953,30,3,2022-01-01,2025-12-31
SKU03057,14297,2772346.99,7555,30,3,2022-01-01,2025-12-31
SKU03058,1210,1357369.67,633,30,3,2022-01-14,2025-12-29
SKU03059,2028,1078777.2,1083,30,3,2022-01-01,2025-12-31
SKU03060,2828,308608.7,1478,30,3,2022-01-02,2025-12-31
SKU03061,2634,575434.6900000001,1395,30,3,2022-01-02,2025-12-31
SKU03062,2778,654101.92,1490,30,3,2022-01-05,2025-12-31
SKU03063,15217,5201574.52,8004,30,3,2022-01-01,2025-12-31
SKU03064,4145,966879.39,2208,30,3,2022-01-01,2025-12-31
SKU03065,1690,335289.74,884,30,3,2022-01-04,2025-12-31
SKU03066,1693,343672.62,900,30,3,2022-01-01,2025-12-28
SKU03067,1353,127170.66,704,30,3,2022-01-01,2025-12-31
SKU03068,1864,331033.8,996,30,3,2022-01-01,2025-12-31
SKU03069,2212,615317.62,1229,30,3,2022-01-02,2025-12-31
SKU03070,1330,656785.37,691,30,3,2022-01-01,2025-12-30
SKU03071,1737,2007329.0599999998,909,30,3,2022-01-01,2025-12-31
SKU03072,1910,358913.73000000004,1025,30,3,2022-01-05,2025-12-31
SKU03073,1316,1970275.8,710,30,3,2022-01-01,2025-12-31
SKU03074,1719,4678573.61,924,30,3,2022-01-04,2025-12-29
SKU03075,1973,2429253.9299999997,1056,30,3,2022-01-01,2025-12-29
SKU03076,3805,3908855.32,1995,30,3,2022-01-02,2025-12-31
SKU03077,10250,3657708.18,5471,30,3,2022-01-01,2025-12-31
SKU03078,1896,651098.61,1042,30,3,2022-01-02,2025-12-31
SKU03079,2372,2896208.02,1257,30,3,2022-01-03,2025-12-31
SKU03080,1488,730979.72,801,30,3,2022-01-01,2025-12-31
SKU03081,2670,3971431.38,1436,30,3,2022-01-02,2025-12-31
SKU03082,2247,62866.9,1216,30,3,2022-01-05,2025-12-30
SKU03083,2111,1521115.12,1147,30,3,2022-01-01,2025-12-31
SKU03084,6470,690545.7,3413,30,3,2022-01-01,2025-12-31
SKU03085,1426,619415.5700000001,775,30,3,2022-01-04,2025-12-28
SKU03086,1720,670162.17,904,30,3,2022-01-03,2025-12-30
SKU03087,1450,451169.77,758,30,3,2022-01-02,2025-12-31
SKU03088,52463,11026113.28,27921,30,3,2022-01-01,2025-12-31
SKU03089,1182,1720240.6099999999,657,30,3,2022-01-05,2025-12-29
SKU03090,1305,170055.72999999998,721,30,3,2022-01-02,2025-12-30
SKU03091,1511,128053.90999999999,803,30,3,2022-01-02,2025-12-31
SKU03092,1289,131183.0,690,30,3,2022-01-04,2025-12-31
SKU03093,1488,561894.1,772,30,3,2022-01-01,2025-12-31
SKU03094,2083,672854.79,1089,30,3,2022-01-01,2025-12-31
SKU03095,1570,2378927.84,841,30,3,2022-01-02,2025-12-31
SKU03096,1669,2636748.31,896,30,3,2022-01-02,2025-12-31
SKU03097,2073,3219486.07,1121,30,3,2022-01-04,2025-12-31
SKU03098,2317,308219.11,1251,30,3,2022-01-01,2025-12-31
SKU03099,1973,349673.43,1025,30,3,2022-01-01,2025-12-30
SKU03100,3262,1232936.82,1742,30,3,2022-01-01,2025-12-30
SKU03101,1356,310815.97,728,30,3,2022-01-01,2025-12-30
SKU03102,1460,1826865.13,749,30,3,2022-01-06,2025-12-31
SKU03103,2162,457689.33,1109,30,3,2022-01-01,2025-12-31
SKU03104,2924,1320033.23,1509,30,3,2022-01-02,2025-12-30
SKU03105,1153,175584.19,626,30,3,2022-01-02,2025-12-28
SKU03106,2887,345783.08999999997,1514,30,3,2022-01-01,2025-12-31
SKU03107,2884,368904.94,1553,30,3,2022-01-01,2025-12-31
SKU03108,1255,145334.33,653,30,3,2022-01-01,2025-12-25
SKU03109,2512,737529.26,1336,30,3,2022-01-02,2025-12-31
SKU03110,4677,1350985.4200000002,2452,30,3,2022-01-01,2025-12-31
SKU03111,1298,676716.9199999999,701,30,3,2022-01-03,2025-12-31
SKU03112,1536,554911.2,840,30,3,2022-01-01,2025-12-31
SKU03113,1300,1482562.3699999999,692,30,3,2022-01-03,2025-12-31
SKU03114,1477,708485.98,787,30,3,2022-01-04,2025-12-30
SKU03115,1224,934941.29,654,30,3,2022-01-01,2025-12-31
SKU03116,1792,1374238.8,938,30,3,2022-01-02,2025-12-31
SKU03117,2852,12755135.9,1483,30,3,2022-01-01,2025-12-31
SKU03118,1385,2025363.1700000002,741,30,3,2022-01-03,2025-12-31
SKU03119,4539,160341.81,2453,30,3,2022-01-01,2025-12-31
SKU03120,2178,385632.94,1157,30,3,2022-01-03,2025-12-31
SKU03121,1807,83931.12,942,30,3,2022-01-02,2025-12-28
SKU03122,2100,520379.62,1101,30,3,2022-01-02,2025-12-30
SKU03123,1551,516624.52999999997,807,30,3,2022-01-05,2025-12-31
SKU03124,1485,601556.11,806,30,3,2022-01-01,2025-12-31
SKU03125,1583,88331.89,848,30,3,2022-01-01,2025-12-31
SKU03126,2812,344969.64999999997,1511,30,3,2022-01-05,2025-12-30
SKU03127,1422,325468.6,753,30,3,2022-01-01,2025-12-30
SKU03128,1632,90122.44,854,30,3,2022-01-01,2025-12-23
SKU03129,1280,88045.16,692,30,3,2022-01-02,2025-12-31
SKU03130,5152,20370595.07,2749,30,3,2022-01-02,2025-12-31
SKU03131,1585,76244.43000000001,825,30,3,2022-01-04,2025-12-30
SKU03132,3139,5653886.79,1684,30,3,2022-01-01,2025-12-30
SKU03133,9879,2444587.6599999997,5282,30,3,2022-01-01,2025-12-31
SKU03134,9183,1691500.16,4886,30,3,2022-01-01,2025-12-31
SKU03135,3613,1333992.85,1925,30,3,2022-01-02,2025-12-31
SKU03136,1607,336335.68,876,30,3,2022-01-01,2025-12-28
SKU03137,2973,459614.42,1606,30,3,2022-01-01,2025-12-31
SKU03138,3986,365304.01,2154,30,3,2022-01-02,2025-12-31
SKU03139,1310,49099.35,704,30,3,2022-01-09,2025-12-31
SKU03140,2612,295650.5,1397,30,3,2022-01-01,2025-12-31
SKU03141,1437,773807.19,769,30,3,2022-01-01,2025-12-28
SKU03142,1670,493681.45999999996,917,30,3,2022-01-03,2025-12-30
SKU03143,1495,107280.17,814,30,3,2022-01-01,2025-12-28
SKU03144,2502,892031.87,1344,30,3,2022-01-01,2025-12-31
SKU03145,2339,105323.84999999999,1251,30,3,2022-01-01,2025-12-31
SKU03146,2872,3448662.79,1525,30,3,2022-01-04,2025-12-31
SKU03147,1826,258223.16999999998,975,30,3,2022-01-05,2025-12-30
SKU03148,1664,2809704.88,895,30,3,2022-01-07,2025-12-29
SKU03149,9125,5259548.970000001,4783,30,3,2022-01-01,2025-12-31
SKU03150,1169,3879385.45,648,30,3,2022-01-02,2025-12-30
SKU03151,1390,434652.31,753,30,3,2022-01-04,2025-12-31
SKU03152,1290,105541.01,703,30,3,2022-01-01,2025-12-27
SKU03153,2593,761362.2799999999,1368,30,3,2022-01-01,2025-12-31
SKU03154,4814,502995.64999999997,2555,30,3,2022-01-01,2025-12-31
SKU03155,1332,155831.18,696,30,3,2022-01-03,2025-12-31
SKU03156,1350,255525.03,731,30,3,2022-01-08,2025-12-30
SKU03157,1557,243404.75,835,30,3,2022-01-01,2025-12-31
SKU03158,1312,123529.29000000001,709,30,3,2022-01-07,2025-12-30
SKU03159,5473,689389.0,2928,30,3,2022-01-01,2025-12-31
SKU03160,2741,652675.5399999999,1499,30,3,2022-01-04,2025-12-30
SKU03161,1402,295031.94,779,30,3,2022-01-01,2025-12-30
SKU03162,3708,1278277.29,2001,30,3,2022-01-02,2025-12-31
SKU03163,1360,384286.02,700,30,3,2022-01-02,2025-12-30
SKU03164,1879,98670.29,1019,30,3,2022-01-03,2025-12-30
SKU03165,1375,414600.86,725,30,3,2022-01-03,2025-12-31
SKU03166,4432,1375347.7,2352,30,3,2022-01-01,2025-12-31
SKU03167,2268,2651275.88,1221,30,3,2022-01-02,2025-12-31
SKU03168,4364,704890.58,2318,30,3,2022-01-01,2025-12-31
SKU03169,2938,958302.65,1551,30,3,2022-01-01,2025-12-31
SKU03170,3027,906338.6599999999,1597,30,3,2022-01-01,2025-12-31
SKU03171,11345,1528586.74,6032,30,3,2022-01-01,2025-12-31
SKU03172,4927,443830.41,2602,30,3,2022-01-01,2025-12-31
SKU03173,1235,2195567.38,677,30,3,2022-01-04,2025-12-28
SKU03174,4471,4432012.07,2411,30,3,2022-01-02,2025-12-31
SKU03175,3023,458812.89,1624,30,3,2022-01-03,2025-12-31
SKU03176,4006,4607087.57,2140,30,3,2022-01-01,2025-12-31
SKU03177,1346,75318.25,705,30,3,2022-01-01,2025-12-30
SKU03178,1819,244526.13999999998,947,30,3,2022-01-02,2025-12-28
SKU03179,1278,354100.71,670,30,3,2022-01-02,2025-12-31
SKU03180,2775,922311.15,1493,30,3,2022-01-01,2025-12-31
SKU03181,2283,1077859.79,1206,30,3,2022-01-01,2025-12-30
SKU03182,2075,1663979.27,1149,30,3,2022-01-01,2025-12-30
SKU03183,1735,335441.92,948,30,3,2022-01-07,2025-12-31
SKU03184,1432,1666887.74,768,30,3,2022-01-01,2025-12-29
SKU03185,1305,400253.63,708,30,3,2022-01-01,2025-12-30
SKU03186,1504,93807.43,830,30,3,2022-01-01,2025-12-30
SKU03187,2393,1208092.48,1274,30,3,2022-01-02,2025-12-31
SKU03188,1303,574729.27,701,30,3,2022-01-01,2025-12-29
SKU03189,1609,449857.73000000004,870,30,3,2022-01-01,2025-12-30
SKU03190,5595,5232071.5,2945,30,3,2022-01-01,2025-12-30
SKU03191,1944,767020.13,1057,30,3,2022-01-02,2025-12-30
SKU03192,1314,353670.19,692,30,3,2022-01-01,2025-12-29
SKU03193,10960,2652036.5700000003,5866,30,3,2022-01-01,2025-12-31
SKU03194,5122,3103240.43,2752,30,3,2022-01-01,2025-12-31
SKU03195,3135,1802436.79,1673,30,3,2022-01-01,2025-12-31
SKU03196,7535,5917636.02,3994,30,3,2022-01-01,2025-12-31
SKU03197,2175,1061900.3,1215,30,3,2022-01-02,2025-12-29
SKU03198,3838,461162.25,2054,30,3,2022-01-01,2025-12-31
SKU03199,11856,865817.78,6224,30,3,2022-01-01,2025-12-31
SKU03200,1975,4110625.68,1059,30,3,2022-01-01,2025-12-30
SKU03201,3093,312123.33,1639,30,3,2022-01-04,2025-12-31
SKU03202,2176,292300.63,1141,30,3,2022-01-06,2025-12-31
SKU03203,5535,935218.47,2926,30,3,2022-01-01,2025-12-30
SKU03204,1951,3107739.78,1031,30,3,2022-01-02,2025-12-31
SKU03205,1381,74165.63,734,30,3,2022-01-01,2025-12-30
SKU03206,3262,908117.4,1765,30,3,2022-01-01,2025-12-30
SKU03207,3709,678407.0700000001,1980,30,3,2022-01-02,2025-12-31
SKU03208,2789,2983710.83,1460,30,3,2022-01-01,2025-12-29
SKU03209,3923,282287.29,2108,30,3,2022-01-01,2025-12-31
SKU03210,1329,1421533.58,728,30,3,2022-01-02,2025-12-30
SKU03211,1657,207036.64,864,30,3,2022-01-01,2025-12-31
SKU03212,1695,3167912.53,908,30,3,2022-01-03,2025-12-29
SKU03213,8126,1708278.68,4318,30,3,2022-01-01,2025-12-31
SKU03214,1741,2870151.9,921,30,3,2022-01-03,2025-12-31
SKU03215,2176,342781.8,1174,30,3,2022-01-02,2025-12-31
SKU03216,1838,3709767.27,974,30,3,2022-01-01,2025-12-30
SKU03217,6297,4023675.22,3387,30,3,2022-01-01,2025-12-31
SKU03218,1466,244574.97,766,30,3,2022-01-03,2025-12-30
SKU03219,2725,354198.59,1439,30,3,2022-01-02,2025-12-31
SKU03220,1307,102440.57,677,30,3,2022-01-01,2025-12-31
SKU03221,2294,250425.52,1220,30,3,2022-01-03,2025-12-28
SKU03222,1406,80644.94,731,30,3,2022-01-03,2025-12-28
SKU03223,1476,289439.79000000004,779,30,3,2022-01-02,2025-12-29
SKU03224,1729,523052.91,900,30,3,2022-01-01,2025-12-30
SKU03225,2731,4187690.5,1456,30,3,2022-01-03,2025-12-31
SKU03226,2542,903945.85,1344,30,3,2022-01-04,2025-12-31
SKU03227,1727,619732.83,917,30,3,2022-01-03,2025-12-31
SKU03228,5021,1867630.52,2684,30,3,2022-01-01,2025-12-31
SKU03229,1374,1642951.03,746,30,3,2022-01-03,2025-12-30
SKU03230,1274,736494.13,672,30,3,2022-01-01,2025-12-27
SKU03231,1504,2367093.62,779,30,3,2022-01-03,2025-12-30
SKU03232,9128,19015613.150000002,4836,30,3,2022-01-01,2025-12-31
SKU03233,5500,1736559.1600000001,2968,30,3,2022-01-01,2025-12-31
SKU03234,2011,1450372.7,1091,30,3,2022-01-02,2025-12-31
SKU03235,1360,2121955.79,693,30,3,2022-01-04,2025-12-30
SKU03236,1781,271520.34,945,30,3,2022-01-01,2025-12-31
SKU03237,2122,2801390.31,1114,30,3,2022-01-01,2025-12-31
SKU03238,2036,2116202.82,1104,30,3,2022-01-01,2025-12-31
SKU03239,1701,265197.31,875,30,3,2022-01-01,2025-12-31
SKU03240,4927,4814944.37,2694,30,3,2022-01-01,2025-12-31
SKU03241,2224,235715.96,1189,30,3,2022-01-02,2025-12-31
SKU03242,5975,1387279.6400000001,3113,30,3,2022-01-02,2025-12-31
SKU03243,2124,2275113.17,1127,30,3,2022-01-02,2025-12-31
SKU03244,1954,209805.57,1047,30,3,2022-01-06,2025-12-31
SKU03245,2098,765883.77,1110,30,3,2022-01-01,2025-12-30
SKU03246,6745,15799012.879999999,3564,30,3,2022-01-01,2025-12-31
SKU03247,2043,584155.0700000001,1092,30,3,2022-01-03,2025-12-31
SKU03248,1332,207640.61000000002,709,30,3,2022-01-04,2025-12-29
SKU03249,1585,652009.36,826,30,3,2022-01-03,2025-12-30
SKU03250,1687,1523377.2,891,30,3,2022-01-01,2025-12-30
SKU03251,1171,2253200.34,618,30,3,2022-01-01,2025-12-31
SKU03252,2038,917188.48,1097,30,3,2022-01-01,2025-12-31
SKU03253,2587,228065.0,1388,30,3,2022-01-03,2025-12-31
SKU03254,1242,226631.8,676,30,3,2022-01-02,2025-12-31
SKU03255,2203,835633.83,1160,30,3,2022-01-02,2025-12-31
SKU03256,2059,876637.74,1095,30,3,2022-01-05,2025-12-28
SKU03257,1218,412865.84,644,30,3,2022-01-03,2025-12-30
SKU03258,1656,1987100.55,894,30,3,2022-01-01,2025-12-31
SKU03259,14844,8260135.68,7979,30,3,2022-01-01,2025-12-31
SKU03260,2871,546878.52,1541,30,3,2022-01-02,2025-12-29
SKU03261,1733,149125.27,933,30,3,2022-01-05,2025-12-29
SKU03262,1465,325054.51,764,30,3,2022-01-07,2025-12-30
SKU03263,2380,166565.75,1269,30,3,2022-01-01,2025-12-31
SKU03264,2249,480717.14999999997,1218,30,3,2022-01-01,2025-12-30
SKU03265,2096,1219071.03,1144,30,3,2022-01-01,2025-12-25
SKU03266,1420,550526.0599999999,727,30,3,2022-01-11,2025-12-31
SKU03267,1644,333058.03,870,30,3,2022-01-04,2025-12-30
SKU03268,2026,1378911.02,1067,30,3,2022-01-01,2025-12-31
SKU03269,1300,180122.57,700,30,3,2022-01-04,2025-12-31
SKU03270,1842,251932.09,982,30,3,2022-01-01,2025-12-30
SKU03271,4036,2224337.9499999997,2106,30,3,2022-01-01,2025-12-31
SKU03272,1403,1118894.11,754,30,3,2022-01-08,2025-12-31
SKU03273,1600,1893771.6700000002,835,30,3,2022-01-02,2025-12-31
SKU03274,14139,2092892.92,7489,30,3,2022-01-01,2025-12-31
SKU03275,3062,2438774.18,1642,30,3,2022-01-03,2025-12-30
SKU03276,5852,1490385.88,3070,30,3,2022-01-01,2025-12-31
SKU03277,1280,265658.72000000003,700,30,3,2022-01-04,2025-12-30
SKU03278,1445,2199618.29,774,30,3,2022-01-05,2025-12-30
SKU03279,1866,3443961.85,999,30,3,2022-01-01,2025-12-30
SKU03280,1939,381483.25,1015,30,3,2022-01-01,2025-12-27
SKU03281,1277,207572.53999999998,699,30,3,2022-01-04,2025-12-31
SKU03282,2767,3982355.01,1509,30,3,2022-01-01,2025-12-31
SKU03283,1954,173749.17,1042,30,3,2022-01-07,2025-12-31
SKU03284,1230,285699.23,640,30,3,2022-01-03,2025-12-31
SKU03285,5362,308607.57,2891,30,3,2022-01-01,2025-12-31
SKU03286,1188,812987.35,627,30,3,2022-01-04,2025-12-29
SKU03287,2574,389547.29,1385,30,3,2022-01-01,2025-12-30
SKU03288,2172,2636442.91,1159,30,3,2022-01-02,2025-12-31
SKU03289,2105,92339.29,1127,30,3,2022-01-01,2025-12-30
SKU03290,1221,1921783.5,674,30,3,2022-01-01,2025-12-29
SKU03291,1210,33021.22,638,30,3,2022-01-01,2025-12-29
SKU03292,93199,14207623.26,49504,30,3,2022-01-01,2025-12-31
SKU03293,1430,370515.10000000003,749,30,3,2022-01-03,2025-12-28
SKU03294,1385,124122.71,718,30,3,2022-01-04,2025-12-30
SKU03295,1373,136716.63,706,30,3,2022-01-07,2025-12-30
SKU03296,1505,5158585.75,826,30,3,2022-01-01,2025-12-30
SKU03297,2474,428131.93,1301,30,3,2022-01-01,2025-12-31
SKU03298,1477,529455.5,817,30,3,2022-01-03,2025-12-31
SKU03299,3148,3059685.7199999997,1718,30,3,2022-01-04,2025-12-31
SKU03300,2253,593931.47,1182,30,3,2022-01-03,2025-12-31
SKU03301,1408,395741.95999999996,739,30,3,2022-01-09,2025-12-31
SKU03302,6928,2757419.9899999998,3686,30,3,2022-01-01,2025-12-31
SKU03303,1662,380812.44,916,30,3,2022-01-01,2025-12-31
SKU03304,1969,563403.43,1057,30,3,2022-01-07,2025-12-31
SKU03305,1442,1905525.22,754,30,3,2022-01-01,2025-12-31
SKU03306,2426,3519367.06,1264,30,3,2022-01-03,2025-12-31
SKU03307,2076,1415284.48,1101,30,3,2022-01-02,2025-12-31
SKU03308,1367,347890.45999999996,680,30,3,2022-01-01,2025-12-31
SKU03309,3831,3499767.37,2016,30,3,2022-01-01,2025-12-31
SKU03310,1617,1100551.04,854,30,3,2022-01-05,2025-12-31
SKU03311,1224,367631.66000000003,635,30,3,2022-01-04,2025-12-28
SKU03312,1679,361656.92,935,30,3,2022-01-01,2025-12-31
SKU03313,2009,594573.7,1072,30,3,2022-01-03,2025-12-30
SKU03314,1405,259709.03,761,30,3,2022-01-04,2025-12-31
SKU03315,1421,381327.25,752,30,3,2022-01-01,2025-12-29
SKU03316,1330,1278504.5499999998,703,30,3,2022-01-03,2025-12-29
SKU03317,1695,800152.53,911,30,3,2022-01-05,2025-12-30
SKU03318,1980,649261.88,1068,30,3,2022-01-01,2025-12-31
SKU03319,3795,1416781.11,1995,30,3,2022-01-03,2025-12-31
SKU03320,1313,766094.76,705,30,3,2022-01-04,2025-12-30
SKU03321,1369,112572.97,738,30,3,2022-01-01,2025-12-29
SKU03322,2284,7664591.8,1245,30,3,2022-01-01,2025-12-31
SKU03323,17816,50122574.54,9471,30,3,2022-01-01,2025-12-31
SKU03324,1841,3034329.75,1006,30,3,2022-01-05,2025-12-31
SKU03325,3833,225928.06,2051,30,3,2022-01-02,2025-12-31
SKU03326,1465,58271.100000000006,781,30,3,2022-01-05,2025-12-31
SKU03327,2185,2304530.79,1163,30,3,2022-01-01,2025-12-31
SKU03328,3334,1954249.63,1787,30,3,2022-01-01,2025-12-31
SKU03329,1486,499443.02,792,30,3,2022-01-07,2025-12-28
SKU03330,1591,1721178.5799999998,845,30,3,2022-01-03,2025-12-30
SKU03331,2184,3247781.7199999997,1148,30,3,2022-01-02,2025-12-31
SKU03332,1764,62210.15,935,30,3,2022-01-01,2025-12-31
SKU03333,1363,1545152.8,734,30,3,2022-01-01,2025-12-31
SKU03334,2245,87653.81,1224,30,3,2022-01-01,2025-12-31
SKU03335,1450,545056.9,779,30,3,2022-01-03,2025-12-30
SKU03336,1465,155311.15,773,30,3,2022-01-01,2025-12-30
SKU03337,2540,1198028.85,1351,30,3,2022-01-03,2025-12-30
SKU03338,1383,199488.46,745,30,3,2022-01-05,2025-12-31
SKU03339,3103,263321.59,1638,30,3,2022-01-01,2025-12-31
SKU03340,4192,8220755.98,2230,30,3,2022-01-01,2025-12-31
SKU03341,3115,472552.22,1643,30,3,2022-01-01,2025-12-31
SKU03342,1855,766271.15,1037,30,3,2022-01-02,2025-12-30
SKU03343,1761,489766.51999999996,935,30,3,2022-01-04,2025-12-30
SKU03344,1982,1743442.21,1016,30,3,2022-01-01,2025-12-30
SKU03345,1831,226522.35,974,30,3,2022-01-05,2025-12-31
SKU03346,2374,1381373.23,1254,30,3,2022-01-01,2025-12-31
SKU03347,1236,105733.03,648,30,3,2022-01-06,2025-12-28
SKU03348,5511,1496100.03,2927,30,3,2022-01-04,2025-12-31
SKU03349,1337,68134.87,693,30,3,2022-01-02,2025-12-30
SKU03350,1960,265833.3,1035,30,3,2022-01-01,2025-12-31
SKU03351,1526,273513.60000000003,818,30,3,2022-01-02,2025-12-31
SKU03352,1366,694250.02,728,30,3,2022-01-05,2025-12-31
SKU03353,15528,704980.9400000001,8266,30,3,2022-01-01,2025-12-31
SKU03354,1464,65364.02,801,30,3,2022-01-01,2025-12-31
SKU03355,7963,942268.84,4250,30,3,2022-01-01,2025-12-31
SKU03356,1432,1541745.9,768,30,3,2022-01-02,2025-12-31
SKU03357,1293,877776.95,688,30,3,2022-01-03,2025-12-30
SKU03358,1425,2504191.57,748,30,3,2022-01-01,2025-12-30
SKU03359,1852,653203.22,985,30,3,2022-01-05,2025-12-30
SKU03360,1417,462382.46,762,30,3,2022-01-01,2025-12-28
SKU03361,1901,527850.89,1016,30,3,2022-01-01,2025-12-28
SKU03362,1293,879123.2599999999,710,30,3,2022-01-04,2025-12-30
SKU03363,3927,404607.19,2080,30,3,2022-01-03,2025-12-31
SKU03364,2083,263825.95,1156,30,3,2022-01-05,2025-12-30
SKU03365,1654,367548.70999999996,893,30,3,2022-01-01,2025-12-29
SKU03366,2417,279427.48,1250,30,3,2022-01-01,2025-12-31
SKU03367,4740,553648.46,2523,30,3,2022-01-01,2025-12-31
SKU03368,5144,8415623.33,2775,30,3,2022-01-01,2025-12-31
SKU03369,1427,1615690.01,782,30,3,2022-01-03,2025-12-31
SKU03370,1726,90830.18000000001,919,30,3,2022-01-07,2025-12-31
SKU03371,2121,2837474.93,1128,30,3,2022-01-05,2025-12-31
SKU03372,2744,730548.7699999999,1451,30,3,2022-01-01,2025-12-31
SKU03373,2357,3599798.5900000003,1291,30,3,2022-01-01,2025-12-30
SKU03374,8424,564090.67,4481,30,3,2022-01-01,2025-12-31
SKU03375,1230,118962.43,671,30,3,2022-01-01,2025-12-31
SKU03376,1283,82410.22,659,30,3,2022-01-01,2025-12-29
SKU03377,1789,282654.57,965,30,3,2022-01-01,2025-12-30
SKU03378,2570,286808.18,1356,30,3,2022-01-01,2025-12-31
SKU03379,8082,438487.31,4256,30,3,2022-01-01,2025-12-31
SKU03380,1859,71160.08,1010,30,3,2022-01-04,2025-12-31
SKU03381,2769,455628.88,1503,30,3,2022-01-01,2025-12-31
SKU03382,1511,356433.07,788,30,3,2022-01-04,2025-12-31
SKU03383,2649,530728.22,1384,30,3,2022-01-01,2025-12-31
SKU03384,2232,316729.54,1205,30,3,2022-01-04,2025-12-31
SKU03385,5518,782035.12,2945,30,3,2022-01-01,2025-12-31
SKU03386,2120,577867.9,1100,30,3,2022-01-02,2025-12-31
SKU03387,1766,226805.17,955,30,3,2022-01-01,2025-12-31
SKU03388,2493,344344.84,1329,30,3,2022-01-01,2025-12-31
SKU03389,1934,1064652.76,1003,30,3,2022-01-01,2025-12-31
SKU03390,2043,3623961.1999999997,1109,30,3,2022-01-01,2025-12-29
SKU03391,3879,5245377.79,2060,30,3,2022-01-01,2025-12-31
SKU03392,5864,6325525.9399999995,3134,30,3,2022-01-01,2025-12-31
SKU03393,1979,129253.31999999999,1032,30,3,2022-01-03,2025-12-29
SKU03394,3265,3088269.64,1755,30,3,2022-01-01,2025-12-31
SKU03395,4340,1108494.29,2335,30,3,2022-01-02,2025-12-30
SKU03396,2108,1303896.6,1100,30,3,2022-01-05,2025-12-30
SKU03397,4484,1657288.66,2364,30,3,2022-01-02,2025-12-31
SKU03398,2044,2746867.22,1126,30,3,2022-01-01,2025-12-31
SKU03399,1454,217993.07,790,30,3,2022-01-01,2025-12-31
SKU03400,1745,419012.75,934,30,3,2022-01-02,2025-12-31
SKU03401,1442,467908.4,786,30,3,2022-01-01,2025-12-27
SKU03402,2206,1272334.84,1160,30,3,2022-01-02,2025-12-30
SKU03403,2321,211577.86,1239,30,3,2022-01-02,2025-12-31
SKU03404,1894,4497423.73,1002,30,3,2022-01-01,2025-12-31
SKU03405,1901,706203.38,996,30,3,2022-01-09,2025-12-29
SKU03406,1415,341302.49000000005,738,30,3,2022-01-07,2025-12-31
SKU03407,1783,4020722.86,954,30,3,2022-01-01,2025-12-31
SKU03408,2096,493029.46,1148,30,3,2022-01-03,2025-12-31
SKU03409,2093,232879.87,1104,30,3,2022-01-02,2025-12-30
SKU03410,1797,798690.22,958,30,3,2022-01-03,2025-12-31
SKU03411,1836,354501.52,979,30,3,2022-01-08,2025-12-30
SKU03412,1941,241458.18,1057,30,3,2022-01-01,2025-12-30
SKU03413,1370,405715.64,721,30,3,2022-01-06,2025-12-28
SKU03414,1283,1144196.12,673,30,3,2022-01-03,2025-12-29
SKU03415,2256,2536771.69,1200,30,3,2022-01-01,2025-12-29
SKU03416,1233,202613.91,667,30,3,2022-01-03,2025-12-31
SKU03417,1415,630606.7,759,30,3,2022-01-03,2025-12-31
SKU03418,1941,259366.14,1044,30,3,2022-01-02,2025-12-31
SKU03419,1892,1482840.36,1012,30,3,2022-01-02,2025-12-30
SKU03420,1561,211372.2,845,30,3,2022-01-03,2025-12-30
SKU03421,3540,7035163.9399999995,1923,30,3,2022-01-01,2025-12-31
SKU03422,5102,5327037.29,2693,30,3,2022-01-01,2025-12-31
SKU03423,7688,2771812.9299999997,4083,30,3,2022-01-01,2025-12-31
SKU03424,1639,230966.99000000002,851,30,3,2022-01-04,2025-12-28
SKU03425,15588,2971118.95,8218,30,3,2022-01-01,2025-12-31
SKU03426,4710,5833074.8,2516,30,3,2022-01-03,2025-12-31
SKU03427,4402,3330476.38,2300,30,3,2022-01-01,2025-12-31
SKU03428,1271,473107.93,671,30,3,2022-01-02,2025-12-31
SKU03429,2461,2556781.69,1308,30,3,2022-01-01,2025-12-31
SKU03430,1534,489466.34,785,30,3,2022-01-05,2025-12-28
SKU03431,1776,1202841.33,947,30,3,2022-01-07,2025-12-30
SKU03432,2818,6934699.78,1504,30,3,2022-01-03,2025-12-30
SKU03433,7690,1174107.8699999999,4120,30,3,2022-01-01,2025-12-31
SKU03434,2248,229182.69,1185,30,3,2022-01-05,2025-12-31
SKU03435,1385,1066468.16,726,30,3,2022-01-04,2025-12-27
SKU03436,1240,216800.81,664,30,3,2022-01-01,2025-12-31
SKU03437,2678,688899.86,1429,30,3,2022-01-04,2025-12-31
SKU03438,1572,1892412.79,831,30,3,2022-01-06,2025-12-27
SKU03439,1782,2185766.01,957,30,3,2022-01-03,2025-12-30
SKU03440,1654,2602026.05,889,30,3,2022-01-01,2025-12-31
SKU03441,1245,321727.13,671,30,3,2022-01-05,2025-12-31
SKU03442,2351,344497.2,1242,30,3,2022-01-01,2025-12-31
SKU03443,1570,148719.7,849,30,3,2022-01-02,2025-12-31
SKU03444,1467,530952.27,785,30,3,2022-01-03,2025-12-30
SKU03445,2772,138809.74,1492,30,3,2022-01-01,2025-12-31
SKU03446,3669,489664.52999999997,2002,30,3,2022-01-01,2025-12-30
SKU03447,1675,518893.83999999997,910,30,3,2022-01-06,2025-12-30
SKU03448,1818,763666.03,975,30,3,2022-01-02,2025-12-31
SKU03449,1460,481924.58999999997,786,30,3,2022-01-01,2025-12-30
SKU03450,5927,1600399.97,3133,30,3,2022-01-01,2025-12-31
SKU03451,1589,218007.49000000002,845,30,3,2022-01-06,2025-12-28
SKU03452,1341,1462569.63,704,30,3,2022-01-06,2025-12-31
SKU03453,2083,426444.20999999996,1101,30,3,2022-01-01,2025-12-29
SKU03454,1402,1128094.21,709,30,3,2022-01-01,2025-12-30
SKU03455,5180,1506787.73,2807,30,3,2022-01-01,2025-12-31
SKU03456,2832,623535.5,1522,30,3,2022-01-02,2025-12-31
SKU03457,1232,241118.63,669,30,3,2022-01-08,2025-12-31
SKU03458,1361,1686616.69,693,30,3,2022-01-03,2025-12-30
SKU03459,4146,3094783.23,2205,30,3,2022-01-04,2025-12-31
SKU03460,8674,24726627.97,4646,30,3,2022-01-01,2025-12-31
SKU03461,6746,5509397.04,3528,30,3,2022-01-01,2025-12-31
SKU03462,2456,3660632.88,1268,30,3,2022-01-02,2025-12-31
SKU03463,1464,933851.15,786,30,3,2022-01-01,2025-12-30
SKU03464,6926,1574357.66,3695,30,3,2022-01-01,2025-12-31
SKU03465,1449,3832110.95,766,30,3,2022-01-05,2025-12-31
SKU03466,3088,1031860.65,1627,30,3,2022-01-01,2025-12-31
SKU03467,1266,327540.38,672,30,3,2022-01-01,2025-12-31
SKU03468,2501,1555582.29,1339,30,3,2022-01-01,2025-12-31
SKU03469,1976,1012035.89,1028,30,3,2022-01-01,2025-12-30
SKU03470,1485,120816.94,793,30,3,2022-01-03,2025-12-31
SKU03471,1863,490320.3,970,30,3,2022-01-01,2025-12-29
SKU03472,1357,249197.86,749,30,3,2022-01-04,2025-12-29
SKU03473,1606,298705.02999999997,853,30,3,2022-01-02,2025-12-31
SKU03474,3143,1546245.71,1664,30,3,2022-01-01,2025-12-31
SKU03475,2061,4394605.42,1100,30,3,2022-01-03,2025-12-31
SKU03476,14051,8892457.58,7407,30,3,2022-01-01,2025-12-31
SKU03477,2754,4147337.2,1470,30,3,2022-01-01,2025-12-31
SKU03478,1845,116776.6,998,30,3,2022-01-01,2025-12-31
SKU03479,1583,1812489.51,863,30,3,2022-01-04,2025-12-31
SKU03480,1979,1869942.41,1055,30,3,2022-01-02,2025-12-30
SKU03481,1514,701860.33,803,30,3,2022-01-01,2025-12-31
SKU03482,1941,616379.74,1034,30,3,2022-01-01,2025-12-31
SKU03483,2090,947974.22,1133,30,3,2022-01-07,2025-12-31
SKU03484,1242,1673499.8599999999,664,30,3,2022-01-01,2025-12-31
SKU03485,2762,244715.78,1484,30,3,2022-01-01,2025-12-30
SKU03486,2058,967558.62,1089,30,3,2022-01-01,2025-12-31
SKU03487,2791,501817.27,1459,30,3,2022-01-01,2025-12-30
SKU03488,3904,508879.6,1999,30,3,2022-01-01,2025-12-31
SKU03489,1965,113462.26,1023,30,3,2022-01-10,2025-12-31
SKU03490,1879,2154285.0,1010,30,3,2022-01-01,2025-12-31
SKU03491,1178,2914742.8,650,30,3,2022-01-01,2025-12-31
SKU03492,1328,89007.19,691,30,3,2022-01-03,2025-12-30
SKU03493,1238,249884.77,663,30,3,2022-01-06,2025-12-31
SKU03494,3056,208994.36000000002,1617,30,3,2022-01-02,2025-12-31
SKU03495,2179,157407.42,1177,30,3,2022-01-01,2025-12-31
SKU03496,4234,1505787.56,2299,30,3,2022-01-02,2025-12-31
SKU03497,1550,760184.47,838,30,3,2022-01-01,2025-12-29
SKU03498,2039,1373374.82,1070,30,3,2022-01-01,2025-12-28
SKU03499,1464,260756.34,777,30,3,2022-01-01,2025-12-31
SKU03500,5165,8340663.7,2779,30,3,2022-01-01,2025-12-31
SKU03501,1615,253787.1,858,30,3,2022-01-03,2025-12-31
SKU03502,1542,142684.99,811,30,3,2022-01-01,2025-12-31
SKU03503,1556,331588.36,847,30,3,2022-01-01,2025-12-28
SKU03504,1242,993169.14,649,30,3,2022-01-02,2025-12-30
SKU03505,3281,10231402.97,1739,30,3,2022-01-02,2025-12-31
SKU03506,4077,2094640.39,2127,30,3,2022-01-02,2025-12-31
SKU03507,6868,4529145.91,3671,30,3,2022-01-01,2025-12-31
SKU03508,1305,77518.54000000001,702,30,3,2022-01-02,2025-12-28
SKU03509,2296,1066144.58,1183,30,3,2022-01-02,2025-12-31
SKU03510,4196,563251.73,2215,30,3,2022-01-02,2025-12-31
SKU03511,2432,1615211.75,1272,30,3,2022-01-04,2025-12-29
SKU03512,6471,2696324.26,3418,30,3,2022-01-01,2025-12-31
SKU03513,1422,288815.24,762,30,3,2022-01-01,2025-12-31
SKU03514,1310,396646.8,701,30,3,2022-01-03,2025-12-31
SKU03515,2376,596934.01,1261,30,3,2022-01-03,2025-12-31
SKU03516,2164,293680.68,1156,30,3,2022-01-01,2025-12-31
SKU03517,1726,1595098.88,917,30,3,2022-01-01,2025-12-31
SKU03518,3041,363751.89,1632,30,3,2022-01-02,2025-12-30
SKU03519,3011,400367.96,1565,30,3,2022-01-02,2025-12-31
SKU03520,1345,128027.64,708,30,3,2022-01-05,2025-12-30
SKU03521,3068,128450.43,1630,30,3,2022-01-01,2025-12-31
SKU03522,6381,672942.93,3401,30,3,2022-01-01,2025-12-31
SKU03523,1284,421869.45,701,30,3,2022-01-01,2025-12-31
SKU03524,6256,823892.65,3304,30,3,2022-01-01,2025-12-31
SKU03525,1968,1619880.74,1055,30,3,2022-01-02,2025-12-31
SKU03526,1552,228653.63999999998,857,30,3,2022-01-07,2025-12-30
SKU03527,1312,512527.47000000003,675,30,3,2022-01-02,2025-12-29
SKU03528,5363,8395132.3,2857,30,3,2022-01-01,2025-12-31
SKU03529,1467,349237.94,786,30,3,2022-01-03,2025-12-30
SKU03530,2800,5585048.89,1487,30,3,2022-01-01,2025-12-31
SKU03531,3306,5499676.220000001,1746,30,3,2022-01-02,2025-12-31
SKU03532,8142,715528.44,4347,30,3,2022-01-01,2025-12-31
SKU03533,1329,41629.77,705,30,3,2022-01-09,2025-12-30
SKU03534,1598,502118.16000000003,847,30,3,2022-01-02,2025-12-31
SKU03535,16404,2728326.49,8669,30,3,2022-01-01,2025-12-31
SKU03536,4132,490527.43,2202,30,3,2022-01-02,2025-12-31
SKU03537,1990,280352.87,1068,30,3,2022-01-02,2025-12-31
SKU03538,4230,336586.53,2218,30,3,2022-01-01,2025-12-31
SKU03539,1445,93063.06,730,30,3,2022-01-01,2025-12-30
SKU03540,2031,394434.31,1090,30,3,2022-01-01,2025-12-31
SKU03541,1520,1015824.29,795,30,3,2022-01-01,2025-12-30
SKU03542,3307,4811995.54,1746,30,3,2022-01-01,2025-12-31
SKU03543,1300,250195.85,684,30,3,2022-01-07,2025-12-30
SKU03544,2841,495324.53,1502,30,3,2022-01-01,2025-12-31
SKU03545,2809,1060572.42,1475,30,3,2022-01-01,2025-12-31
SKU03546,20480,9504231.22,10956,30,3,2022-01-01,2025-12-31
SKU03547,1525,142161.16,816,30,3,2022-01-03,2025-12-30
SKU03548,1288,208731.84,698,30,3,2022-01-02,2025-12-31
SKU03549,1908,312461.05,1020,30,3,2022-01-02,2025-12-31
SKU03550,7716,6251258.55,4066,30,3,2022-01-01,2025-12-31
SKU03551,1327,214496.66999999998,669,30,3,2022-01-03,2025-12-30
SKU03552,2807,245031.7,1500,30,3,2022-01-05,2025-12-31
SKU03553,2295,512935.63,1199,30,3,2022-01-04,2025-12-31
SKU03554,1658,2502780.8200000003,873,30,3,2022-01-03,2025-12-31
SKU03555,1335,264651.56,697,30,3,2022-01-01,2025-12-30
SKU03556,2589,1593353.6,1396,30,3,2022-01-03,2025-12-30
SKU03557,2172,316682.24,1145,30,3,2022-01-02,2025-12-31
SKU03558,1773,3236467.6,914,30,3,2022-01-02,2025-12-29
SKU03559,1373,158014.47999999998,736,30,3,2022-01-04,2025-12-31
SKU03560,1329,4108633.6399999997,722,30,3,2022-01-01,2025-12-29
SKU03561,1309,769143.86,697,30,3,2022-01-07,2025-12-29
SKU03562,1236,58578.28,682,30,3,2022-01-03,2025-12-31
SKU03563,1927,1412729.72,1028,30,3,2022-01-02,2025-12-30
SKU03564,4714,467091.83999999997,2475,30,3,2022-01-01,2025-12-31
SKU03565,2876,2717622.84,1534,30,3,2022-01-03,2025-12-30
SKU03566,8546,962365.62,4498,30,3,2022-01-01,2025-12-31
SKU03567,4508,1944251.52,2412,30,3,2022-01-01,2025-12-31
SKU03568,3519,835371.03,1859,30,3,2022-01-01,2025-12-30
SKU03569,2231,6416910.73,1165,30,3,2022-01-02,2025-12-31
SKU03570,1934,379290.77,1040,30,3,2022-01-05,2025-12-30
SKU03571,10455,10213354.7,5504,30,3,2022-01-01,2025-12-31
SKU03572,7724,4768787.72,4048,30,3,2022-01-01,2025-12-31
SKU03573,1434,2352885.71,750,30,3,2022-01-01,2025-12-31
SKU03574,1370,169579.39,733,30,3,2022-01-04,2025-12-30
SKU03575,1354,207754.41,731,30,3,2022-01-01,2025-12-30
SKU03576,3331,193344.21,1746,30,3,2022-01-02,2025-12-31
SKU03577,1734,142840.76,932,30,3,2022-01-03,2025-12-30
SKU03578,15135,3208849.37,8038,30,3,2022-01-01,2025-12-31
SKU03579,1951,1057898.88,1036,30,3,2022-01-02,2025-12-31
SKU03580,1287,801852.9500000001,685,30,3,2022-01-01,2025-12-31
SKU03581,2615,5576519.01,1338,30,3,2022-01-07,2025-12-31
SKU03582,1310,1360909.08,694,30,3,2022-01-04,2025-12-30
SKU03583,1175,341426.21,637,30,3,2022-01-14,2025-12-31
SKU03584,7415,337962.18,3908,30,3,2022-01-01,2025-12-31
SKU03585,1713,153941.83000000002,908,30,3,2022-01-06,2025-12-30
SKU03586,1707,224482.5,924,30,3,2022-01-02,2025-12-29
SKU03587,7274,1727239.15,3923,30,3,2022-01-01,2025-12-31
SKU03588,1410,803055.4,762,30,3,2022-01-08,2025-12-30
SKU03589,2053,2821333.9699999997,1132,30,3,2022-01-01,2025-12-30
SKU03590,1471,4237836.59,788,30,3,2022-01-01,2025-12-31
SKU03591,1307,159045.30000000002,703,30,3,2022-01-06,2025-12-30
SKU03592,1239,342206.43,658,30,3,2022-01-03,2025-12-31
SKU03593,1790,43066.14,933,30,3,2022-01-03,2025-12-30
SKU03594,2513,1140487.42,1338,30,3,2022-01-01,2025-12-31
SKU03595,1714,265383.03,933,30,3,2022-01-03,2025-12-28
SKU03596,2055,432502.63,1109,30,3,2022-01-06,2025-12-31
SKU03597,1527,593627.0499999999,825,30,3,2022-01-02,2025-12-29
SKU03598,1514,115289.46,793,30,3,2022-01-04,2025-12-31
SKU03599,4497,677034.73,2417,30,3,2022-01-01,2025-12-30
SKU03600,1284,849224.66,709,30,3,2022-01-03,2025-12-31
SKU03601,6623,4920878.24,3558,30,3,2022-01-01,2025-12-31
SKU03602,1306,1906948.73,694,30,3,2022-01-01,2025-12-31
SKU03603,1253,261908.22,674,30,3,2022-01-01,2025-12-30
SKU03604,7181,828432.39,3783,30,3,2022-01-01,2025-12-31
SKU03605,1630,113187.39,865,30,3,2022-01-02,2025-12-31
SKU03606,1705,241885.34,902,30,3,2022-01-10,2025-12-28
SKU03607,1325,404368.20999999996,707,30,3,2022-01-03,2025-12-31
SKU03608,3045,3164926.8699999996,1643,30,3,2022-01-01,2025-12-31
SKU03609,1265,165328.44,671,30,3,2022-01-03,2025-12-30
SKU03610,4138,1811876.08,2193,30,3,2022-01-01,2025-12-31
SKU03611,5028,779553.0599999999,2657,30,3,2022-01-02,2025-12-31
SKU03612,2536,694696.41,1392,30,3,2022-01-02,2025-12-30
SKU03613,2102,863717.7000000001,1111,30,3,2022-01-01,2025-12-31
SKU03614,1944,2296478.52,1046,30,3,2022-01-05,2025-12-30
SKU03615,1588,1194029.1400000001,857,30,3,2022-01-07,2025-12-29
SKU03616,6123,2143751.48,3291,30,3,2022-01-01,2025-12-31
SKU03617,2241,4102796.73,1179,30,3,2022-01-04,2025-12-31
SKU03618,1389,486170.63,715,30,3,2022-01-03,2025-12-29
SKU03619,1248,1239788.49,680,30,3,2022-01-01,2025-12-31
SKU03620,1615,1464456.86,855,30,3,2022-01-01,2025-12-29
SKU03621,1198,418698.77,627,30,3,2022-01-06,2025-12-24
SKU03622,11565,3139481.48,6194,30,3,2022-01-01,2025-12-31
SKU03623,4601,2265553.23,2456,30,3,2022-01-01,2025-12-30
SKU03624,1189,119205.78,650,30,3,2022-01-03,2025-12-29
SKU03625,1487,191676.01,778,30,3,2022-01-03,2025-12-31
SKU03626,4217,744710.9299999999,2253,30,3,2022-01-01,2025-12-31
SKU03627,1236,1270266.76,654,30,3,2022-01-02,2025-12-30
SKU03628,1645,1420202.35,875,30,3,2022-01-01,2025-12-31
SKU03629,1745,310067.91,926,30,3,2022-01-01,2025-12-30
SKU03630,1545,347826.11,841,30,3,2022-01-01,2025-12-30
SKU03631,1375,505606.68,729,30,3,2022-01-02,2025-12-31
SKU03632,4027,331777.46,2118,30,3,2022-01-01,2025-12-31
SKU03633,13801,1523796.72,7284,30,3,2022-01-01,2025-12-31
SKU03634,1279,2811832.73,674,30,3,2022-01-06,2025-12-30
SKU03635,1750,379293.47000000003,917,30,3,2022-01-05,2025-12-31
SKU03636,1682,479570.75,887,30,3,2022-01-10,2025-12-31
SKU03637,1721,146744.38,910,30,3,2022-01-01,2025-12-31
SKU03638,2249,279342.92,1198,30,3,2022-01-02,2025-12-31
SKU03639,5752,743418.6900000001,3052,30,3,2022-01-01,2025-12-31
SKU03640,2681,826092.0399999999,1451,30,3,2022-01-03,2025-12-31
SKU03641,3562,449800.23000000004,1944,30,3,2022-01-01,2025-12-31
SKU03642,1206,308834.05,658,30,3,2022-01-02,2025-12-30
SKU03643,2124,514328.12,1139,30,3,2022-01-01,2025-12-31
SKU03644,1488,904953.57,824,30,3,2022-01-06,2025-12-31
SKU03645,1357,3098640.83,698,30,3,2022-01-01,2025-12-30
SKU03646,1340,433961.70999999996,722,30,3,2022-01-01,2025-12-31
SKU03647,7696,10529410.57,4125,30,3,2022-01-01,2025-12-31
SKU03648,4295,1246675.62,2265,30,3,2022-01-01,2025-12-31
SKU03649,3079,1285946.91,1632,30,3,2022-01-01,2025-12-31
SKU03650,2099,491067.96,1136,30,3,2022-01-02,2025-12-31
SKU03651,1498,269022.56,819,30,3,2022-01-04,2025-12-31
SKU03652,3219,2698881.1,1742,30,3,2022-01-01,2025-12-31
SKU03653,1410,3618392.0,741,30,3,2022-01-01,2025-12-31
SKU03654,1984,182759.44999999998,1064,30,3,2022-01-05,2025-12-30
SKU03655,1386,430229.54,756,30,3,2022-01-08,2025-12-30
SKU03656,3703,3714470.0100000002,1981,30,3,2022-01-01,2025-12-31
SKU03657,2530,763677.8200000001,1331,30,3,2022-01-01,2025-12-27
SKU03658,2155,407688.99,1124,30,3,2022-01-01,2025-12-30
SKU03659,1443,656695.01,781,30,3,2022-01-03,2025-12-30
SKU03660,2524,806099.53,1360,30,3,2022-01-02,2025-12-31
SKU03661,3054,563685.39,1630,30,3,2022-01-03,2025-12-31
SKU03662,1701,449302.99000000005,926,30,3,2022-01-02,2025-12-31
SKU03663,1428,3328404.13,764,30,3,2022-01-06,2025-12-31
SKU03664,1395,183808.74000000002,707,30,3,2022-01-09,2025-12-29
SKU03665,3004,884437.18,1600,30,3,2022-01-02,2025-12-31
SKU03666,4659,538934.27,2522,30,3,2022-01-02,2025-12-31
SKU03667,2581,705043.9,1341,30,3,2022-01-01,2025-12-31
SKU03668,3830,7211521.7299999995,2061,30,3,2022-01-01,2025-12-31
SKU03669,6643,7773783.99,3507,30,3,2022-01-01,2025-12-30
SKU03670,1307,1167908.15,699,30,3,2022-01-04,2025-12-30
SKU03671,6163,526668.46,3302,30,3,2022-01-01,2025-12-31
SKU03672,3193,571748.25,1734,30,3,2022-01-01,2025-12-31
SKU03673,2294,1341648.0,1211,30,3,2022-01-01,2025-12-31
SKU03674,1348,337724.07,722,30,3,2022-01-01,2025-12-31
SKU03675,1376,2056154.3699999999,730,30,3,2022-01-05,2025-12-26
SKU03676,4704,6096803.69,2515,30,3,2022-01-03,2025-12-31
SKU03677,1383,665049.47,735,30,3,2022-01-01,2025-12-31
SKU03678,1684,804511.38,913,30,3,2022-01-03,2025-12-26
SKU03679,1620,2962016.86,855,30,3,2022-01-02,2025-12-30
SKU03680,6201,978994.19,3289,30,3,2022-01-01,2025-12-30
SKU03681,2486,1335065.56,1334,30,3,2022-01-01,2025-12-31
SKU03682,5503,176917.68000000002,2976,30,3,2022-01-01,2025-12-31
SKU03683,3071,4021831.84,1657,30,3,2022-01-01,2025-12-31
SKU03684,1321,1685457.93,712,30,3,2022-01-01,2025-12-30
SKU03685,4691,197549.01,2532,30,3,2022-01-01,2025-12-31
SKU03686,2291,4159873.94,1214,30,3,2022-01-04,2025-12-29
SKU03687,3370,317328.2,1783,30,3,2022-01-01,2025-12-31
SKU03688,3869,2448654.52,2073,30,3,2022-01-01,2025-12-29
SKU03689,1399,487424.73000000004,747,30,3,2022-01-04,2025-12-31
SKU03690,3738,1096928.22,1972,30,3,2022-01-01,2025-12-31
SKU03691,3196,2194192.19,1699,30,3,2022-01-02,2025-12-31
SKU03692,1829,457065.59,941,30,3,2022-01-01,2025-12-31
SKU03693,12442,16147802.33,6639,30,3,2022-01-01,2025-12-31
SKU03694,2355,729484.9500000001,1255,30,3,2022-01-01,2025-12-31
SKU03695,3265,637954.83,1687,30,3,2022-01-01,2025-12-31
SKU03696,1355,271319.1,713,30,3,2022-01-09,2025-12-30
SKU03697,1649,4445770.01,884,30,3,2022-01-02,2025-12-30
SKU03698,1633,649476.62,882,30,3,2022-01-01,2025-12-31
SKU03699,2987,6103514.7700000005,1559,30,3,2022-01-04,2025-12-31
SKU03700,1385,111261.76,708,30,3,2022-01-01,2025-12-31
SKU03701,1400,3412456.45,739,30,3,2022-01-10,2025-12-29
SKU03702,22549,9919244.049999999,11909,30,3,2022-01-01,2025-12-31
SKU03703,1351,144606.18,725,30,3,2022-01-05,2025-12-31
SKU03704,3501,1227925.47,1879,30,3,2022-01-01,2025-12-31
SKU03705,2025,489921.43,1046,30,3,2022-01-03,2025-12-31
SKU03706,1497,2974930.02,783,30,3,2022-01-01,2025-12-30
SKU03707,1596,372093.98,856,30,3,2022-01-04,2025-12-31
SKU03708,3153,300478.52,1719,30,3,2022-01-02,2025-12-31
SKU03709,1218,303744.16000000003,648,30,3,2022-01-07,2025-12-31
SKU03710,2992,270777.85000000003,1608,30,3,2022-01-01,2025-12-31
SKU03711,2104,1031992.1,1106,30,3,2022-01-01,2025-12-31
SKU03712,1498,1056270.99,804,30,3,2022-01-05,2025-12-29
SKU03713,1521,279800.63,815,30,3,2022-01-01,2025-12-31
SKU03714,5585,5936876.68,2955,30,3,2022-01-01,2025-12-31
SKU03715,2138,1860676.1099999999,1132,30,3,2022-01-03,2025-12-31
SKU03716,1485,1221485.71,800,30,3,2022-01-03,2025-12-28
SKU03717,3280,745643.99,1739,30,3,2022-01-04,2025-12-31
SKU03718,1467,3149819.7199999997,780,30,3,2022-01-05,2025-12-28
SKU03719,2430,307169.27999999997,1294,30,3,2022-01-01,2025-12-31
SKU03720,2192,4169631.89,1139,30,3,2022-01-01,2025-12-31
SKU03721,1914,532745.65,1002,30,3,2022-01-02,2025-12-30
SKU03722,2466,181953.83,1329,30,3,2022-01-03,2025-12-30
SKU03723,2081,1760057.53,1119,30,3,2022-01-02,2025-12-31
SKU03724,5131,1854004.95,2725,30,3,2022-01-01,2025-12-31
SKU03725,2420,2231795.75,1287,30,3,2022-01-01,2025-12-31
SKU03726,1526,587743.87,816,30,3,2022-01-01,2025-12-31
SKU03727,167719,261421526.61,88791,30,3,2022-01-01,2025-12-31
SKU03728,1860,218932.39,1018,30,3,2022-01-01,2025-12-31
SKU03729,2084,220700.59,1087,30,3,2022-01-01,2025-12-30
SKU03730,1540,322240.92,801,30,3,2022-01-02,2025-12-30
SKU03731,1387,2070676.6300000001,722,30,3,2022-01-07,2025-12-31
SKU03732,1524,163098.36000000002,831,30,3,2022-01-02,2025-12-30
SKU03733,4135,2335608.29,2202,30,3,2022-01-01,2025-12-31
SKU03734,6250,2619472.62,3283,30,3,2022-01-01,2025-12-31
SKU03735,1512,184560.38999999998,798,30,3,2022-01-01,2025-12-27
SKU03736,1852,404281.36,1008,30,3,2022-01-02,2025-12-30
SKU03737,1242,271506.69,682,30,3,2022-01-01,2025-12-30
SKU03738,4028,236635.4,2120,30,3,2022-01-01,2025-12-31
SKU03739,3341,440135.85,1815,30,3,2022-01-06,2025-12-31
SKU03740,1278,2422806.25,671,30,3,2022-01-01,2025-12-30
SKU03741,2753,1280536.0999999999,1497,30,3,2022-01-02,2025-12-31
SKU03742,1600,125039.01000000001,874,30,3,2022-01-01,2025-12-28
SKU03743,15165,3635683.2,8098,30,3,2022-01-01,2025-12-31
SKU03744,1288,88752.18000000001,650,30,3,2022-01-05,2025-12-29
SKU03745,2239,1208486.03,1223,30,3,2022-01-03,2025-12-31
SKU03746,2251,470421.65,1221,30,3,2022-01-02,2025-12-31
SKU03747,2927,1139734.57,1549,30,3,2022-01-03,2025-12-31
SKU03748,1563,239684.93,831,30,3,2022-01-07,2025-12-31
SKU03749,1272,277694.75,701,30,3,2022-01-02,2025-12-31
SKU03750,1991,277231.05,1080,30,3,2022-01-07,2025-12-30
SKU03751,1897,704615.56,984,30,3,2022-01-03,2025-12-31
SKU03752,2070,232823.82,1123,30,3,2022-01-05,2025-12-31
SKU03753,1614,998771.0800000001,836,30,3,2022-01-01,2025-12-31
SKU03754,1404,547052.07,725,30,3,2022-01-01,2025-12-30
SKU03755,2418,2681724.74,1252,30,3,2022-01-01,2025-12-31
SKU03756,2114,2257782.82,1143,30,3,2022-01-01,2025-12-31
SKU03757,1657,1985766.62,897,30,3,2022-01-04,2025-12-31
SKU03758,1312,144967.0,703,30,3,2022-01-03,2025-12-31
SKU03759,3369,370973.29000000004,1799,30,3,2022-01-02,2025-12-31
SKU03760,2643,1575679.1600000001,1410,30,3,2022-01-06,2025-12-31
SKU03761,1634,217355.36,856,30,3,2022-01-01,2025-12-31
SKU03762,2302,481309.86,1216,30,3,2022-01-02,2025-12-30
SKU03763,2707,221095.19,1474,30,3,2022-01-01,2025-12-31
SKU03764,1440,1294525.76,757,30,3,2022-01-02,2025-12-29
SKU03765,1494,1551631.2100000002,805,30,3,2022-01-05,2025-12-30
SKU03766,5604,1392287.53,3005,30,3,2022-01-02,2025-12-31
SKU03767,2121,716521.96,1163,30,3,2022-01-08,2025-12-30
SKU03768,2942,8932307.14,1602,30,3,2022-01-02,2025-12-31
SKU03769,5954,533272.99,3130,30,3,2022-01-02,2025-12-31
SKU03770,2757,1781200.46,1442,30,3,2022-01-01,2025-12-31
SKU03771,1550,223465.72,811,30,3,2022-01-04,2025-12-27
SKU03772,3032,696357.85,1650,30,3,2022-01-02,2025-12-31
SKU03773,1193,168438.63,642,30,3,2022-01-03,2025-12-30
SKU03774,2031,743133.92,1067,30,3,2022-01-01,2025-12-31
SKU03775,1308,965001.7999999999,707,30,3,2022-01-03,2025-12-30
SKU03776,1938,611182.33,1061,30,3,2022-01-01,2025-12-31
SKU03777,2674,907556.37,1455,30,3,2022-01-02,2025-12-31
SKU03778,1441,211665.35,780,30,3,2022-01-02,2025-12-30
SKU03779,3591,2160424.93,1930,30,3,2022-01-01,2025-12-31
SKU03780,1982,5702090.86,1108,30,3,2022-01-02,2025-12-29
SKU03781,3137,4342598.58,1666,30,3,2022-01-01,2025-12-31
SKU03782,2231,119857.21,1186,30,3,2022-01-02,2025-12-31
SKU03783,1694,1693471.6300000001,884,30,3,2022-01-01,2025-12-31
SKU03784,2778,3185951.72,1474,30,3,2022-01-02,2025-12-31
SKU03785,5455,1199798.27,2918,30,3,2022-01-01,2025-12-31
SKU03786,1990,2544660.68,1080,30,3,2022-01-02,2025-12-30
SKU03787,3065,2004718.03,1605,30,3,2022-01-02,2025-12-31
SKU03788,1643,127660.39,867,30,3,2022-01-05,2025-12-30
SKU03789,2811,2768658.6500000004,1508,30,3,2022-01-01,2025-12-31
SKU03790,2236,1571600.39,1180,30,3,2022-01-01,2025-12-31
SKU03791,1552,1226082.83,840,30,3,2022-01-01,2025-12-31
SKU03792,1373,301680.21,729,30,3,2022-01-02,2025-12-31
SKU03793,2624,569506.97,1394,30,3,2022-01-01,2025-12-31
SKU03794,1480,176514.43,761,30,3,2022-01-12,2025-12-31
SKU03795,2094,319416.83,1123,30,3,2022-01-06,2025-12-30
SKU03796,2195,3778396.36,1160,30,3,2022-01-02,2025-12-31
SKU03797,1619,545307.5,852,30,3,2022-01-02,2025-12-28
SKU03798,1467,739295.1900000001,759,30,3,2022-01-01,2025-12-31
SKU03799,4724,1212979.71,2484,30,3,2022-01-01,2025-12-31
SKU03800,24623,2630599.96,13108,30,3,2022-01-01,2025-12-31
SKU03801,1429,884203.3,758,30,3,2022-01-06,2025-12-31
SKU03802,1467,51939.840000000004,777,30,3,2022-01-03,2025-12-31
SKU03803,1308,1217460.37,679,30,3,2022-01-02,2025-12-31
SKU03804,4222,1025425.71,2260,30,3,2022-01-02,2025-12-31
SKU03805,1295,1557515.61,682,30,3,2022-01-01,2025-12-31
SKU03806,1834,140535.91,987,30,3,2022-01-02,2025-12-30
SKU03807,1255,412077.03,674,30,3,2022-01-13,2025-12-29
SKU03808,1655,2494385.06,873,30,3,2022-01-03,2025-12-29
SKU03809,1378,50777.62,729,30,3,2022-01-04,2025-12-31
SKU03810,1986,326241.11,1059,30,3,2022-01-01,2025-12-31
SKU03811,2670,603914.2,1423,30,3,2022-01-03,2025-12-31
SKU03812,11921,12944967.04,6271,30,3,2022-01-01,2025-12-31
SKU03813,2745,4129669.96,1444,30,3,2022-01-03,2025-12-31
SKU03814,1797,663846.66,961,30,3,2022-01-01,2025-12-30
SKU03815,3136,473535.76999999996,1654,30,3,2022-01-02,2025-12-31
SKU03816,2428,4632299.71,1293,30,3,2022-01-02,2025-12-31
SKU03817,1920,1225496.3699999999,1029,30,3,2022-01-02,2025-12-28
SKU03818,2205,306766.05,1154,30,3,2022-01-02,2025-12-31
SKU03819,1966,873987.87,1047,30,3,2022-01-02,2025-12-31
SKU03820,7387,6645628.01,3906,30,3,2022-01-01,2025-12-31
SKU03821,1635,205849.74,879,30,3,2022-01-03,2025-12-30
SKU03822,1229,276958.52,636,30,3,2022-01-01,2025-12-31
SKU03823,1145,57700.14,618,30,3,2022-01-01,2025-12-27
SKU03824,1565,696053.52,828,30,3,2022-01-04,2025-12-29
SKU03825,1779,176848.77,939,30,3,2022-01-02,2025-12-28
SKU03826,7218,22489091.8,3841,30,3,2022-01-01,2025-12-31
SKU03827,1591,602547.98,846,30,3,2022-01-02,2025-12-31
SKU03828,1277,393643.55,678,30,3,2022-01-01,2025-12-30
SKU03829,3208,1999162.6500000001,1751,30,3,2022-01-01,2025-12-31
SKU03830,2028,260955.95,1123,30,3,2022-01-03,2025-12-31
SKU03831,1868,196264.43,996,30,3,2022-01-01,2025-12-31
SKU03832,1495,151247.18,809,30,3,2022-01-03,2025-12-31
SKU03833,1287,2507188.45,682,30,3,2022-01-04,2025-12-30
SKU03834,2815,4583497.92,1489,30,3,2022-01-01,2025-12-31
SKU03835,6438,5357523.89,3499,30,3,2022-01-02,2025-12-31
SKU03836,8332,3474896.33,4366,30,3,2022-01-01,2025-12-31
SKU03837,1217,223682.91999999998,633,30,3,2022-01-05,2025-12-29
SKU03838,3711,898834.4199999999,1970,30,3,2022-01-01,2025-12-31
SKU03839,1236,694628.56,655,30,3,2022-01-12,2025-12-31
SKU03840,31002,7492706.98,16459,30,3,2022-01-01,2025-12-31
SKU03841,2644,2425472.29,1406,30,3,2022-01-03,2025-12-31
SKU03842,1824,1589448.76,1013,30,3,2022-01-01,2025-12-31
SKU03843,5701,668456.87,3071,30,3,2022-01-01,2025-12-31
SKU03844,4106,383837.11,2191,30,3,2022-01-02,2025-12-31
SKU03845,2675,1570575.4200000002,1382,30,3,2022-01-01,2025-12-31
SKU03846,1441,332334.04,753,30,3,2022-01-01,2025-12-31
SKU03847,3025,281835.12,1611,30,3,2022-01-01,2025-12-31
SKU03848,1311,1571567.05,695,30,3,2022-01-05,2025-12-31
SKU03849,1837,1055259.16,979,30,3,2022-01-02,2025-12-27
SKU03850,2395,1158528.3900000001,1297,30,3,2022-01-06,2025-12-30
SKU03851,11434,1065660.91,6060,30,3,2022-01-01,2025-12-31
SKU03852,1738,913143.2,912,30,3,2022-01-02,2025-12-30
SKU03853,3867,1175155.99,2062,30,3,2022-01-01,2025-12-31
SKU03854,8585,3893135.38,4575,30,3,2022-01-01,2025-12-31
SKU03855,7095,4547119.18,3731,30,3,2022-01-01,2025-12-31
SKU03856,2890,312774.75,1498,30,3,2022-01-01,2025-12-30
SKU03857,1439,313130.77999999997,769,30,3,2022-01-07,2025-12-31
SKU03858,1310,766287.08,715,30,3,2022-01-01,2025-12-29
SKU03859,1786,185558.31,925,30,3,2022-01-01,2025-12-30
SKU03860,1618,163902.19,875,30,3,2022-01-02,2025-12-31
SKU03861,2695,2036175.75,1433,30,3,2022-01-01,2025-12-31
SKU03862,1956,1772713.5,1055,30,3,2022-01-01,2025-12-31
SKU03863,1242,2255908.42,682,30,3,2022-01-04,2025-12-31
SKU03864,1160,289861.83,601,30,3,2022-01-02,2025-12-29
SKU03865,1476,370150.54000000004,812,30,3,2022-01-04,2025-12-31
SKU03866,1640,194819.72,857,30,3,2022-01-08,2025-12-30
SKU03867,1599,94370.88,879,30,3,2022-01-03,2025-12-30
SKU03868,1556,171006.89,806,30,3,2022-01-01,2025-12-30
SKU03869,2119,217657.64,1139,30,3,2022-01-02,2025-12-31
SKU03870,12047,3418438.75,6529,30,3,2022-01-01,2025-12-31
SKU03871,1328,43355.72,686,30,3,2022-01-13,2025-12-31
SKU03872,1664,622983.5399999999,881,30,3,2022-01-01,2025-12-31
SKU03873,1828,1473575.23,987,30,3,2022-01-04,2025-12-30
SKU03874,3833,811266.88,2059,30,3,2022-01-02,2025-12-31
SKU03875,1329,255931.4,718,30,3,2022-01-02,2025-12-30
SKU03876,13518,2944392.5500000003,7146,30,3,2022-01-01,2025-12-31
SKU03877,1892,155851.82,1024,30,3,2022-01-02,2025-12-31
SKU03878,1973,231816.29,1087,30,3,2022-01-02,2025-12-30
SKU03879,1436,3603357.81,781,30,3,2022-01-02,2025-12-29
SKU03880,1875,1266467.51,992,30,3,2022-01-03,2025-12-31
SKU03881,1755,936221.85,911,30,3,2022-01-09,2025-12-28
SKU03882,1402,385141.48,758,30,3,2022-01-04,2025-12-26
SKU03883,3575,609749.4400000001,1944,30,3,2022-01-01,2025-12-31
SKU03884,1256,364748.93,675,30,3,2022-01-06,2025-12-31
SKU03885,3351,1573404.31,1770,30,3,2022-01-01,2025-12-30
SKU03886,3122,554456.9400000001,1640,30,3,2022-01-02,2025-12-31
SKU03887,3303,1585428.45,1748,30,3,2022-01-01,2025-12-30
SKU03888,2322,1518490.48,1246,30,3,2022-01-03,2025-12-31
SKU03889,1666,452817.3,886,30,3,2022-01-01,2025-12-31
SKU03890,2185,1339877.58,1150,30,3,2022-01-01,2025-12-29
SKU03891,11206,1679681.1099999999,6044,30,3,2022-01-01,2025-12-31
SKU03892,1307,626412.9,699,30,3,2022-01-06,2025-12-31
SKU03893,2727,4163934.1999999997,1470,30,3,2022-01-01,2025-12-27
SKU03894,1373,113300.33,752,30,3,2022-01-06,2025-12-31
SKU03895,1433,232588.66,776,30,3,2022-01-01,2025-12-30
SKU03896,1736,595787.31,927,30,3,2022-01-01,2025-12-31
SKU03897,3976,366599.88999999996,2131,30,3,2022-01-01,2025-12-31
SKU03898,5496,1022331.61,2912,30,3,2022-01-01,2025-12-31
SKU03899,1447,505727.34,794,30,3,2022-01-02,2025-12-30
SKU03900,2247,1091039.09,1199,30,3,2022-01-04,2025-12-30
SKU03901,6669,689055.05,3566,30,3,2022-01-01,2025-12-31
SKU03902,5503,1773366.66,2947,30,3,2022-01-02,2025-12-31
SKU03903,1499,1818510.6300000001,817,30,3,2022-01-06,2025-12-31
SKU03904,1543,3991530.9299999997,802,30,3,2022-01-05,2025-12-31
SKU03905,1320,491443.33,700,30,3,2022-01-03,2025-12-31
SKU03906,5507,650556.47,2955,30,3,2022-01-01,2025-12-31
SKU03907,27507,22464236.09,14565,30,3,2022-01-01,2025-12-31
SKU03908,2228,2007284.28,1173,30,3,2022-01-02,2025-12-28
SKU03909,1415,104689.29,765,30,3,2022-01-01,2025-12-30
SKU03910,3015,1871228.67,1601,30,3,2022-01-01,2025-12-31
SKU03911,2456,205560.05,1333,30,3,2022-01-01,2025-12-31
SKU03912,5235,886439.84,2777,30,3,2022-01-01,2025-12-31
SKU03913,2835,1250357.78,1510,30,3,2022-01-01,2025-12-30
SKU03914,2370,598431.01,1294,30,3,2022-01-02,2025-12-31
SKU03915,5613,8964226.36,2964,30,3,2022-01-01,2025-12-31
SKU03916,1612,226208.72999999998,851,30,3,2022-01-01,2025-12-30
SKU03917,2183,3041479.27,1148,30,3,2022-01-03,2025-12-29
SKU03918,3682,669888.64,1960,30,3,2022-01-02,2025-12-31
SKU03919,3993,1993559.3599999999,2086,30,3,2022-01-01,2025-12-31
SKU03920,1755,380198.37,943,30,3,2022-01-08,2025-12-31
SKU03921,1364,90085.36,711,30,3,2022-01-11,2025-12-31
SKU03922,4516,8884369.99,2398,30,3,2022-01-05,2025-12-31
SKU03923,1450,2156031.64,790,30,3,2022-01-05,2025-12-31
SKU03924,1816,470170.83,949,30,3,2022-01-03,2025-12-30
SKU03925,1347,211148.66,714,30,3,2022-01-03,2025-12-31
SKU03926,3202,1219605.5,1717,30,3,2022-01-02,2025-12-31
SKU03927,1506,408665.06,806,30,3,2022-01-02,2025-12-31
SKU03928,1877,874299.28,983,30,3,2022-01-02,2025-12-31
SKU03929,1993,237501.03,1043,30,3,2022-01-01,2025-12-31
SKU03930,2278,3818549.06,1213,30,3,2022-01-01,2025-12-31
SKU03931,1328,1891530.18,685,30,3,2022-01-02,2025-12-29
SKU03932,1270,225632.13,674,30,3,2022-01-02,2025-12-29
SKU03933,2057,4733632.14,1077,30,3,2022-01-02,2025-12-31
SKU03934,1439,2691101.7399999998,773,30,3,2022-01-05,2025-12-30
SKU03935,1282,633010.04,717,30,3,2022-01-02,2025-12-29
SKU03936,1406,2028627.68,728,30,3,2022-01-03,2025-12-31
SKU03937,7328,1620522.17,3970,30,3,2022-01-01,2025-12-31
SKU03938,1402,173189.23,771,30,3,2022-01-04,2025-12-31
SKU03939,1716,201761.3,949,30,3,2022-01-07,2025-12-31
SKU03940,2330,517046.62,1223,30,3,2022-01-01,2025-12-30
SKU03941,1264,2459730.41,676,30,3,2022-01-01,2025-12-31
SKU03942,2322,520995.88,1217,30,3,2022-01-01,2025-12-31
SKU03943,8593,1745743.83,4569,30,3,2022-01-01,2025-12-31
SKU03944,1923,626093.74,1062,30,3,2022-01-01,2025-12-31
SKU03945,4091,536021.68,2191,30,3,2022-01-01,2025-12-31
SKU03946,2072,1658925.64,1099,30,3,2022-01-02,2025-12-31
SKU03947,5591,2456995.12,2983,30,3,2022-01-02,2025-12-31
SKU03948,2996,191664.73,1589,30,3,2022-01-03,2025-12-31
SKU03949,2526,2708315.4899999998,1341,30,3,2022-01-01,2025-12-31
SKU03950,1192,355204.5,643,30,3,2022-01-09,2025-12-30
SKU03951,1707,250800.87,915,30,3,2022-01-01,2025-12-29
SKU03952,1957,702098.07,1028,30,3,2022-01-07,2025-12-31
SKU03953,1530,191715.53,812,30,3,2022-01-03,2025-12-30
SKU03954,3354,1177584.63,1780,30,3,2022-01-03,2025-12-31
SKU03955,4621,2129916.79,2492,30,3,2022-01-01,2025-12-31
SKU03956,2931,618551.37,1577,30,3,2022-01-02,2025-12-31
SKU03957,2356,193790.13999999998,1263,30,3,2022-01-01,2025-12-31
SKU03958,1626,1064222.8900000001,867,30,3,2022-01-01,2025-12-29
SKU03959,1525,457056.96,799,30,3,2022-01-03,2025-12-31
SKU03960,3647,587789.04,1970,30,3,2022-01-01,2025-12-31
SKU03961,1255,153702.23,674,30,3,2022-01-02,2025-12-30
SKU03962,2107,593658.23,1129,30,3,2022-01-01,2025-12-31
SKU03963,1345,160567.53,723,30,3,2022-01-03,2025-12-31
SKU03964,1369,141514.47,723,30,3,2022-01-04,2025-12-31
SKU03965,2864,219359.90000000002,1547,30,3,2022-01-02,2025-12-30
SKU03966,1362,472164.77,700,30,3,2022-01-01,2025-12-31
SKU03967,2306,372789.63,1213,30,3,2022-01-01,2025-12-31
SKU03968,1136,127559.06,633,30,3,2022-01-01,2025-12-31
SKU03969,5878,604423.21,3135,30,3,2022-01-02,2025-12-31
SKU03970,2743,1331597.97,1499,30,3,2022-01-02,2025-12-31
SKU03971,2766,4474505.62,1476,30,3,2022-01-01,2025-12-31
SKU03972,1707,413141.69,940,30,3,2022-01-02,2025-12-30
SKU03973,1789,134251.06,949,30,3,2022-01-01,2025-12-31
SKU03974,2595,556116.62,1362,30,3,2022-01-01,2025-12-31
SKU03975,1287,2282984.64,675,30,3,2022-01-01,2025-12-30
SKU03976,1869,791770.44,1000,30,3,2022-01-01,2025-12-30
SKU03977,2745,579728.62,1456,30,3,2022-01-04,2025-12-31
SKU03978,5050,911939.94,2715,30,3,2022-01-01,2025-12-31
SKU03979,5373,4174396.68,2885,30,3,2022-01-01,2025-12-31
SKU03980,1413,417891.37,766,30,3,2022-01-01,2025-12-30
SKU03981,1508,401494.06,808,30,3,2022-01-02,2025-12-30
SKU03982,2623,536815.13,1397,30,3,2022-01-01,2025-12-31
SKU03983,2107,5444583.69,1096,30,3,2022-01-01,2025-12-31
SKU03984,1480,462560.02,754,30,3,2022-01-01,2025-12-29
SKU03985,2148,395524.92,1115,30,3,2022-01-01,2025-12-31
SKU03986,1579,353135.94,842,30,3,2022-01-01,2025-12-31
SKU03987,2102,322456.64999999997,1115,30,3,2022-01-01,2025-12-31
SKU03988,1972,416769.24,1035,30,3,2022-01-01,2025-12-31
SKU03989,2161,1105686.31,1128,30,3,2022-01-03,2025-12-31
SKU03990,2979,1936421.7400000002,1594,30,3,2022-01-01,2025-12-31
SKU03991,1295,3263644.19,704,30,3,2022-01-03,2025-12-25
SKU03992,2352,2437906.48,1220,30,3,2022-01-02,2025-12-31
SKU03993,2128,128801.84999999999,1127,30,3,2022-01-01,2025-12-31
SKU03994,1792,474603.33,951,30,3,2022-01-01,2025-12-31
SKU03995,1978,328917.47,1045,30,3,2022-01-02,2025-12-30
SKU03996,2341,671581.46,1211,30,3,2022-01-02,2025-12-31
SKU03997,1587,460033.79,830,30,3,2022-01-03,2025-12-31
SKU03998,3364,1945115.4000000001,1793,30,3,2022-01-01,2025-12-31
SKU03999,4038,1853768.67,2167,30,3,2022-01-02,2025-12-31
SKU04000,1712,1112207.1400000001,901,30,3,2022-01-01,2025-12-30
SKU04001,1428,246456.81,762,30,3,2022-01-03,2025-12-31
SKU04002,1568,1047737.45,835,30,3,2022-01-06,2025-12-31
SKU04003,1613,1785738.6900000002,879,30,3,2022-01-02,2025-12-31
SKU04004,3793,1107779.8,2016,30,3,2022-01-05,2025-12-31
SKU04005,2410,295279.17,1273,30,3,2022-01-04,2025-12-31
SKU04006,1378,258360.47,730,30,3,2022-01-01,2025-12-29
SKU04007,1343,1371562.42,711,30,3,2022-01-05,2025-12-30
SKU04008,2821,757115.54,1498,30,3,2022-01-04,2025-12-31
SKU04009,1923,115410.38,1006,30,3,2022-01-01,2025-12-29
SKU04010,6464,1528927.1199999999,3410,30,3,2022-01-01,2025-12-31
SKU04011,1333,133488.09,700,30,3,2022-01-04,2025-12-29
SKU04012,13779,8168341.6,7275,30,3,2022-01-01,2025-12-31
SKU04013,1328,563726.11,682,30,3,2022-01-03,2025-12-31
SKU04014,1821,130347.43,951,30,3,2022-01-01,2025-12-30
SKU04015,2643,4214305.78,1448,30,3,2022-01-04,2025-12-31
SKU04016,17074,23949309.98,9011,30,3,2022-01-01,2025-12-31
SKU04017,2709,304117.62,1429,30,3,2022-01-03,2025-12-31
SKU04018,1223,110156.63,660,30,3,2022-01-11,2025-12-30
SKU04019,1228,579122.73,641,30,3,2022-01-01,2025-12-30
SKU04020,2191,6642381.54,1146,30,3,2022-01-01,2025-12-28
SKU04021,1433,243947.66,751,30,3,2022-01-01,2025-12-31
SKU04022,1346,292393.83,694,30,3,2022-01-03,2025-12-31
SKU04023,1690,1422045.48,875,30,3,2022-01-03,2025-12-31
SKU04024,1676,422417.57,901,30,3,2022-01-01,2025-12-31
SKU04025,2541,1297277.41,1382,30,3,2022-01-01,2025-12-31
SKU04026,9107,2072789.78,4825,30,3,2022-01-01,2025-12-31
SKU04027,3757,415612.41000000003,1978,30,3,2022-01-04,2025-12-31
SKU04028,2529,4954389.9,1364,30,3,2022-01-02,2025-12-30
SKU04029,1567,833766.86,839,30,3,2022-01-04,2025-12-29
SKU04030,1607,494611.48000000004,856,30,3,2022-01-01,2025-12-31
SKU04031,2307,1654597.33,1242,30,3,2022-01-02,2025-12-31
SKU04032,24271,4653584.79,12895,30,3,2022-01-01,2025-12-31
SKU04033,7288,964234.67,3848,30,3,2022-01-01,2025-12-31
SKU04034,3333,4882326.58,1830,30,3,2022-01-01,2025-12-31
SKU04035,12025,1566673.78,6409,30,3,2022-01-01,2025-12-31
SKU04036,1786,1621551.75,953,30,3,2022-01-04,2025-12-30
SKU04037,1412,112918.63,758,30,3,2022-01-05,2025-12-31
SKU04038,3801,138473.22999999998,2012,30,3,2022-01-01,2025-12-31
SKU04039,2269,808302.32,1235,30,3,2022-01-01,2025-12-30
SKU04040,1470,1960145.33,812,30,3,2022-01-07,2025-12-30
SKU04041,17216,9358839.979999999,9044,30,3,2022-01-01,2025-12-31
SKU04042,7662,1746304.17,4098,30,3,2022-01-01,2025-12-31
SKU04043,4363,5851494.76,2351,30,3,2022-01-01,2025-12-31
SKU04044,1530,428778.19,808,30,3,2022-01-05,2025-12-29
SKU04045,3312,1923796.7,1809,30,3,2022-01-01,2025-12-31
SKU04046,14587,1564660.24,7739,30,3,2022-01-01,2025-12-31
SKU04047,1561,1168888.86,814,30,3,2022-01-06,2025-12-30
SKU04048,1221,102184.35,637,30,3,2022-01-04,2025-12-30
SKU04049,2086,650817.33,1109,30,3,2022-01-01,2025-12-31
SKU04050,2666,299003.16,1389,30,3,2022-01-04,2025-12-31
SKU04051,3580,5185949.59,1930,30,3,2022-01-02,2025-12-31
SKU04052,1327,503838.47000000003,667,30,3,2022-01-11,2025-12-31
SKU04053,1364,403765.81,733,30,3,2022-01-02,2025-12-24
SKU04054,1218,39570.51,673,30,3,2022-01-04,2025-12-30
SKU04055,2248,299635.77,1162,30,3,2022-01-01,2025-12-31
SKU04056,6901,7613194.27,3714,30,3,2022-01-01,2025-12-31
SKU04057,1492,2145597.28,784,30,3,2022-01-08,2025-12-30
SKU04058,3329,233911.75999999998,1788,30,3,2022-01-01,2025-12-30
SKU04059,1810,189612.16,953,30,3,2022-01-01,2025-12-30
SKU04060,7815,7189811.18,4162,30,3,2022-01-01,2025-12-31
SKU04061,6104,368525.13,3237,30,3,2022-01-01,2025-12-30
SKU04062,1284,4132173.09,693,30,3,2022-01-02,2025-12-30
SKU04063,9448,4194833.42,4976,30,3,2022-01-01,2025-12-31
SKU04064,5505,19824950.99,2963,30,3,2022-01-03,2025-12-31
SKU04065,3548,12443093.26,1894,30,3,2022-01-01,2025-12-31
SKU04066,2884,745518.44,1524,30,3,2022-01-02,2025-12-31
SKU04067,1688,240004.33,904,30,3,2022-01-02,2025-12-31
SKU04068,1609,876490.6,858,30,3,2022-01-06,2025-12-31
SKU04069,3179,1457372.27,1704,30,3,2022-01-02,2025-12-31
SKU04070,1320,50994.73,703,30,3,2022-01-03,2025-12-29
SKU04071,3880,633524.76,2092,30,3,2022-01-03,2025-12-30
SKU04072,1713,281756.29,909,30,3,2022-01-02,2025-12-30
SKU04073,1163,564799.53,645,30,3,2022-01-16,2025-12-31
SKU04074,2375,763815.64,1284,30,3,2022-01-03,2025-12-30
SKU04075,1431,1166180.8800000001,766,30,3,2022-01-01,2025-12-30
SKU04076,1890,294388.23,991,30,3,2022-01-05,2025-12-29
SKU04077,4917,515874.61,2663,30,3,2022-01-03,2025-12-31
SKU04078,5704,1919557.9200000002,3062,30,3,2022-01-01,2025-12-31
SKU04079,2017,428748.54000000004,1084,30,3,2022-01-01,2025-12-31
SKU04080,4117,968491.94,2174,30,3,2022-01-02,2025-12-31
SKU04081,1539,166064.95,802,30,3,2022-01-01,2025-12-31
SKU04082,3546,177700.41999999998,1895,30,3,2022-01-01,2025-12-29
SKU04083,1901,1288584.74,1038,30,3,2022-01-02,2025-12-31
SKU04084,5586,471164.98,3010,30,3,2022-01-02,2025-12-31
SKU04085,1974,338756.93,1053,30,3,2022-01-01,2025-12-30
SKU04086,1481,194131.57,791,30,3,2022-01-01,2025-12-30
SKU04087,1890,141131.77,962,30,3,2022-01-02,2025-12-30
SKU04088,9639,1316976.69,5099,30,3,2022-01-01,2025-12-31
SKU04089,2563,3863132.05,1381,30,3,2022-01-01,2025-12-31
SKU04090,1390,235238.32,771,30,3,2022-01-01,2025-12-31
SKU04091,2156,1192586.68,1136,30,3,2022-01-02,2025-12-31
SKU04092,2548,492558.19,1344,30,3,2022-01-01,2025-12-31
SKU04093,1349,3476912.5100000002,731,30,3,2022-01-02,2025-12-30
SKU04094,3524,658802.43,1877,30,3,2022-01-01,2025-12-31
SKU04095,2323,953091.5399999999,1211,30,3,2022-01-01,2025-12-30
SKU04096,7026,1029535.67,3675,30,3,2022-01-03,2025-12-31
SKU04097,3252,1229966.1500000001,1722,30,3,2022-01-01,2025-12-31
SKU04098,2017,152132.47,1072,30,3,2022-01-02,2025-12-31
SKU04099,4416,9269704.16,2337,30,3,2022-01-01,2025-12-31
SKU04100,1516,219879.2,827,30,3,2022-01-08,2025-12-30
SKU04101,1475,516948.89,766,30,3,2022-01-04,2025-12-28
SKU04102,1181,395788.2,636,30,3,2022-01-03,2025-12-30
SKU04103,5346,524268.88,2852,30,3,2022-01-01,2025-12-31
SKU04104,2689,1448438.68,1424,30,3,2022-01-04,2025-12-30
SKU04105,23046,10056251.549999999,12272,30,3,2022-01-01,2025-12-31
SKU04106,1277,109058.47,715,30,3,2022-01-02,2025-12-28
SKU04107,1225,222110.04,667,30,3,2022-01-03,2025-12-31
SKU04108,2213,548384.5599999999,1181,30,3,2022-01-10,2025-12-30
SKU04109,4393,1420365.24,2368,30,3,2022-01-01,2025-12-31
SKU04110,4291,1788162.1700000002,2214,30,3,2022-01-01,2025-12-31
SKU04111,1493,122737.95,786,30,3,2022-01-02,2025-12-29
SKU04112,2894,296908.18,1515,30,3,2022-01-01,2025-12-31
SKU04113,1664,360256.32,887,30,3,2022-01-05,2025-12-31
SKU04114,1998,2801475.34,1049,30,3,2022-01-01,2025-12-31
SKU04115,1808,2296341.63,961,30,3,2022-01-02,2025-12-31
SKU04116,1503,181660.67,803,30,3,2022-01-03,2025-12-29
SKU04117,1462,789461.26,770,30,3,2022-01-01,2025-12-31
SKU04118,1294,244941.9,679,30,3,2022-01-02,2025-12-30
SKU04119,1962,860625.73,1007,30,3,2022-01-02,2025-12-31
SKU04120,2721,481697.66,1444,30,3,2022-01-02,2025-12-31
SKU04121,1417,3332826.51,734,30,3,2022-01-01,2025-12-31
SKU04122,1918,907697.59,1036,30,3,2022-01-01,2025-12-29
SKU04123,1405,158396.53,756,30,3,2022-01-15,2025-12-31
SKU04124,1491,131085.19,769,30,3,2022-01-01,2025-12-30
SKU04125,3516,720607.97,1850,30,3,2022-01-02,2025-12-31
SKU04126,12058,18543083.25,6286,30,3,2022-01-01,2025-12-31
SKU04127,3909,356188.64,2083,30,3,2022-01-01,2025-12-31
SKU04128,1400,2242576.71,726,30,3,2022-01-01,2025-12-30
SKU04129,1537,1190600.07,808,30,3,2022-01-06,2025-12-30
SKU04130,2032,1332080.67,1089,30,3,2022-01-02,2025-12-31
SKU04131,1683,938656.0,909,30,3,2022-01-01,2025-12-31
SKU04132,4248,8870887.95,2251,30,3,2022-01-01,2025-12-31
SKU04133,2214,374772.92,1182,30,3,2022-01-01,2025-12-31
SKU04134,3583,1340606.19,1929,30,3,2022-01-03,2025-12-31
SKU04135,2168,260944.01,1151,30,3,2022-01-03,2025-12-31
SKU04136,2159,2701012.42,1158,30,3,2022-01-01,2025-12-31
SKU04137,1420,3144500.89,755,30,3,2022-01-01,2025-12-29
SKU04138,3115,6049560.199999999,1612,30,3,2022-01-03,2025-12-31
SKU04139,1691,2668157.17,896,30,3,2022-01-02,2025-12-30
SKU04140,12408,3851972.62,6630,30,3,2022-01-01,2025-12-31
SKU04141,3495,870890.78,1863,30,3,2022-01-02,2025-12-31
SKU04142,1167,157905.21,628,30,3,2022-01-05,2025-12-29
SKU04143,3890,1509882.53,2066,30,3,2022-01-02,2025-12-31
SKU04144,1322,81153.13,676,30,3,2022-01-04,2025-12-30
SKU04145,1219,333275.23000000004,672,30,3,2022-01-08,2025-12-31
SKU04146,1342,285156.7,701,30,3,2022-01-03,2025-12-30
SKU04147,1243,200801.81,655,30,3,2022-01-04,2025-12-31
SKU04148,1532,1215551.6099999999,815,30,3,2022-01-02,2025-12-31
SKU04149,1298,276545.39,690,30,3,2022-01-02,2025-12-30
SKU04150,1746,233946.9,906,30,3,2022-01-01,2025-12-31
SKU04151,1731,692854.28,903,30,3,2022-01-01,2025-12-31
SKU04152,1194,1273953.84,649,30,3,2022-01-01,2025-12-31
SKU04153,1281,163116.96000000002,676,30,3,2022-01-02,2025-12-31
SKU04154,131467,42699803.03,69501,30,3,2022-01-01,2025-12-31
SKU04155,7367,18031316.49,3843,30,3,2022-01-01,2025-12-31
SKU04156,4754,16135975.88,2513,30,3,2022-01-01,2025-12-31
SKU04157,27444,69101853.92,14691,30,3,2022-01-01,2025-12-31
SKU04158,1294,3147537.8,692,30,3,2022-01-02,2025-12-30
SKU04159,6241,12774096.52,3319,30,3,2022-01-01,2025-12-31
SKU04160,1239,424645.81,669,30,3,2022-01-01,2025-12-31
SKU04161,9187,1641984.5999999999,4872,30,3,2022-01-01,2025-12-31
SKU04162,7600,2574534.92,4090,30,3,2022-01-01,2025-12-31
SKU04163,1615,626423.4299999999,850,30,3,2022-01-01,2025-12-29
SKU04164,1497,222684.05000000002,795,30,3,2022-01-03,2025-12-30
SKU04165,5770,12449551.41,3071,30,3,2022-01-03,2025-12-31
SKU04166,41684,10311317.13,22157,30,3,2022-01-01,2025-12-31
SKU04167,1570,294575.35,834,30,3,2022-01-03,2025-12-31
SKU04168,4531,2974772.73,2453,30,3,2022-01-01,2025-12-31
SKU04169,1302,2442555.61,675,30,3,2022-01-04,2025-12-31
SKU04170,4556,1661767.29,2405,30,3,2022-01-01,2025-12-31
SKU04171,1414,871154.8,747,30,3,2022-01-01,2025-12-30
SKU04172,1297,425252.79,706,30,3,2022-01-08,2025-12-31
SKU04173,1611,356100.46,849,30,3,2022-01-06,2025-12-31
SKU04174,1883,137179.88,953,30,3,2022-01-02,2025-12-31
SKU04175,2972,565238.44,1575,30,3,2022-01-01,2025-12-31
SKU04176,2723,705983.17,1445,30,3,2022-01-02,2025-12-29
SKU04177,2060,5032560.34,1117,30,3,2022-01-02,2025-12-31
SKU04178,1709,473231.37,930,30,3,2022-01-02,2025-12-31
SKU04179,1785,242470.12,940,30,3,2022-01-03,2025-12-29
SKU04180,1590,1860112.38,882,30,3,2022-01-04,2025-12-30
SKU04181,6908,410436.6,3666,30,3,2022-01-01,2025-12-31
SKU04182,1862,423255.18,983,30,3,2022-01-06,2025-12-30
SKU04183,1829,1277222.6,985,30,3,2022-01-01,2025-12-30
SKU04184,2027,1613482.54,1117,30,3,2022-01-02,2025-12-31
SKU04185,9563,719861.03,5065,30,3,2022-01-01,2025-12-31
SKU04186,5289,881247.32,2798,30,3,2022-01-01,2025-12-31
SKU04187,1950,2210922.1999999997,990,30,3,2022-01-01,2025-12-30
SKU04188,5993,1014296.56,3153,30,3,2022-01-01,2025-12-31
SKU04189,1725,2113565.7800000003,915,30,3,2022-01-07,2025-12-26
SKU04190,1489,378484.91000000003,780,30,3,2022-01-01,2025-12-27
SKU04191,26561,2625161.52,14055,30,3,2022-01-01,2025-12-31
SKU04192,1608,235519.25999999998,839,30,3,2022-01-01,2025-12-28
SKU04193,1896,386076.77999999997,1026,30,3,2022-01-01,2025-12-31
SKU04194,1213,227328.66,657,30,3,2022-01-02,2025-12-30
SKU04195,1404,570687.43,749,30,3,2022-01-02,2025-12-27
SKU04196,4022,1705389.42,2130,30,3,2022-01-01,2025-12-31
SKU04197,10114,3380611.21,5365,30,3,2022-01-01,2025-12-31
SKU04198,7416,855766.16,3957,30,3,2022-01-01,2025-12-31
SKU04199,1469,2417335.95,796,30,3,2022-01-08,2025-12-31
SKU04200,2525,1218673.78,1377,30,3,2022-01-03,2025-12-31
SKU04201,2590,1707570.18,1351,30,3,2022-01-01,2025-12-31
SKU04202,1792,1773530.72,997,30,3,2022-01-01,2025-12-31
SKU04203,2090,1374978.77,1130,30,3,2022-01-01,2025-12-31
SKU04204,7403,4985409.19,3975,30,3,2022-01-02,2025-12-31
SKU04205,2126,643453.03,1139,30,3,2022-01-01,2025-12-30
SKU04206,5070,3173253.53,2643,30,3,2022-01-01,2025-12-31
SKU04207,2660,415576.35,1403,30,3,2022-01-01,2025-12-29
SKU04208,1981,804735.92,1044,30,3,2022-01-08,2025-12-31
SKU04209,1374,2476447.65,758,30,3,2022-01-02,2025-12-28
SKU04210,1980,77375.52,1050,30,3,2022-01-01,2025-12-31
SKU04211,2574,741903.59,1391,30,3,2022-01-02,2025-12-30
SKU04212,1224,1754609.21,669,30,3,2022-01-05,2025-12-31
SKU04213,1339,689649.14,684,30,3,2022-01-03,2025-12-28
SKU04214,2957,94584.02,1644,30,3,2022-01-01,2025-12-30
SKU04215,1233,592946.69,659,30,3,2022-01-08,2025-12-31
SKU04216,1403,1860948.29,741,30,3,2022-01-02,2025-12-31
SKU04217,1347,236595.54,714,30,3,2022-01-11,2025-12-30
SKU04218,2462,217310.07,1287,30,3,2022-01-02,2025-12-31
SKU04219,1922,360901.68,989,30,3,2022-01-02,2025-12-30
SKU04220,1327,863293.9700000001,702,30,3,2022-01-05,2025-12-30
SKU04221,1486,615699.71,793,30,3,2022-01-02,2025-12-30
SKU04222,1181,131524.38999999998,628,30,3,2022-01-02,2025-12-29
SKU04223,2602,107457.38,1384,30,3,2022-01-04,2025-12-31
SKU04224,1502,3292576.58,815,30,3,2022-01-06,2025-12-31
SKU04225,1360,212159.37,729,30,3,2022-01-03,2025-12-30
SKU04226,1825,640369.63,961,30,3,2022-01-04,2025-12-31
SKU04227,5756,1531504.41,3048,30,3,2022-01-01,2025-12-31
SKU04228,1356,100497.85,715,30,3,2022-01-03,2025-12-31
SKU04229,1872,250730.25,979,30,3,2022-01-02,2025-12-31
SKU04230,1503,231367.02,821,30,3,2022-01-04,2025-12-30
SKU04231,1514,35979.63,822,30,3,2022-01-01,2025-12-31
SKU04232,2013,184303.74,1088,30,3,2022-01-05,2025-12-31
SKU04233,5001,1278095.53,2660,30,3,2022-01-01,2025-12-31
SKU04234,3061,2385761.64,1644,30,3,2022-01-01,2025-12-31
SKU04235,8581,1657341.4000000001,4588,30,3,2022-01-01,2025-12-31
SKU04236,1369,2246354.44,694,30,3,2022-01-01,2025-12-30
SKU04237,3017,704581.03,1622,30,3,2022-01-01,2025-12-31
SKU04238,1834,462412.33999999997,976,30,3,2022-01-01,2025-12-31
SKU04239,1643,711085.89,895,30,3,2022-01-01,2025-12-31
SKU04240,8047,5305324.08,4342,30,3,2022-01-01,2025-12-31
SKU04241,2838,103329.87999999999,1521,30,3,2022-01-01,2025-12-31
SKU04242,3321,3417284.71,1754,30,3,2022-01-01,2025-12-31
SKU04243,2735,219790.2,1468,30,3,2022-01-01,2025-12-31
SKU04244,1321,239079.22999999998,710,30,3,2022-01-04,2025-12-31
SKU04245,19436,3977876.83,10367,30,3,2022-01-01,2025-12-31
SKU04246,1460,796430.77,793,30,3,2022-01-04,2025-12-31
SKU04247,2382,165538.08,1244,30,3,2022-01-01,2025-12-31
SKU04248,2066,308857.09,1090,30,3,2022-01-02,2025-12-31
SKU04249,1236,175502.53,669,30,3,2022-01-01,2025-12-31
SKU04250,1173,1492583.37,607,30,3,2022-01-03,2025-12-29
SKU04251,1416,245656.71000000002,749,30,3,2022-01-03,2025-12-31
SKU04252,2682,291120.9,1442,30,3,2022-01-01,2025-12-31
SKU04253,1404,170799.5,750,30,3,2022-01-04,2025-12-24
SKU04254,2565,252169.97999999998,1361,30,3,2022-01-01,2025-12-31
SKU04255,5502,1470635.3,2918,30,3,2022-01-01,2025-12-31
SKU04256,2306,4076504.76,1213,30,3,2022-01-01,2025-12-31
SKU04257,2801,746565.3999999999,1480,30,3,2022-01-03,2025-12-31
SKU04258,1772,78738.37999999999,920,30,3,2022-01-03,2025-12-30
SKU04259,2200,260186.9,1148,30,3,2022-01-02,2025-12-31
SKU04260,2343,453164.77999999997,1222,30,3,2022-01-03,2025-12-31
SKU04261,1195,111537.72,645,30,3,2022-01-03,2025-12-28
SKU04262,1321,896116.44,735,30,3,2022-01-03,2025-12-31
SKU04263,1815,481528.4,953,30,3,2022-01-01,2025-12-30
SKU04264,8528,20358569.88,4484,30,3,2022-01-01,2025-12-31
SKU04265,1295,102471.45,717,30,3,2022-01-05,2025-12-31
SKU04266,2877,518839.85000000003,1538,30,3,2022-01-01,2025-12-31
SKU04267,1350,622686.0800000001,720,30,3,2022-01-03,2025-12-31
SKU04268,2327,305059.02,1245,30,3,2022-01-05,2025-12-31
SKU04269,2670,6817407.17,1397,30,3,2022-01-01,2025-12-31
SKU04270,1469,207112.09,769,30,3,2022-01-02,2025-12-31
SKU04271,1481,1651946.25,817,30,3,2022-01-01,2025-12-31
SKU04272,3660,822070.33,1935,30,3,2022-01-01,2025-12-31
SKU04273,11824,19829457.72,6283,30,3,2022-01-01,2025-12-31
SKU04274,1672,244140.34000000003,892,30,3,2022-01-06,2025-12-30
SKU04275,8341,1881671.72,4422,30,3,2022-01-01,2025-12-31
SKU04276,2853,3233411.36,1496,30,3,2022-01-04,2025-12-31
SKU04277,4090,1106310.25,2172,30,3,2022-01-01,2025-12-31
SKU04278,1988,829368.73,1069,30,3,2022-01-03,2025-12-31
SKU04279,1595,692900.74,835,30,3,2022-01-02,2025-12-31
SKU04280,13064,3909692.85,6989,30,3,2022-01-01,2025-12-31
SKU04281,1313,285902.54,716,30,3,2022-01-03,2025-12-28
SKU04282,1344,205074.36000000002,696,30,3,2022-01-02,2025-12-29
SKU04283,3268,5718214.29,1694,30,3,2022-01-02,2025-12-31
SKU04284,5588,469721.84,3017,30,3,2022-01-02,2025-12-31
SKU04285,1554,1599335.74,844,30,3,2022-01-01,2025-12-30
SKU04286,3820,792925.36,1956,30,3,2022-01-01,2025-12-31
SKU04287,1475,1190791.17,768,30,3,2022-01-02,2025-12-29
SKU04288,4871,791120.9,2599,30,3,2022-01-01,2025-12-30
SKU04289,1922,971330.98,1021,30,3,2022-01-04,2025-12-31
SKU04290,3180,589480.53,1704,30,3,2022-01-01,2025-12-31
SKU04291,1502,406782.97,775,30,3,2022-01-03,2025-12-31
SKU04292,1368,227248.27,695,30,3,2022-01-04,2025-12-31
SKU04293,1743,1473274.11,949,30,3,2022-01-02,2025-12-31
SKU04294,3436,1626619.2,1827,30,3,2022-01-02,2025-12-31
SKU04295,1497,3272440.15,771,30,3,2022-01-04,2025-12-31
SKU04296,2166,641007.92,1149,30,3,2022-01-01,2025-12-31
SKU04297,1759,540423.51,924,30,3,2022-01-01,2025-12-30
SKU04298,1644,185725.76,855,30,3,2022-01-01,2025-12-30
SKU04299,1852,1183225.1700000002,988,30,3,2022-01-01,2025-12-31
SKU04300,1354,2306294.76,712,30,3,2022-01-01,2025-12-31
SKU04301,1748,864716.84,936,30,3,2022-01-01,2025-12-31
SKU04302,2921,479249.63,1514,30,3,2022-01-04,2025-12-31
SKU04303,2007,383558.70999999996,1097,30,3,2022-01-01,2025-12-29
SKU04304,1759,650048.25,924,30,3,2022-01-04,2025-12-31
SKU04305,13274,9774272.290000001,7077,30,3,2022-01-01,2025-12-31
SKU04306,3680,557877.07,1956,30,3,2022-01-02,2025-12-31
SKU04307,5570,1457804.4,2992,30,3,2022-01-01,2025-12-31
SKU04308,1440,200521.91,766,30,3,2022-01-03,2025-12-30
SKU04309,5402,643070.81,2875,30,3,2022-01-01,2025-12-31
SKU04310,1640,621252.5599999999,879,30,3,2022-01-04,2025-12-30
SKU04311,4016,396205.43,2179,30,3,2022-01-04,2025-12-31
SKU04312,1810,496370.18999999994,953,30,3,2022-01-01,2025-12-31
SKU04313,2214,1327600.85,1173,30,3,2022-01-02,2025-12-30
SKU04314,2975,1586406.04,1564,30,3,2022-01-02,2025-12-31
SKU04315,14199,6710257.42,7510,30,3,2022-01-01,2025-12-31
SKU04316,1672,116644.77,891,30,3,2022-01-03,2025-12-31
SKU04317,8995,13518261.1,4730,30,3,2022-01-01,2025-12-31
SKU04318,21040,4058080.27,11251,30,3,2022-01-01,2025-12-31
SKU04319,1229,915433.24,664,30,3,2022-01-05,2025-12-30
SKU04320,2713,7491304.91,1440,30,3,2022-01-01,2025-12-31
SKU04321,1182976,1066897717.2099999,606102,30,3,2022-01-01,2025-12-31
SKU04322,3782,1803598.98,2009,30,3,2022-01-01,2025-12-30
SKU04323,1843,441958.74,994,30,3,2022-01-03,2025-12-31
SKU04324,2983,237885.38,1587,30,3,2022-01-01,2025-12-31
SKU04325,1371,3695905.08,748,30,3,2022-01-02,2025-12-31
SKU04326,3168,493009.76999999996,1677,30,3,2022-01-03,2025-12-31
SKU04327,1679,78768.37,904,30,3,2022-01-01,2025-12-31
SKU04328,1775,259229.87000000002,943,30,3,2022-01-08,2025-12-28
SKU04329,41349,94686037.62,21957,30,3,2022-01-01,2025-12-31
SKU04330,1507,643128.25,791,30,3,2022-01-04,2025-12-31
SKU04331,1687,471978.96,909,30,3,2022-01-04,2025-12-31
SKU04332,2692,356309.87,1414,30,3,2022-01-03,2025-12-31
SKU04333,1833,1342099.12,975,30,3,2022-01-01,2025-12-31
SKU04334,1389,373925.31,723,30,3,2022-01-04,2025-12-30
SKU04335,2627,704967.02,1408,30,3,2022-01-03,2025-12-31
SKU04336,1341,1035304.68,723,30,3,2022-01-01,2025-12-30
SKU04337,2210,1057303.32,1183,30,3,2022-01-03,2025-12-27
SKU04338,4808,731955.88,2569,30,3,2022-01-02,2025-12-31
SKU04339,8262,11914037.11,4358,30,3,2022-01-01,2025-12-31
SKU04340,1984,608699.4199999999,1059,30,3,2022-01-05,2025-12-31
SKU04341,7486,475545.75,4008,30,3,2022-01-01,2025-12-31
SKU04342,1421,80691.29,765,30,3,2022-01-01,2025-12-31
SKU04343,1367,3360904.88,741,30,3,2022-01-05,2025-12-30
SKU04344,9178,1741521.19,4900,30,3,2022-01-01,2025-12-31
SKU04345,4511,609883.97,2427,30,3,2022-01-03,2025-12-31
SKU04346,13421,12243121.94,7036,30,3,2022-01-01,2025-12-31
SKU04347,2994,863208.2,1577,30,3,2022-01-01,2025-12-31
SKU04348,12875,3332511.9499999997,6838,30,3,2022-01-01,2025-12-31
SKU04349,6776,439211.05,3621,30,3,2022-01-01,2025-12-31
SKU04350,32266,11993782.62,17199,30,3,2022-01-01,2025-12-31
SKU04351,1452,4410149.59,772,30,3,2022-01-03,2025-12-29
SKU04352,1282,735794.21,668,30,3,2022-01-04,2025-12-27
SKU04353,1298,275484.08,693,30,3,2022-01-05,2025-12-31
SKU04354,1512,2449340.21,809,30,3,2022-01-02,2025-12-31
SKU04355,1537,122045.79,817,30,3,2022-01-01,2025-12-30
SKU04356,2270,1690966.2,1230,30,3,2022-01-02,2025-12-31
SKU04357,1541,473694.14,824,30,3,2022-01-04,2025-12-31
SKU04358,5638,2276968.96,2977,30,3,2022-01-01,2025-12-31
SKU04359,11079,2413940.31,5873,30,3,2022-01-01,2025-12-31
SKU04360,1624,203639.13,887,30,3,2022-01-01,2025-12-31
SKU04361,3050,734618.2300000001,1642,30,3,2022-01-01,2025-12-30
SKU04362,14421,3187108.5,7699,30,3,2022-01-01,2025-12-31
SKU04363,3592,506481.53,1970,30,3,2022-01-02,2025-12-31
SKU04364,1419,2837515.12,742,30,3,2022-01-07,2025-12-28
SKU04365,3416,5686069.47,1855,30,3,2022-01-02,2025-12-31
SKU04366,3749,6869379.7,1988,30,3,2022-01-01,2025-12-30
SKU04367,1444,497298.72,770,30,3,2022-01-09,2025-12-31
SKU04368,4531,1277217.97,2426,30,3,2022-01-01,2025-12-31
SKU04369,2316,3608881.0900000003,1236,30,3,2022-01-01,2025-12-30
SKU04370,1490,557578.14,771,30,3,2022-01-02,2025-12-31
SKU04371,1487,367804.81,816,30,3,2022-01-09,2025-12-29
SKU04372,2825,4318214.66,1509,30,3,2022-01-02,2025-12-31
SKU04373,6969,6817888.53,3736,30,3,2022-01-01,2025-12-31
SKU04374,1734,518093.73,950,30,3,2022-01-06,2025-12-30
SKU04375,2618,4320724.6,1411,30,3,2022-01-01,2025-12-31
SKU04376,1585,517259.33,857,30,3,2022-01-03,2025-12-29
SKU04377,1660,237037.41999999998,856,30,3,2022-01-06,2025-12-31
SKU04378,1826,383923.9,969,30,3,2022-01-02,2025-12-31
SKU04379,2982,1059450.19,1590,30,3,2022-01-01,2025-12-31
SKU04380,5157,1391568.5,2707,30,3,2022-01-01,2025-12-31
SKU04381,44335,7880994.58,23546,30,3,2022-01-01,2025-12-31
SKU04382,2259,158452.79,1191,30,3,2022-01-01,2025-12-31
SKU04383,1445,2122695.15,762,30,3,2022-01-02,2025-12-31
SKU04384,1887,2862324.41,994,30,3,2022-01-02,2025-12-31
SKU04385,1424,562313.98,719,30,3,2022-01-07,2025-12-31
SKU04386,3031,2413996.24,1640,30,3,2022-01-07,2025-12-31
SKU04387,1505,245387.69,795,30,3,2022-01-02,2025-12-31
SKU04388,1310,2203028.85,678,30,3,2022-01-04,2025-12-31
SKU04389,1390,473898.25,724,30,3,2022-01-01,2025-12-30
SKU04390,9982,16811108.96,5330,30,3,2022-01-01,2025-12-31
SKU04391,1490,1816089.79,806,30,3,2022-01-03,2025-12-31
SKU04392,1250,1237680.04,662,30,3,2022-01-03,2025-12-31
SKU04393,1385,269015.79000000004,737,30,3,2022-01-03,2025-12-31
SKU04394,1435,353110.76,771,30,3,2022-01-08,2025-12-31
SKU04395,1553,611544.33,799,30,3,2022-01-12,2025-12-31
SKU04396,4583,14591607.28,2421,30,3,2022-01-01,2025-12-30
SKU04397,1383,934288.76,710,30,3,2022-01-03,2025-12-28
SKU04398,1554,786529.3,814,30,3,2022-01-02,2025-12-31
SKU04399,1570,986923.9500000001,858,30,3,2022-01-02,2025-12-30
SKU04400,4486,4684365.62,2405,30,3,2022-01-03,2025-12-31
SKU04401,1277,229532.16,667,30,3,2022-01-07,2025-12-31
SKU04402,2945,507133.37,1531,30,3,2022-01-01,2025-12-31
SKU04403,3531,356113.63,1817,30,3,2022-01-01,2025-12-31
SKU04404,5091,1161960.74,2728,30,3,2022-01-01,2025-12-31
SKU04405,2075,2408262.75,1079,30,3,2022-01-03,2025-12-31
SKU04406,2053,247059.19999999998,1120,30,3,2022-01-01,2025-12-31
SKU04407,2078,411976.72,1115,30,3,2022-01-01,2025-12-31
SKU04408,8978,5586475.3,4879,30,3,2022-01-01,2025-12-31
SKU04409,1305,3166865.73,695,30,3,2022-01-03,2025-12-30
SKU04410,1698,2282669.96,939,30,3,2022-01-03,2025-12-31
SKU04411,3698,1443877.6,1955,30,3,2022-01-01,2025-12-31
SKU04412,1321,656053.32,714,30,3,2022-01-01,2025-12-31
SKU04413,3893,1669245.42,2068,30,3,2022-01-01,2025-12-31
SKU04414,1240,192279.75999999998,652,30,3,2022-01-02,2025-12-29
SKU04415,1821,1124877.09,945,30,3,2022-01-01,2025-12-30
SKU04416,3586,2012262.2000000002,1896,30,3,2022-01-01,2025-12-31
SKU04417,4958,7270057.6,2570,30,3,2022-01-01,2025-12-31
SKU04418,2601,7716620.8100000005,1402,30,3,2022-01-05,2025-12-31
SKU04419,1361,78550.14,706,30,3,2022-01-07,2025-12-28
SKU04420,1425,171484.56999999998,766,30,3,2022-01-08,2025-12-31
SKU04421,1569,5382710.85,843,30,3,2022-01-04,2025-12-29
SKU04422,8092,517855.53,4276,30,3,2022-01-01,2025-12-31
SKU04423,2515,529293.14,1353,30,3,2022-01-01,2025-12-31
SKU04424,5267,5917048.76,2828,30,3,2022-01-01,2025-12-30
SKU04425,1224,978917.54,681,30,3,2022-01-02,2025-12-31
SKU04426,1915,3699302.1900000004,1033,30,3,2022-01-01,2025-12-29
SKU04427,1699,236379.33,918,30,3,2022-01-01,2025-12-31
SKU04428,1590,95830.37,846,30,3,2022-01-03,2025-12-31
SKU04429,1478,290655.60000000003,765,30,3,2022-01-01,2025-12-31
SKU04430,2927,360318.51,1553,30,3,2022-01-01,2025-12-31
SKU04431,1770,63922.58,949,30,3,2022-01-01,2025-12-31
SKU04432,7121,2283005.99,3742,30,3,2022-01-01,2025-12-31
SKU04433,1903,163588.15,1031,30,3,2022-01-01,2025-12-29
SKU04434,1393,1028155.86,750,30,3,2022-01-02,2025-12-27
SKU04435,1909,636760.87,1013,30,3,2022-01-01,2025-12-31
SKU04436,2185,1386230.16,1172,30,3,2022-01-01,2025-12-31
SKU04437,6545,150675.63,3528,30,3,2022-01-03,2025-12-31
SKU04438,4261,580689.07,2235,30,3,2022-01-01,2025-12-31
SKU04439,2218,2973922.28,1222,30,3,2022-01-03,2025-12-30
SKU04440,2666,669604.54,1404,30,3,2022-01-02,2025-12-31
SKU04441,1377,5365364.33,713,30,3,2022-01-04,2025-12-31
SKU04442,1174,298076.93,635,30,3,2022-01-02,2025-12-31
SKU04443,1203,169320.03,661,30,3,2022-01-01,2025-12-31
SKU04444,2184,2801902.13,1153,30,3,2022-01-05,2025-12-31
SKU04445,4210,3875219.71,2244,30,3,2022-01-01,2025-12-31
SKU04446,4232,554295.38,2284,30,3,2022-01-01,2025-12-31
SKU04447,9330,10331174.99,4930,30,3,2022-01-01,2025-12-31
SKU04448,1735,155519.07,938,30,3,2022-01-13,2025-12-31
SKU04449,1724,353958.89999999997,928,30,3,2022-01-01,2025-12-31
SKU04450,1451,685409.49,782,30,3,2022-01-01,2025-12-31
SKU04451,1494,84984.87,784,30,3,2022-01-01,2025-12-29
SKU04452,2892,654009.87,1548,30,3,2022-01-02,2025-12-31
SKU04453,21834,5405949.96,11638,30,3,2022-01-01,2025-12-31
SKU04454,1639,4330845.59,856,30,3,2022-01-01,2025-12-31
SKU04455,2235,302893.77,1154,30,3,2022-01-01,2025-12-31
SKU04456,5090,862013.76,2714,30,3,2022-01-01,2025-12-31
SKU04457,1622,93406.22,835,30,3,2022-01-08,2025-12-30
SKU04458,1459,220572.25,801,30,3,2022-01-03,2025-12-29
SKU04459,6405,7929162.44,3425,30,3,2022-01-01,2025-12-31
SKU04460,2922,889458.37,1534,30,3,2022-01-02,2025-12-31
SKU04461,1282,176197.7,682,30,3,2022-01-02,2025-12-30
SKU04462,3214,578162.24,1699,30,3,2022-01-01,2025-12-30
SKU04463,1758,2121678.24,920,30,3,2022-01-04,2025-12-31
SKU04464,3283,867658.71,1748,30,3,2022-01-05,2025-12-31
SKU04465,1528,444464.16000000003,835,30,3,2022-01-03,2025-12-30
SKU04466,2667,563782.31,1382,30,3,2022-01-02,2025-12-29
SKU04467,4323,1070369.75,2264,30,3,2022-01-02,2025-12-31
SKU04468,1318,708716.92,703,30,3,2022-01-02,2025-12-30
SKU04469,1407,657417.8,749,30,3,2022-01-06,2025-12-31
SKU04470,1213,2357784.46,658,30,3,2022-01-04,2025-12-31
SKU04471,1494,2149094.15,769,30,3,2022-01-01,2025-12-30
SKU04472,1718,250309.47,885,30,3,2022-01-02,2025-12-28
SKU04473,1544,2251426.09,817,30,3,2022-01-02,2025-12-26
SKU04474,2529,396998.73,1332,30,3,2022-01-01,2025-12-31
SKU04475,1271,176155.03,676,30,3,2022-01-01,2025-12-30
SKU04476,12997,1637043.3299999998,6893,30,3,2022-01-01,2025-12-31
SKU04477,4150,375779.23000000004,2219,30,3,2022-01-01,2025-12-30
SKU04478,2422,378527.86,1290,30,3,2022-01-01,2025-12-31
SKU04479,3899,4823775.16,2076,30,3,2022-01-01,2025-12-31
SKU04480,1608,879780.27,822,30,3,2022-01-06,2025-12-29
SKU04481,5347,721441.3300000001,2832,30,3,2022-01-01,2025-12-31
SKU04482,1527,160844.88999999998,827,30,3,2022-01-01,2025-12-30
SKU04483,1994,633789.68,1052,30,3,2022-01-02,2025-12-31
SKU04484,1303,269415.25,698,30,3,2022-01-01,2025-12-30
SKU04485,2589,681515.84,1403,30,3,2022-01-01,2025-12-30
SKU04486,3809,5024224.21,2019,30,3,2022-01-01,2025-12-31
SKU04487,1635,3323432.95,883,30,3,2022-01-05,2025-12-29
SKU04488,1344,339511.87,680,30,3,2022-01-01,2025-12-31
SKU04489,13489,3188195.26,7160,30,3,2022-01-01,2025-12-31
SKU04490,1623,459737.55,868,30,3,2022-01-01,2025-12-31
SKU04491,1255,1208287.26,676,30,3,2022-01-01,2025-12-21
SKU04492,2630,405099.99,1408,30,3,2022-01-01,2025-12-31
SKU04493,1603,78794.48,888,30,3,2022-01-02,2025-12-30
SKU04494,2456,187143.13,1323,30,3,2022-01-01,2025-12-31
SKU04495,2117,519922.61,1091,30,3,2022-01-01,2025-12-31
SKU04496,1755,461978.10000000003,930,30,3,2022-01-04,2025-12-30
SKU04497,3080,6655501.899999999,1663,30,3,2022-01-01,2025-12-31
SKU04498,2890,908408.09,1535,30,3,2022-01-01,2025-12-30
SKU04499,1263,369412.73,681,30,3,2022-01-04,2025-12-30
SKU04500,1794,265570.0,956,30,3,2022-01-01,2025-12-27
SKU04501,1738,593008.6900000001,903,30,3,2022-01-01,2025-12-31
SKU04502,4252,174999.33,2309,30,3,2022-01-01,2025-12-31
SKU04503,1396,193661.91,745,30,3,2022-01-01,2025-12-31
SKU04504,1325,245599.49,697,30,3,2022-01-01,2025-12-29
SKU04505,1173,132565.04,617,30,3,2022-01-03,2025-12-28
SKU04506,2136,168688.47999999998,1150,30,3,2022-01-07,2025-12-31
SKU04507,3534,427459.66,1886,30,3,2022-01-02,2025-12-31
SKU04508,31637,11222340.33,16870,30,3,2022-01-01,2025-12-31
SKU04509,1673,489120.95,905,30,3,2022-01-08,2025-12-31
SKU04510,1699,615000.24,894,30,3,2022-01-03,2025-12-30
SKU04511,1757,2232594.3400000003,934,30,3,2022-01-03,2025-12-28
SKU04512,1946,716501.09,1022,30,3,2022-01-02,2025-12-31
SKU04513,3001,359710.28,1583,30,3,2022-01-02,2025-12-31
SKU04514,1715,1296587.54,914,30,3,2022-01-01,2025-12-30
SKU04515,6558,1498543.4,3473,30,3,2022-01-01,2025-12-31
SKU04516,1778,2936905.96,958,30,3,2022-01-02,2025-12-31
SKU04517,1537,264503.35,818,30,3,2022-01-01,2025-12-29
SKU04518,2568,330554.0,1394,30,3,2022-01-07,2025-12-31
SKU04519,3024,3790869.05,1626,30,3,2022-01-01,2025-12-31
SKU04520,2132,518938.44,1167,30,3,2022-01-01,2025-12-30
SKU04521,2210,95557.04000000001,1175,30,3,2022-01-01,2025-12-31
SKU04522,3420,2407904.07,1818,30,3,2022-01-02,2025-12-31
SKU04523,1894,313045.72,1033,30,3,2022-01-04,2025-12-30
SKU04524,2031,3305393.35,1048,30,3,2022-01-02,2025-12-31
SKU04525,1968,3688020.98,1061,30,3,2022-01-01,2025-12-29
SKU04526,1156,349034.23,596,30,3,2022-01-03,2025-12-31
SKU04527,1866,1689144.3,974,30,3,2022-01-04,2025-12-31
SKU04528,1679,619443.92,912,30,3,2022-01-05,2025-12-31
SKU04529,1885,2123371.42,1009,30,3,2022-01-03,2025-12-31
SKU04530,2076,471374.34,1093,30,3,2022-01-01,2025-12-31
SKU04531,5283,522849.3,2767,30,3,2022-01-01,2025-12-31
SKU04532,1278,107463.93000000001,664,30,3,2022-01-01,2025-12-30
SKU04533,1704,2915377.76,921,30,3,2022-01-03,2025-12-31
SKU04534,1797,155589.61000000002,964,30,3,2022-01-02,2025-12-31
SKU04535,1479,482213.24,774,30,3,2022-01-03,2025-12-30
SKU04536,3931,5512862.87,2122,30,3,2022-01-01,2025-12-31
SKU04537,5938,561197.7,3156,30,3,2022-01-01,2025-12-31
SKU04538,11029,2232353.57,5977,30,3,2022-01-01,2025-12-31
SKU04539,2495,505306.66000000003,1319,30,3,2022-01-02,2025-12-31
SKU04540,1705,3166636.88,913,30,3,2022-01-01,2025-12-30
SKU04541,1649,140954.55,888,30,3,2022-01-06,2025-12-31
SKU04542,1643,185289.17,898,30,3,2022-01-01,2025-12-31
SKU04543,1403,81927.29,742,30,3,2022-01-01,2025-12-30
SKU04544,2475,816752.17,1309,30,3,2022-01-01,2025-12-31
SKU04545,1602,1303513.23,852,30,3,2022-01-02,2025-12-29
SKU04546,2272,4107525.21,1213,30,3,2022-01-01,2025-12-31
SKU04547,6999,2216036.83,3661,30,3,2022-01-02,2025-12-31
SKU04548,4380,570847.02,2366,30,3,2022-01-01,2025-12-31
SKU04549,2375,237938.21,1253,30,3,2022-01-01,2025-12-31
SKU04550,4216,616449.22,2220,30,3,2022-01-01,2025-12-31
SKU04551,29841,69201305.73,15904,30,3,2022-01-01,2025-12-31
SKU04552,1580,302877.9,851,30,3,2022-01-03,2025-12-31
SKU04553,1445,408027.26,790,30,3,2022-01-01,2025-12-31
SKU04554,1262,2341252.15,693,30,3,2022-01-02,2025-12-28
SKU04555,1495,4636660.5,809,30,3,2022-01-08,2025-12-29
SKU04556,3377,163157.99000000002,1748,30,3,2022-01-01,2025-12-30
SKU04557,1501,410756.39999999997,803,30,3,2022-01-01,2025-12-31
SKU04558,1349,1061013.01,703,30,3,2022-01-01,2025-12-31
SKU04559,3394,8427430.57,1822,30,3,2022-01-01,2025-12-31
SKU04560,5967,1486918.76,3182,30,3,2022-01-01,2025-12-31
SKU04561,1183,214948.03,656,30,3,2022-01-03,2025-12-31
SKU04562,15549,19155541.12,8337,30,3,2022-01-01,2025-12-31
SKU04563,2260,5561149.35,1210,30,3,2022-01-04,2025-12-31
SKU04564,1935,163970.43,1049,30,3,2022-01-01,2025-12-31
SKU04565,2685,1165873.79,1439,30,3,2022-01-01,2025-12-30
SKU04566,1273,309296.64,716,30,3,2022-01-05,2025-12-30
SKU04567,1421,1937806.1500000001,770,30,3,2022-01-01,2025-12-30
SKU04568,4643,1217645.01,2509,30,3,2022-01-03,2025-12-31
SKU04569,1575,831236.52,823,30,3,2022-01-01,2025-12-29
SKU04570,3602,416395.96,1889,30,3,2022-01-02,2025-12-31
SKU04571,76291,62490781.24,40381,30,3,2022-01-01,2025-12-31
SKU04572,4856,5158706.74,2577,30,3,2022-01-01,2025-12-31
SKU04573,1819,461094.08,940,30,3,2022-01-03,2025-12-31
SKU04574,11511,770775.48,6178,30,3,2022-01-02,2025-12-31
SKU04575,6966,520817.73,3725,30,3,2022-01-02,2025-12-31
SKU04576,1493,345136.91,774,30,3,2022-01-02,2025-12-31
SKU04577,1388,283840.3,752,30,3,2022-01-04,2025-12-31
SKU04578,1737,1290102.69,917,30,3,2022-01-02,2025-12-30
SKU04579,1778,154881.79,955,30,3,2022-01-01,2025-12-28
SKU04580,1259,821706.81,668,30,3,2022-01-03,2025-12-30
SKU04581,3649,375636.43,1963,30,3,2022-01-03,2025-12-31
SKU04582,1723,3907230.35,910,30,3,2022-01-02,2025-12-31
SKU04583,1616,1465964.72,881,30,3,2022-01-01,2025-12-26
SKU04584,1579,408833.63,824,30,3,2022-01-06,2025-12-30
SKU04585,1651,4514179.11,856,30,3,2022-01-02,2025-12-31
SKU04586,1811,828832.97,940,30,3,2022-01-01,2025-12-31
SKU04587,1343,506016.23,725,30,3,2022-01-06,2025-12-24
SKU04588,1503,396117.95999999996,781,30,3,2022-01-06,2025-12-27
SKU04589,2082,791044.86,1118,30,3,2022-01-01,2025-12-30
SKU04590,2586,2344863.37,1423,30,3,2022-01-01,2025-12-31
SKU04591,1313,230822.78,706,30,3,2022-01-05,2025-12-30
SKU04592,5874,556139.71,3124,30,3,2022-01-03,2025-12-31
SKU04593,2408,476528.32,1247,30,3,2022-01-02,2025-12-31
SKU04594,2178,459251.32999999996,1155,30,3,2022-01-01,2025-12-31
SKU04595,2130,3495360.57,1123,30,3,2022-01-01,2025-12-31
SKU04596,283764,88942591.29,149700,30,3,2022-01-01,2025-12-31
SKU04597,2080,2835877.14,1111,30,3,2022-01-03,2025-12-31
SKU04598,3639,1055308.25,1937,30,3,2022-01-02,2025-12-31
SKU04599,2769,5138998.899999999,1469,30,3,2022-01-01,2025-12-29
SKU04600,1617,227262.59,877,30,3,2022-01-03,2025-12-28
SKU04601,3706,1188232.06,2003,30,3,2022-01-03,2025-12-31
SKU04602,1582,149494.1,864,30,3,2022-01-04,2025-12-31
SKU04603,1575,1975700.36,821,30,3,2022-01-01,2025-12-31
SKU04604,6885,2028974.93,3668,30,3,2022-01-03,2025-12-31
SKU04605,1217,207119.7,648,30,3,2022-01-01,2025-12-30
SKU04606,1356,1279105.03,717,30,3,2022-01-02,2025-12-31
SKU04607,1212,466885.41000000003,660,30,3,2022-01-01,2025-12-27
SKU04608,4978,803225.65,2594,30,3,2022-01-01,2025-12-31
SKU04609,4315,2336023.4499999997,2283,30,3,2022-01-01,2025-12-30
SKU04610,9227,17866734.68,4834,30,3,2022-01-01,2025-12-31
SKU04611,1471,378134.86,794,30,3,2022-01-01,2025-12-31
SKU04612,1294,960772.3099999999,695,30,3,2022-01-01,2025-12-30
SKU04613,2735,466037.18,1454,30,3,2022-01-02,2025-12-29
SKU04614,1570,262614.7,810,30,3,2022-01-01,2025-12-28
SKU04615,2248,590632.01,1188,30,3,2022-01-03,2025-12-31
SKU04616,2352,492393.49,1208,30,3,2022-01-05,2025-12-31
SKU04617,1565,1138486.8,808,30,3,2022-01-01,2025-12-31
SKU04618,4714,1893929.8599999999,2464,30,3,2022-01-02,2025-12-31
SKU04619,1812,503834.03,947,30,3,2022-01-03,2025-12-31
SKU04620,1575,300708.24,848,30,3,2022-01-01,2025-12-31
SKU04621,6826,1726609.65,3651,30,3,2022-01-01,2025-12-31
SKU04622,6108,11610155.35,3255,30,3,2022-01-02,2025-12-30
SKU04623,3626,241283.3,1959,30,3,2022-01-03,2025-12-31
SKU04624,1713,98817.29000000001,905,30,3,2022-01-07,2025-12-31
SKU04625,3142,193846.69999999998,1639,30,3,2022-01-01,2025-12-31
SKU04626,13687,5986213.87,7266,30,3,2022-01-01,2025-12-31
SKU04627,21350,12635618.030000001,11345,30,3,2022-01-01,2025-12-31
SKU04628,1873,3378720.46,991,30,3,2022-01-01,2025-12-31
SKU04629,6214,969253.48,3304,30,3,2022-01-01,2025-12-31
SKU04630,1603,174135.28,830,30,3,2022-01-03,2025-12-31
SKU04631,1798,871754.98,988,30,3,2022-01-01,2025-12-30
SKU04632,3232,2715459.06,1739,30,3,2022-01-01,2025-12-31
SKU04633,11375,6627151.66,6097,30,3,2022-01-01,2025-12-31
SKU04634,3027,2751340.41,1587,30,3,2022-01-02,2025-12-30
SKU04635,2114,1356397.32,1141,30,3,2022-01-01,2025-12-31
SKU04636,1162,693196.8099999999,659,30,3,2022-01-02,2025-12-31
SKU04637,2393,1138641.07,1235,30,3,2022-01-01,2025-12-31
SKU04638,1726,542665.9,947,30,3,2022-01-01,2025-12-30
SKU04639,2948,703159.23,1541,30,3,2022-01-04,2025-12-31
SKU04640,1454,925454.06,756,30,3,2022-01-02,2025-12-31
SKU04641,1326,142272.21,681,30,3,2022-01-02,2025-12-29
SKU04642,2656,821409.86,1468,30,3,2022-01-01,2025-12-31
SKU04643,1310,305384.26,687,30,3,2022-01-02,2025-12-30
SKU04644,1832,617344.93,969,30,3,2022-01-04,2025-12-31
SKU04645,2466,361777.0,1282,30,3,2022-01-04,2025-12-30
SKU04646,14553,1126497.77,7771,30,3,2022-01-01,2025-12-31
SKU04647,4610,1254385.05,2464,30,3,2022-01-02,2025-12-31
SKU04648,1482,101837.14,807,30,3,2022-01-01,2025-12-31
SKU04649,2606,1325650.97,1385,30,3,2022-01-02,2025-12-31
SKU04650,1532,835833.15,824,30,3,2022-01-02,2025-12-31
SKU04651,4047,2501850.24,2148,30,3,2022-01-01,2025-12-31
SKU04652,1287,1523358.52,683,30,3,2022-01-04,2025-12-30
SKU04653,1250,208662.58,696,30,3,2022-01-10,2025-12-28
SKU04654,1236,3434277.44,649,30,3,2022-01-01,2025-12-31
SKU04655,2544,4938564.51,1355,30,3,2022-01-01,2025-12-31
SKU04656,1698,2236925.97,888,30,3,2022-01-03,2025-12-31
SKU04657,3200,1198932.5,1673,30,3,2022-01-01,2025-12-31
SKU04658,1619,2490714.4099999997,835,30,3,2022-01-03,2025-12-31
SKU04659,1476,803300.79,759,30,3,2022-01-04,2025-12-30
SKU04660,2649,5894690.36,1414,30,3,2022-01-01,2025-12-28
SKU04661,1615,123367.06,844,30,3,2022-01-06,2025-12-29
SKU04662,4871,855245.41,2574,30,3,2022-01-01,2025-12-31
SKU04663,11875,8011836.69,6383,30,3,2022-01-01,2025-12-31
SKU04664,1249,878545.98,660,30,3,2022-01-01,2025-12-30
SKU04665,1233,1857730.34,630,30,3,2022-01-09,2025-12-31
SKU04666,4286,474864.36,2303,30,3,2022-01-01,2025-12-31
SKU04667,1587,1311200.95,821,30,3,2022-01-03,2025-12-31
SKU04668,3061,331856.42,1615,30,3,2022-01-01,2025-12-29
SKU04669,1989,949313.6,1055,30,3,2022-01-02,2025-12-31
SKU04670,1257,367902.9,676,30,3,2022-01-06,2025-12-28
SKU04671,1559,303620.54000000004,815,30,3,2022-01-07,2025-12-31
SKU04672,1920,3904675.17,1014,30,3,2022-01-03,2025-12-31
SKU04673,1988,1983556.82,1086,30,3,2022-01-02,2025-12-29
SKU04674,1826,277765.52999999997,1000,30,3,2022-01-06,2025-12-31
SKU04675,2148,234725.55,1138,30,3,2022-01-03,2025-12-30
SKU04676,2922,1092534.21,1562,30,3,2022-01-03,2025-12-31
SKU04677,11286,1781987.02,5957,30,3,2022-01-01,2025-12-31
SKU04678,1839,375216.99,991,30,3,2022-01-01,2025-12-30
SKU04679,1260,53981.38,673,30,3,2022-01-02,2025-12-30
SKU04680,2047,275300.98,1067,30,3,2022-01-02,2025-12-28
SKU04681,2756,562389.6,1478,30,3,2022-01-03,2025-12-31
SKU04682,2046,248282.78,1090,30,3,2022-01-01,2025-12-30
SKU04683,3166,1434710.76,1672,30,3,2022-01-01,2025-12-31
SKU04684,1427,167214.75,778,30,3,2022-01-02,2025-12-31
SKU04685,2133,346995.49,1125,30,3,2022-01-02,2025-12-29
SKU04686,1355,532857.59,710,30,3,2022-01-03,2025-12-30
SKU04687,1881,102914.28,974,30,3,2022-01-01,2025-12-31
SKU04688,2039,527985.97,1074,30,3,2022-01-09,2025-12-31
SKU04689,1453,1465407.79,761,30,3,2022-01-03,2025-12-31
SKU04690,1305,146855.66,707,30,3,2022-01-01,2025-12-31
SKU04691,2641,3280492.48,1385,30,3,2022-01-04,2025-12-31
SKU04692,1352,72463.8,714,30,3,2022-01-02,2025-12-29
SKU04693,1130,235099.96,625,30,3,2022-01-05,2025-12-28
SKU04694,4400,621330.26,2322,30,3,2022-01-01,2025-12-31
SKU04695,1983,4038376.23,1043,30,3,2022-01-01,2025-12-31
SKU04696,1786,2628985.92,905,30,3,2022-01-02,2025-12-31
SKU04697,1476,712524.77,758,30,3,2022-01-08,2025-12-31
SKU04698,1604,129301.39,865,30,3,2022-01-01,2025-12-31
SKU04699,1707,228667.7,894,30,3,2022-01-01,2025-12-29
SKU04700,2677,3717922.95,1418,30,3,2022-01-06,2025-12-31
SKU04701,1307,212875.94999999998,694,30,3,2022-01-01,2025-12-29
SKU04702,8646,17737745.91,4575,30,3,2022-01-01,2025-12-31
SKU04703,1353,166404.69,681,30,3,2022-01-02,2025-12-31
SKU04704,1941,101586.36,1009,30,3,2022-01-03,2025-12-31
SKU04705,5210,709943.47,2810,30,3,2022-01-01,2025-12-31
SKU04706,1361,790593.02,711,30,3,2022-01-05,2025-12-30
SKU04707,2391,2164741.84,1292,30,3,2022-01-01,2025-12-29
SKU04708,1811,2262920.3000000003,1003,30,3,2022-01-04,2025-12-29
SKU04709,1334,242875.21000000002,710,30,3,2022-01-01,2025-12-31
SKU04710,12182,18628722.55,6477,30,3,2022-01-02,2025-12-31
SKU04711,5607,1516664.3800000001,2981,30,3,2022-01-01,2025-12-30
SKU04712,2516,5124125.399999999,1319,30,3,2022-01-01,2025-12-30
SKU04713,2806,4984971.19,1494,30,3,2022-01-02,2025-12-31
SKU04714,2691,5098488.89,1482,30,3,2022-01-03,2025-12-29
SKU04715,1393,1633277.77,726,30,3,2022-01-05,2025-12-28
SKU04716,1409,394012.4,757,30,3,2022-01-01,2025-12-31
SKU04717,1335,664633.7999999999,700,30,3,2022-01-08,2025-12-30
SKU04718,1657,229849.22,877,30,3,2022-01-05,2025-12-30
SKU04719,3319,749665.15,1762,30,3,2022-01-01,2025-12-31
SKU04720,5414,11278878.18,2814,30,3,2022-01-02,2025-12-31
SKU04721,3066,120011.26,1638,30,3,2022-01-02,2025-12-31
SKU04722,1336,412372.09,703,30,3,2022-01-01,2025-12-31
SKU04723,1403,481044.43,734,30,3,2022-01-01,2025-12-28
SKU04724,1816,2073203.29,985,30,3,2022-01-02,2025-12-30
SKU04725,1320,105204.73999999999,716,30,3,2022-01-03,2025-12-31
SKU04726,1315,948731.58,674,30,3,2022-01-01,2025-12-25
SKU04727,1355,620307.93,724,30,3,2022-01-01,2025-12-31
SKU04728,1753,366074.27,952,30,3,2022-01-01,2025-12-30
SKU04729,1251,2038724.48,654,30,3,2022-01-03,2025-12-31
SKU04730,2144,3020818.2399999998,1105,30,3,2022-01-02,2025-12-30
SKU04731,1955,181982.17,1037,30,3,2022-01-10,2025-12-31
SKU04732,1705,163116.47,927,30,3,2022-01-03,2025-12-30
SKU04733,1641,762838.05,895,30,3,2022-01-05,2025-12-30
SKU04734,1857,277366.82,963,30,3,2022-01-01,2025-12-31
SKU04735,7067,3952217.3,3783,30,3,2022-01-01,2025-12-31
SKU04736,1968,265806.88,1041,30,3,2022-01-05,2025-12-31
SKU04737,2039,2734132.48,1089,30,3,2022-01-02,2025-12-30
SKU04738,2351,1694531.02,1229,30,3,2022-01-01,2025-12-31
SKU04739,2014,518014.54,1054,30,3,2022-01-01,2025-12-31
SKU04740,1721,238329.66,914,30,3,2022-01-03,2025-12-31
SKU04741,1287,1288952.83,691,30,3,2022-01-02,2025-12-29
SKU04742,2164,738106.79,1179,30,3,2022-01-02,2025-12-31
SKU04743,2121,753699.77,1147,30,3,2022-01-01,2025-12-31
SKU04744,2130,458074.01,1066,30,3,2022-01-01,2025-12-31
SKU04745,1725,549465.44,931,30,3,2022-01-01,2025-12-31
SKU04746,1342,459530.14,709,30,3,2022-01-01,2025-12-31
SKU04747,1277,1280700.99,695,30,3,2022-01-01,2025-12-30
SKU04748,5390,2815425.8899999997,2907,30,3,2022-01-01,2025-12-31
SKU04749,6914,9970366.32,3696,30,3,2022-01-01,2025-12-31
SKU04750,8672,7459103.5200000005,4582,30,3,2022-01-01,2025-12-31
SKU04751,2518,493234.17,1331,30,3,2022-01-04,2025-12-31
SKU04752,1765,1386568.7,914,30,3,2022-01-06,2025-12-30
SKU04753,1293,786753.62,687,30,3,2022-01-01,2025-12-28
SKU04754,1676,4538933.37,898,30,3,2022-01-04,2025-12-30
SKU04755,4202,695851.98,2261,30,3,2022-01-03,2025-12-31
SKU04756,11511,7170069.83,6081,30,3,2022-01-01,2025-12-31
SKU04757,1161,343998.03,626,30,3,2022-01-18,2025-12-30
SKU04758,1460,2800783.56,786,30,3,2022-01-10,2025-12-31
SKU04759,1512,1704987.16,800,30,3,2022-01-01,2025-12-31
SKU04760,3660,744910.8200000001,1916,30,3,2022-01-01,2025-12-31
SKU04761,1715,462175.75,930,30,3,2022-01-01,2025-12-30
SKU04762,6672,2734573.15,3551,30,3,2022-01-01,2025-12-31
SKU04763,1368,126360.33,742,30,3,2022-01-07,2025-12-25
SKU04764,1675,1975557.13,894,30,3,2022-01-02,2025-12-31
SKU04765,1993,4267699.5,1056,30,3,2022-01-04,2025-12-31
SKU04766,1348,142651.88999999998,729,30,3,2022-01-03,2025-12-28
SKU04767,2131,234083.63,1084,30,3,2022-01-02,2025-12-31
SKU04768,1165,113633.68000000001,635,30,3,2022-01-01,2025-12-31
SKU04769,1737,3285095.6599999997,911,30,3,2022-01-03,2025-12-30
SKU04770,2242,720386.21,1183,30,3,2022-01-01,2025-12-30
SKU04771,1257,89666.91,662,30,3,2022-01-02,2025-12-31
SKU04772,2169,3931715.0100000002,1177,30,3,2022-01-04,2025-12-30
SKU04773,1471,604670.15,771,30,3,2022-01-03,2025-12-30
SKU04774,1926,684725.67,1006,30,3,2022-01-02,2025-12-31
SKU04775,3019,339170.2,1613,30,3,2022-01-01,2025-12-31
SKU04776,2278,464272.0,1227,30,3,2022-01-01,2025-12-30
SKU04777,2760,350940.65,1460,30,3,2022-01-01,2025-12-31
SKU04778,9318,4260462.13,4944,30,3,2022-01-02,2025-12-31
SKU04779,4717,852656.24,2455,30,3,2022-01-02,2025-12-31
SKU04780,2403,85348.8,1286,30,3,2022-01-03,2025-12-30
SKU04781,2223,161990.43,1212,30,3,2022-01-01,2025-12-31
SKU04782,5747,8867981.95,3005,30,3,2022-01-01,2025-12-31
SKU04783,12261,22308115.24,6476,30,3,2022-01-01,2025-12-31
SKU04784,2570,4219403.86,1370,30,3,2022-01-04,2025-12-31
SKU04785,1694,676530.11,918,30,3,2022-01-02,2025-12-30
SKU04786,2290,2191454.69,1183,30,3,2022-01-02,2025-12-30
SKU04787,3794,576121.3,2001,30,3,2022-01-01,2025-12-30
SKU04788,1868,1028776.72,1002,30,3,2022-01-04,2025-12-31
SKU04789,8193,514063.52999999997,4400,30,3,2022-01-01,2025-12-31
SKU04790,2504,366689.87,1342,30,3,2022-01-01,2025-12-31
SKU04791,1344,3356294.89,702,30,3,2022-01-03,2025-12-27
SKU04792,1469,593222.14,781,30,3,2022-01-01,2025-12-31
SKU04793,1531,831862.26,819,30,3,2022-01-02,2025-12-30
SKU04794,1453,3020039.53,806,30,3,2022-01-01,2025-12-30
SKU04795,1276,330025.39999999997,685,30,3,2022-01-07,2025-12-30
SKU04796,9588,17542754.96,5152,30,3,2022-01-01,2025-12-31
SKU04797,1349,378065.42000000004,698,30,3,2022-01-02,2025-12-31
SKU04798,1218,733759.79,674,30,3,2022-01-02,2025-12-28
SKU04799,2142,327986.15,1167,30,3,2022-01-02,2025-12-31
SKU04800,3443,2639992.1100000003,1846,30,3,2022-01-01,2025-12-31
SKU04801,1539,155313.37,786,30,3,2022-01-01,2025-12-29
SKU04802,1540,337418.94,851,30,3,2022-01-05,2025-12-30
SKU04803,1337,1328629.61,704,30,3,2022-01-04,2025-12-30
SKU04804,1939,412890.33,1043,30,3,2022-01-05,2025-12-31
SKU04805,3432,436821.88,1848,30,3,2022-01-01,2025-12-31
SKU04806,6315,548522.37,3347,30,3,2022-01-02,2025-12-31
SKU04807,2425,308407.88,1269,30,3,2022-01-01,2025-12-31
SKU04808,5983,2752788.92,3207,30,3,2022-01-01,2025-12-31
SKU04809,2893,582779.04,1536,30,3,2022-01-01,2025-12-31
SKU04810,1857,57699.54,976,30,3,2022-01-04,2025-12-30
SKU04811,1579,416785.11,819,30,3,2022-01-05,2025-12-31
SKU04812,1407,337845.52,740,30,3,2022-01-03,2025-12-29
SKU04813,4744,1784744.6,2506,30,3,2022-01-01,2025-12-31
SKU04814,1336,67713.45,730,30,3,2022-01-05,2025-12-30
SKU04815,1543,421147.01999999996,822,30,3,2022-01-07,2025-12-31
SKU04816,6786,569602.75,3649,30,3,2022-01-01,2025-12-31
SKU04817,2192,84863.0,1179,30,3,2022-01-01,2025-12-31
SKU04818,1561,372832.2,823,30,3,2022-01-02,2025-12-30
SKU04819,7240,1502742.52,3833,30,3,2022-01-01,2025-12-31
SKU04820,1832,2842749.72,988,30,3,2022-01-01,2025-12-30
SKU04821,3337,1034699.75,1730,30,3,2022-01-02,2025-12-31
SKU04822,3068,1327108.59,1600,30,3,2022-01-01,2025-12-29
SKU04823,3634,3453670.9899999998,1882,30,3,2022-01-01,2025-12-31
SKU04824,14506,13945164.57,7656,30,3,2022-01-01,2025-12-31
SKU04825,3323,4646512.45,1798,30,3,2022-01-02,2025-12-31
SKU04826,1403,2119667.89,736,30,3,2022-01-02,2025-12-30
SKU04827,3346,1004882.1,1780,30,3,2022-01-01,2025-12-31
SKU04828,4738,642668.1799999999,2541,30,3,2022-01-01,2025-12-31
SKU04829,1302,194580.49,689,30,3,2022-01-03,2025-12-29
SKU04830,4171,1004309.4700000001,2217,30,3,2022-01-01,2025-12-31
SKU04831,1235,981843.49,645,30,3,2022-01-01,2025-12-31
SKU04832,2307,449295.06,1190,30,3,2022-01-02,2025-12-31
SKU04833,3617,393540.89,1970,30,3,2022-01-02,2025-12-30
SKU04834,1958,482923.09,1029,30,3,2022-01-03,2025-12-28
SKU04835,4613,270547.83,2507,30,3,2022-01-01,2025-12-31
SKU04836,1879,648193.17,1022,30,3,2022-01-01,2025-12-31
SKU04837,1994,452063.54,1077,30,3,2022-01-03,2025-12-31
SKU04838,1719,178698.47999999998,914,30,3,2022-01-07,2025-12-31
SKU04839,2412,115790.7,1259,30,3,2022-01-04,2025-12-31
SKU04840,4861,2909600.15,2570,30,3,2022-01-01,2025-12-31
SKU04841,1655,1847277.35,905,30,3,2022-01-03,2025-12-31
SKU04842,2818,2114338.19,1554,30,3,2022-01-01,2025-12-31
SKU04843,2411,621052.85,1266,30,3,2022-01-02,2025-12-31
SKU04844,1906,464376.89999999997,1009,30,3,2022-01-01,2025-12-31
SKU04845,2400,2251449.75,1226,30,3,2022-01-02,2025-12-31
SKU04846,1856,208252.81,991,30,3,2022-01-01,2025-12-31
SKU04847,14206,8334597.66,7543,30,3,2022-01-01,2025-12-31
SKU04848,1317,584606.06,706,30,3,2022-01-05,2025-12-31
SKU04849,1200,1634977.25,644,30,3,2022-01-05,2025-12-30
SKU04850,1931,499310.89999999997,1035,30,3,2022-01-02,2025-12-30
SKU04851,1531,122177.97,799,30,3,2022-01-10,2025-12-31
SKU04852,1669,563458.91,880,30,3,2022-01-02,2025-12-30
SKU04853,6703,3411102.16,3588,30,3,2022-01-01,2025-12-31
SKU04854,1309,1725867.43,714,30,3,2022-01-01,2025-12-28
SKU04855,2565,4215723.33,1363,30,3,2022-01-01,2025-12-31
SKU04856,1143,262165.64,625,30,3,2022-01-02,2025-12-30
SKU04857,1579,675355.28,834,30,3,2022-01-03,2025-12-30
SKU04858,1696,1871919.18,952,30,3,2022-01-01,2025-12-30
SKU04859,2115,3994022.02,1118,30,3,2022-01-01,2025-12-31
SKU04860,1815,244984.13999999998,974,30,3,2022-01-03,2025-12-29
SKU04861,1724,2417425.84,911,30,3,2022-01-01,2025-12-31
SKU04862,1788,122587.19,938,30,3,2022-01-02,2025-12-31
SKU04863,1401,1027003.86,729,30,3,2022-01-01,2025-12-31
SKU04864,1740,180767.38,909,30,3,2022-01-01,2025-12-31
SKU04865,3420,5057479.1,1840,30,3,2022-01-03,2025-12-31
SKU04866,1832,229234.67,993,30,3,2022-01-01,2025-12-30
SKU04867,1643,420121.2,828,30,3,2022-01-01,2025-12-31
SKU04868,1833,1119732.02,963,30,3,2022-01-01,2025-12-30
SKU04869,1409,1524096.1,750,30,3,2022-01-02,2025-12-31
SKU04870,2229,683379.18,1161,30,3,2022-01-04,2025-12-30
SKU04871,3742,2662057.1999999997,1993,30,3,2022-01-03,2025-12-31
SKU04872,4851,708459.13,2578,30,3,2022-01-01,2025-12-31
SKU04873,3724,4053066.44,2018,30,3,2022-01-01,2025-12-31
SKU04874,1484,378904.60000000003,788,30,3,2022-01-01,2025-12-30
SKU04875,1981,2506849.93,1046,30,3,2022-01-02,2025-12-31
SKU04876,2394,147438.11000000002,1259,30,3,2022-01-02,2025-12-31
SKU04877,3087,548275.55,1648,30,3,2022-01-01,2025-12-30
SKU04878,1682,237626.22999999998,879,30,3,2022-01-02,2025-12-28
SKU04879,1300,1987081.63,705,30,3,2022-01-07,2025-12-30
SKU04880,1637,207522.45,860,30,3,2022-01-07,2025-12-30
SKU04881,1615,596066.5700000001,867,30,3,2022-01-02,2025-12-29
SKU04882,2762,2907795.1,1438,30,3,2022-01-01,2025-12-29
SKU04883,3295,1242673.99,1742,30,3,2022-01-01,2025-12-31
SKU04884,1932,424835.43,1047,30,3,2022-01-03,2025-12-31
SKU04885,1465,458377.1,792,30,3,2022-01-01,2025-12-31
SKU04886,1736,253724.18,927,30,3,2022-01-01,2025-12-30
SKU04887,1312,1188413.94,679,30,3,2022-01-01,2025-12-30
SKU04888,1280,430421.05,675,30,3,2022-01-01,2025-12-26
SKU04889,1378,226193.35,733,30,3,2022-01-01,2025-12-31
SKU04890,2263,205918.45,1187,30,3,2022-01-02,2025-12-30
SKU04891,2042,1249103.09,1087,30,3,2022-01-03,2025-12-31
SKU04892,1932,198725.7,1016,30,3,2022-01-03,2025-12-30
SKU04893,3052,2173488.41,1619,30,3,2022-01-03,2025-12-31
SKU04894,1326,323875.32999999996,710,30,3,2022-01-01,2025-12-31
SKU04895,3251,5708107.39,1733,30,3,2022-01-01,2025-12-31
SKU04896,2059,940403.02,1110,30,3,2022-01-01,2025-12-31
SKU04897,1400,1182551.58,762,30,3,2022-01-04,2025-12-30
SKU04898,3967,3590776.77,2060,30,3,2022-01-01,2025-12-31
SKU04899,2401,499098.76,1275,30,3,2022-01-03,2025-12-30
SKU04900,1974,2258387.62,1067,30,3,2022-01-01,2025-12-31
SKU04901,1218,257733.25,663,30,3,2022-01-04,2025-12-29
SKU04902,1169,301507.92,626,30,3,2022-01-01,2025-12-31
SKU04903,10345,2306945.14,5543,30,3,2022-01-01,2025-12-31
SKU04904,2212,3077683.06,1183,30,3,2022-01-01,2025-12-30
SKU04905,1266,138019.93,658,30,3,2022-01-06,2025-12-31
SKU04906,1401,2639148.2800000003,754,30,3,2022-01-04,2025-12-31
SKU04907,2677,496352.46,1431,30,3,2022-01-02,2025-12-31
SKU04908,3159,3375130.87,1672,30,3,2022-01-01,2025-12-31
SKU04909,1532,274901.66000000003,818,30,3,2022-01-01,2025-12-31
SKU04910,2680,927341.11,1442,30,3,2022-01-03,2025-12-31
SKU04911,1562,773898.4800000001,848,30,3,2022-01-06,2025-12-28
SKU04912,2153,388039.75,1153,30,3,2022-01-02,2025-12-29
SKU04913,27356,11877869.610000001,14553,30,3,2022-01-01,2025-12-31
SKU04914,1389,547252.79,738,30,3,2022-01-03,2025-12-29
SKU04915,1371,962221.04,716,30,3,2022-01-07,2025-12-31
SKU04916,2856,4590001.4799999995,1548,30,3,2022-01-03,2025-12-31
SKU04917,1735,465006.54,942,30,3,2022-01-05,2025-12-30
SKU04918,2423,144596.29,1256,30,3,2022-01-03,2025-12-29
SKU04919,1195,415036.1,625,30,3,2022-01-04,2025-12-25
SKU04920,3228,95435.86,1740,30,3,2022-01-01,2025-12-31
SKU04921,2212,768835.92,1184,30,3,2022-01-01,2025-12-31
SKU04922,2024,2371756.04,1019,30,3,2022-01-04,2025-12-31
SKU04923,3021,185139.95,1618,30,3,2022-01-02,2025-12-31
SKU04924,6423,16795179.16,3473,30,3,2022-01-01,2025-12-31
SKU04925,1487,186620.61000000002,771,30,3,2022-01-06,2025-12-31
SKU04926,28207,12119036.05,14896,30,3,2022-01-01,2025-12-31
SKU04927,2306,432801.44,1227,30,3,2022-01-02,2025-12-30
SKU04928,2064,745287.76,1121,30,3,2022-01-01,2025-12-30
SKU04929,2520,1761611.1700000002,1354,30,3,2022-01-01,2025-12-31
SKU04930,1559,1006957.8300000001,832,30,3,2022-01-03,2025-12-29
SKU04931,1677,508932.35,887,30,3,2022-01-03,2025-12-31
SKU04932,3086,913550.61,1627,30,3,2022-01-01,2025-12-30
SKU04933,3847,659362.31,2009,30,3,2022-01-01,2025-12-30
SKU04934,6914,1462315.17,3624,30,3,2022-01-01,2025-12-31
SKU04935,2881,1701248.69,1520,30,3,2022-01-01,2025-12-31
SKU04936,7754,2402637.77,4147,30,3,2022-01-01,2025-12-31
SKU04937,5404,7602952.109999999,2842,30,3,2022-01-01,2025-12-28
SKU04938,1736,236332.83,929,30,3,2022-01-02,2025-12-30
SKU04939,3431,557699.84,1841,30,3,2022-01-01,2025-12-31
SKU04940,3067,1778924.06,1630,30,3,2022-01-03,2025-12-30
SKU04941,1308,401847.91,660,30,3,2022-01-01,2025-12-31
SKU04942,1397,369602.9,736,30,3,2022-01-03,2025-12-31
SKU04943,3029,408543.84,1597,30,3,2022-01-02,2025-12-28
SKU04944,1751,147842.29,938,30,3,2022-01-06,2025-12-31
SKU04945,1314,252657.44,695,30,3,2022-01-08,2025-12-31
SKU04946,1493,60159.07,808,30,3,2022-01-03,2025-12-30
SKU04947,1941,990672.83,1042,30,3,2022-01-02,2025-12-31
SKU04948,3234,871927.45,1694,30,3,2022-01-02,2025-12-31
SKU04949,1456,264047.32,768,30,3,2022-01-01,2025-12-31
SKU04950,1343,426841.79,716,30,3,2022-01-04,2025-12-31
SKU04951,1789,825520.55,912,30,3,2022-01-04,2025-12-28
SKU04952,1502,863813.21,799,30,3,2022-01-01,2025-12-31
SKU04953,1296,72368.62,699,30,3,2022-01-02,2025-12-31
SKU04954,5941,2097044.8900000001,3142,30,3,2022-01-02,2025-12-31
SKU04955,1238,214307.2,631,30,3,2022-01-04,2025-12-31
SKU04956,2067,1158476.59,1113,30,3,2022-01-01,2025-12-31
SKU04957,2422,2628904.46,1268,30,3,2022-01-01,2025-12-31
SKU04958,1265,216812.04,694,30,3,2022-01-02,2025-12-30
SKU04959,2903,384774.76,1522,30,3,2022-01-01,2025-12-31
SKU04960,1449,213291.19999999998,781,30,3,2022-01-04,2025-12-29
SKU04961,1705,351714.42000000004,917,30,3,2022-01-02,2025-12-30
SKU04962,2053,2805635.52,1119,30,3,2022-01-03,2025-12-31
SKU04963,2385,279424.7,1276,30,3,2022-01-01,2025-12-31
SKU04964,3264,896305.31,1730,30,3,2022-01-03,2025-12-31
SKU04965,1719,133627.12,897,30,3,2022-01-03,2025-12-31
SKU04966,1473,168436.68,782,30,3,2022-01-03,2025-12-31
SKU04967,1520,229521.29,814,30,3,2022-01-04,2025-12-30
SKU04968,2284,710394.3200000001,1222,30,3,2022-01-04,2025-12-31
SKU04969,2364,1459231.71,1242,30,3,2022-01-01,2025-12-31
SKU04970,1584,300199.12,859,30,3,2022-01-02,2025-12-31
SKU04971,2917,4922941.93,1570,30,3,2022-01-01,2025-12-31
SKU04972,2110,1368231.3800000001,1137,30,3,2022-01-03,2025-12-30
SKU04973,9751,8244717.58,5198,30,3,2022-01-01,2025-12-31
SKU04974,1835,2701249.01,946,30,3,2022-01-03,2025-12-31
SKU04975,2602,305840.42,1421,30,3,2022-01-03,2025-12-31
SKU04976,2724,1056972.53,1469,30,3,2022-01-02,2025-12-31
SKU04977,1906,75339.36,1043,30,3,2022-01-02,2025-12-31
SKU04978,3975,869682.6900000001,2134,30,3,2022-01-01,2025-12-31
SKU04979,1579,584343.23,817,30,3,2022-01-01,2025-12-31
SKU04980,1388,1486891.4100000001,731,30,3,2022-01-02,2025-12-29
SKU04981,2868,399061.06,1520,30,3,2022-01-01,2025-12-31
SKU04982,1483,353317.62,791,30,3,2022-01-01,2025-12-30
SKU04983,2060,435963.3,1090,30,3,2022-01-03,2025-12-29
SKU04984,1644,365313.07,871,30,3,2022-01-02,2025-12-28
SKU04985,1638,1826473.85,850,30,3,2022-01-02,2025-12-31
SKU04986,2141,127387.09,1145,30,3,2022-01-01,2025-12-30
SKU04987,1173,471495.66000000003,631,30,3,2022-01-07,2025-12-31
SKU04988,1429,423505.12,741,30,3,2022-01-02,2025-12-31
SKU04989,1441,106820.35,763,30,3,2022-01-04,2025-12-31
SKU04990,2139,266312.57,1155,30,3,2022-01-01,2025-12-31
SKU04991,3585,694488.21,1895,30,3,2022-01-01,2025-12-30
SKU04992,3199,321791.8,1737,30,3,2022-01-05,2025-12-31
SKU04993,1646,1647645.95,857,30,3,2022-01-06,2025-12-30
SKU04994,1585,392826.64999999997,807,30,3,2022-01-04,2025-12-31
SKU04995,4696,4778538.859999999,2517,30,3,2022-01-01,2025-12-31
SKU04996,1164,1160297.58,641,30,3,2022-01-05,2025-12-31
SKU04997,2611,1464277.7899999998,1359,30,3,2022-01-02,2025-12-31
SKU04998,9173,10459163.75,4896,30,3,2022-01-01,2025-12-31
SKU04999,1430,453257.86,757,30,3,2022-01-01,2025-12-31
SKU05000,1305,539413.28,686,30,3,2022-01-01,2025-12-31
